W0505 15:26:45.881929 2227810 site-packages/torch/distributed/run.py:851] 
W0505 15:26:45.881929 2227810 site-packages/torch/distributed/run.py:851] *****************************************
W0505 15:26:45.881929 2227810 site-packages/torch/distributed/run.py:851] Setting OMP_NUM_THREADS environment variable for each process to be 1 in default, to avoid your system being overloaded, please further tune the variable for optimal performance in your application as needed. 
W0505 15:26:45.881929 2227810 site-packages/torch/distributed/run.py:851] *****************************************
Building datasets...
Building datasets...
Loaded 6112 usable examples from data/preference/dpo_train_top10_full_u2_lightclean.jsonl
Skipped examples: 0
Loaded 6112 usable examples from data/preference/dpo_train_top10_full_u2_lightclean.jsonl
Skipped examples: 0
Loaded 234 usable examples from data/preference/dpo_val_top10_full_u2_lightclean.jsonl
Skipped examples: 0
Train examples: 6112
Eval examples: 234
Loaded 234 usable examples from data/preference/dpo_val_top10_full_u2_lightclean.jsonl
Skipped examples: 0
Train examples: 6112
Eval examples: 234
Loading model: Qwen/Qwen2.5-7B-Instruct
[transformers] `torch_dtype` is deprecated! Use `dtype` instead!

Loading weights:   0%|          | 0/339 [00:00<?, ?it/s]
Loading weights: 100%|██████████| 339/339 [00:00<00:00, 3441.77it/s]
Loading model: Qwen/Qwen2.5-7B-Instruct
[transformers] `torch_dtype` is deprecated! Use `dtype` instead!
Dropped unsupported DPOConfig kwargs for this TRL version: ['evaluation_strategy', 'max_prompt_length', 'overwrite_output_dir']
[transformers] warmup_ratio is deprecated and will be removed in v5.2. Use `warmup_steps` instead.

Loading weights:   0%|          | 0/339 [00:00<?, ?it/s]
Loading weights: 100%|██████████| 339/339 [00:00<00:00, 3533.23it/s]
Dropped unsupported DPOConfig kwargs for this TRL version: ['evaluation_strategy', 'max_prompt_length', 'overwrite_output_dir']
[transformers] warmup_ratio is deprecated and will be removed in v5.2. Use `warmup_steps` instead.

Tokenizing train dataset:   0%|          | 0/6112 [00:00<?, ? examples/s]
Tokenizing train dataset:   0%|          | 4/6112 [00:00<03:11, 31.81 examples/s]
Tokenizing train dataset:   0%|          | 9/6112 [00:00<02:49, 35.93 examples/s]
Tokenizing train dataset:   0%|          | 13/6112 [00:00<02:46, 36.59 examples/s]
Tokenizing train dataset:   0%|          | 18/6112 [00:00<02:38, 38.40 examples/s]
Tokenizing train dataset:   0%|          | 22/6112 [00:00<02:42, 37.48 examples/s]
Tokenizing train dataset:   0%|          | 26/6112 [00:00<02:58, 34.11 examples/s]
Tokenizing train dataset:   0%|          | 30/6112 [00:00<02:56, 34.45 examples/s]
Tokenizing train dataset:   1%|          | 35/6112 [00:00<02:49, 35.75 examples/s]
Tokenizing train dataset:   1%|          | 39/6112 [00:01<02:53, 35.06 examples/s]
Tokenizing train dataset:   1%|          | 43/6112 [00:01<02:55, 34.66 examples/s]
Tokenizing train dataset:   1%|          | 47/6112 [00:01<02:58, 33.92 examples/s]
Tokenizing train dataset:   1%|          | 51/6112 [00:01<02:56, 34.30 examples/s]
Tokenizing train dataset:   1%|          | 55/6112 [00:01<02:57, 34.11 examples/s]
Tokenizing train dataset:   1%|          | 59/6112 [00:01<03:04, 32.76 examples/s]
Tokenizing train dataset:   1%|          | 63/6112 [00:01<03:12, 31.42 examples/s]
Tokenizing train dataset:   1%|          | 67/6112 [00:01<03:09, 31.85 examples/s]
Tokenizing train dataset:   1%|          | 71/6112 [00:02<03:09, 31.93 examples/s]
Tokenizing train dataset:   1%|          | 75/6112 [00:02<03:13, 31.18 examples/s]
Tokenizing train dataset:   1%|▏         | 79/6112 [00:02<03:14, 30.95 examples/s]
Tokenizing train dataset:   1%|▏         | 83/6112 [00:02<03:12, 31.40 examples/s]
Tokenizing train dataset:   1%|▏         | 87/6112 [00:02<03:09, 31.76 examples/s]
Tokenizing train dataset:   1%|▏         | 91/6112 [00:02<03:12, 31.25 examples/s]
Tokenizing train dataset:   2%|▏         | 95/6112 [00:02<03:13, 31.10 examples/s]
Tokenizing train dataset:   2%|▏         | 99/6112 [00:02<03:12, 31.27 examples/s]
Tokenizing train dataset:   2%|▏         | 103/6112 [00:03<03:10, 31.51 examples/s]
Tokenizing train dataset:   2%|▏         | 107/6112 [00:03<03:08, 31.85 examples/s]
Tokenizing train dataset:   2%|▏         | 111/6112 [00:03<03:09, 31.70 examples/s]
Tokenizing train dataset:   2%|▏         | 115/6112 [00:03<03:10, 31.55 examples/s]
Tokenizing train dataset:   2%|▏         | 119/6112 [00:03<03:07, 32.04 examples/s]
Tokenizing train dataset:   2%|▏         | 123/6112 [00:03<03:10, 31.43 examples/s]
Tokenizing train dataset:   2%|▏         | 127/6112 [00:03<03:16, 30.52 examples/s]
Tokenizing train dataset:   2%|▏         | 131/6112 [00:04<03:12, 31.14 examples/s]
Tokenizing train dataset:   2%|▏         | 135/6112 [00:04<03:05, 32.17 examples/s]
Tokenizing train dataset:   2%|▏         | 139/6112 [00:04<03:09, 31.50 examples/s]
Tokenizing train dataset:   2%|▏         | 143/6112 [00:04<03:09, 31.54 examples/s]
Tokenizing train dataset:   2%|▏         | 147/6112 [00:04<03:14, 30.61 examples/s]
Tokenizing train dataset:   2%|▏         | 151/6112 [00:04<03:21, 29.59 examples/s]
Tokenizing train dataset:   3%|▎         | 155/6112 [00:04<03:19, 29.79 examples/s]
Tokenizing train dataset:   3%|▎         | 159/6112 [00:04<03:17, 30.19 examples/s]
Tokenizing train dataset:   3%|▎         | 163/6112 [00:05<03:14, 30.55 examples/s]
Tokenizing train dataset:   3%|▎         | 167/6112 [00:05<03:16, 30.26 examples/s]
Tokenizing train dataset:   3%|▎         | 171/6112 [00:05<03:16, 30.26 examples/s]
Tokenizing train dataset:   3%|▎         | 175/6112 [00:05<03:14, 30.53 examples/s]
Tokenizing train dataset:   3%|▎         | 179/6112 [00:05<03:14, 30.56 examples/s]
Tokenizing train dataset:   3%|▎         | 183/6112 [00:05<03:14, 30.50 examples/s]
Tokenizing train dataset:   3%|▎         | 187/6112 [00:05<03:12, 30.82 examples/s]
Tokenizing train dataset:   3%|▎         | 191/6112 [00:05<03:09, 31.25 examples/s]
Tokenizing train dataset:   3%|▎         | 195/6112 [00:06<03:11, 30.91 examples/s]
Tokenizing train dataset:   3%|▎         | 199/6112 [00:06<03:09, 31.27 examples/s]
Tokenizing train dataset:   3%|▎         | 203/6112 [00:06<03:09, 31.15 examples/s]
Tokenizing train dataset:   3%|▎         | 207/6112 [00:06<03:09, 31.20 examples/s]
Tokenizing train dataset:   3%|▎         | 211/6112 [00:06<03:09, 31.21 examples/s]
Tokenizing train dataset:   4%|▎         | 215/6112 [00:06<03:10, 30.88 examples/s]
Tokenizing train dataset:   4%|▎         | 219/6112 [00:06<03:09, 31.09 examples/s]
Tokenizing train dataset:   4%|▎         | 223/6112 [00:06<03:09, 31.02 examples/s]
Tokenizing train dataset:   4%|▎         | 227/6112 [00:07<03:13, 30.34 examples/s]
Tokenizing train dataset:   4%|▍         | 231/6112 [00:07<03:13, 30.38 examples/s]
Tokenizing train dataset:   4%|▍         | 235/6112 [00:07<03:18, 29.61 examples/s]
Tokenizing train dataset:   4%|▍         | 239/6112 [00:07<03:17, 29.81 examples/s]
Tokenizing train dataset:   4%|▍         | 243/6112 [00:07<03:14, 30.22 examples/s]
Tokenizing train dataset:   4%|▍         | 247/6112 [00:07<03:13, 30.34 examples/s]
Tokenizing train dataset:   4%|▍         | 251/6112 [00:07<03:11, 30.68 examples/s]
Tokenizing train dataset:   4%|▍         | 255/6112 [00:08<03:10, 30.77 examples/s]
Tokenizing train dataset:   4%|▍         | 259/6112 [00:08<03:11, 30.49 examples/s]
Tokenizing train dataset:   4%|▍         | 263/6112 [00:08<03:06, 31.41 examples/s]
Tokenizing train dataset:   4%|▍         | 267/6112 [00:08<03:05, 31.56 examples/s]
Tokenizing train dataset:   4%|▍         | 271/6112 [00:08<03:04, 31.70 examples/s]
Tokenizing train dataset:   4%|▍         | 275/6112 [00:08<03:05, 31.44 examples/s]
Tokenizing train dataset:   5%|▍         | 279/6112 [00:08<03:04, 31.57 examples/s]
Tokenizing train dataset:   5%|▍         | 283/6112 [00:08<03:05, 31.43 examples/s]
Tokenizing train dataset:   5%|▍         | 287/6112 [00:09<03:05, 31.37 examples/s]
Tokenizing train dataset:   5%|▍         | 291/6112 [00:09<03:08, 30.84 examples/s]
Tokenizing train dataset:   5%|▍         | 295/6112 [00:09<03:08, 30.79 examples/s]
Tokenizing train dataset:   5%|▍         | 299/6112 [00:09<03:06, 31.14 examples/s]
Tokenizing train dataset:   5%|▍         | 303/6112 [00:09<03:09, 30.68 examples/s]
Tokenizing train dataset:   5%|▌         | 307/6112 [00:09<03:09, 30.68 examples/s]
Tokenizing train dataset:   5%|▌         | 311/6112 [00:09<03:05, 31.28 examples/s]
Tokenizing train dataset:   5%|▌         | 315/6112 [00:09<03:02, 31.73 examples/s]
Tokenizing train dataset:   5%|▌         | 319/6112 [00:10<03:00, 32.15 examples/s]
Tokenizing train dataset:   5%|▌         | 323/6112 [00:10<02:59, 32.32 examples/s]
Tokenizing train dataset:   5%|▌         | 327/6112 [00:10<03:01, 31.83 examples/s]
Tokenizing train dataset:   5%|▌         | 331/6112 [00:10<03:01, 31.81 examples/s]
Tokenizing train dataset:   5%|▌         | 335/6112 [00:10<03:03, 31.53 examples/s]
Tokenizing train dataset:   6%|▌         | 339/6112 [00:10<03:03, 31.39 examples/s]
Tokenizing train dataset:   6%|▌         | 343/6112 [00:10<03:02, 31.69 examples/s]
Tokenizing train dataset:   6%|▌         | 347/6112 [00:10<02:59, 32.16 examples/s]
Tokenizing train dataset:   6%|▌         | 351/6112 [00:11<03:00, 31.87 examples/s]
Tokenizing train dataset:   6%|▌         | 355/6112 [00:11<03:04, 31.27 examples/s]
Tokenizing train dataset:   6%|▌         | 359/6112 [00:11<03:02, 31.49 examples/s]
Tokenizing train dataset:   6%|▌         | 363/6112 [00:11<03:04, 31.22 examples/s]
Tokenizing train dataset:   6%|▌         | 367/6112 [00:11<03:04, 31.11 examples/s]
Tokenizing train dataset:   6%|▌         | 371/6112 [00:11<03:02, 31.38 examples/s]
Tokenizing train dataset:   6%|▌         | 375/6112 [00:11<03:04, 31.10 examples/s]
Tokenizing train dataset:   6%|▌         | 379/6112 [00:12<03:04, 31.08 examples/s]
Tokenizing train dataset:   6%|▋         | 383/6112 [00:12<03:01, 31.60 examples/s]
Tokenizing train dataset:   6%|▋         | 387/6112 [00:12<03:04, 31.09 examples/s]
Tokenizing train dataset:   6%|▋         | 391/6112 [00:12<03:03, 31.18 examples/s]
Tokenizing train dataset:   6%|▋         | 395/6112 [00:12<03:07, 30.44 examples/s]
Tokenizing train dataset:   7%|▋         | 399/6112 [00:12<03:09, 30.13 examples/s]
Tokenizing train dataset:   7%|▋         | 403/6112 [00:12<03:10, 29.97 examples/s]
Tokenizing train dataset:   7%|▋         | 407/6112 [00:12<03:05, 30.73 examples/s]
Tokenizing train dataset:   7%|▋         | 411/6112 [00:13<03:07, 30.34 examples/s]
Tokenizing train dataset:   7%|▋         | 415/6112 [00:13<03:03, 31.01 examples/s]
Tokenizing train dataset:   7%|▋         | 419/6112 [00:13<03:02, 31.25 examples/s]
Tokenizing train dataset:   7%|▋         | 423/6112 [00:13<03:06, 30.44 examples/s]
Tokenizing train dataset:   7%|▋         | 427/6112 [00:13<03:08, 30.19 examples/s]
Tokenizing train dataset:   7%|▋         | 431/6112 [00:13<03:09, 30.02 examples/s]
Tokenizing train dataset:   7%|▋         | 435/6112 [00:13<03:05, 30.61 examples/s]
Tokenizing train dataset:   7%|▋         | 439/6112 [00:13<03:05, 30.52 examples/s]
Tokenizing train dataset:   7%|▋         | 443/6112 [00:14<03:11, 29.55 examples/s]
Tokenizing train dataset:   7%|▋         | 447/6112 [00:14<03:13, 29.33 examples/s]
Tokenizing train dataset:   7%|▋         | 451/6112 [00:14<03:10, 29.78 examples/s]
Tokenizing train dataset:   7%|▋         | 455/6112 [00:14<03:09, 29.79 examples/s]
Tokenizing train dataset:   8%|▊         | 459/6112 [00:14<03:08, 30.05 examples/s]
Tokenizing train dataset:   8%|▊         | 463/6112 [00:14<03:12, 29.40 examples/s]
Tokenizing train dataset:   8%|▊         | 467/6112 [00:14<03:13, 29.11 examples/s]
Tokenizing train dataset:   8%|▊         | 471/6112 [00:15<03:10, 29.68 examples/s]
Tokenizing train dataset:   8%|▊         | 475/6112 [00:15<03:06, 30.17 examples/s]
Tokenizing train dataset:   8%|▊         | 479/6112 [00:15<03:13, 29.17 examples/s]
Tokenizing train dataset:   8%|▊         | 483/6112 [00:15<03:08, 29.86 examples/s]
Tokenizing train dataset:   8%|▊         | 487/6112 [00:15<03:07, 30.00 examples/s]
Tokenizing train dataset:   8%|▊         | 491/6112 [00:15<03:03, 30.57 examples/s]
Tokenizing train dataset:   8%|▊         | 495/6112 [00:15<03:03, 30.62 examples/s]
Tokenizing train dataset:   8%|▊         | 499/6112 [00:15<03:02, 30.71 examples/s]
Tokenizing train dataset:   8%|▊         | 503/6112 [00:16<03:01, 30.85 examples/s]
Tokenizing train dataset:   8%|▊         | 507/6112 [00:16<02:59, 31.17 examples/s]
Tokenizing train dataset:   8%|▊         | 511/6112 [00:16<02:59, 31.13 examples/s]
Tokenizing train dataset:   8%|▊         | 515/6112 [00:16<02:59, 31.22 examples/s]
Tokenizing train dataset:   8%|▊         | 519/6112 [00:16<03:01, 30.82 examples/s]
Tokenizing train dataset:   9%|▊         | 523/6112 [00:16<03:02, 30.60 examples/s]
Tokenizing train dataset:   9%|▊         | 527/6112 [00:16<03:19, 27.98 examples/s]
Tokenizing train dataset:   9%|▊         | 531/6112 [00:17<03:14, 28.74 examples/s]
Tokenizing train dataset:   9%|▉         | 535/6112 [00:17<03:10, 29.23 examples/s]
Tokenizing train dataset:   9%|▉         | 539/6112 [00:17<03:07, 29.77 examples/s]
Tokenizing train dataset:   9%|▉         | 543/6112 [00:17<03:03, 30.29 examples/s]
Tokenizing train dataset:   9%|▉         | 547/6112 [00:17<03:02, 30.49 examples/s]
Tokenizing train dataset:   9%|▉         | 551/6112 [00:17<02:59, 30.93 examples/s]
Tokenizing train dataset:   9%|▉         | 555/6112 [00:17<02:59, 30.92 examples/s]
Tokenizing train dataset:   9%|▉         | 559/6112 [00:17<02:58, 31.18 examples/s]
Tokenizing train dataset:   9%|▉         | 563/6112 [00:18<02:59, 30.95 examples/s]
Tokenizing train dataset:   9%|▉         | 567/6112 [00:18<03:00, 30.65 examples/s]
Tokenizing train dataset:   9%|▉         | 571/6112 [00:18<03:02, 30.36 examples/s]
Tokenizing train dataset:   9%|▉         | 575/6112 [00:18<03:02, 30.31 examples/s]
Tokenizing train dataset:   9%|▉         | 579/6112 [00:18<03:04, 30.04 examples/s]
Tokenizing train dataset:  10%|▉         | 583/6112 [00:18<03:07, 29.46 examples/s]
Tokenizing train dataset:  10%|▉         | 587/6112 [00:18<03:13, 28.63 examples/s]
Tokenizing train dataset:  10%|▉         | 591/6112 [00:19<03:12, 28.63 examples/s]
Tokenizing train dataset:  10%|▉         | 595/6112 [00:19<03:15, 28.19 examples/s]
Tokenizing train dataset:  10%|▉         | 599/6112 [00:19<03:08, 29.23 examples/s]
Tokenizing train dataset:  10%|▉         | 603/6112 [00:19<03:07, 29.38 examples/s]
Tokenizing train dataset:  10%|▉         | 607/6112 [00:19<03:06, 29.56 examples/s]
Tokenizing train dataset:  10%|▉         | 611/6112 [00:19<03:03, 29.93 examples/s]
Tokenizing train dataset:  10%|█         | 615/6112 [00:19<03:04, 29.82 examples/s]
Tokenizing train dataset:  10%|█         | 619/6112 [00:19<03:02, 30.06 examples/s]
Tokenizing train dataset:  10%|█         | 623/6112 [00:20<03:02, 30.15 examples/s]
Tokenizing train dataset:  10%|█         | 627/6112 [00:20<02:59, 30.50 examples/s]
Tokenizing train dataset:  10%|█         | 631/6112 [00:20<02:59, 30.51 examples/s]
Tokenizing train dataset:  10%|█         | 635/6112 [00:20<02:59, 30.50 examples/s]
Tokenizing train dataset:  10%|█         | 639/6112 [00:20<03:02, 30.01 examples/s]
Tokenizing train dataset:  11%|█         | 643/6112 [00:20<03:02, 29.93 examples/s]
Tokenizing train dataset:  11%|█         | 647/6112 [00:20<03:03, 29.86 examples/s]
Tokenizing train dataset:  11%|█         | 651/6112 [00:21<03:02, 29.95 examples/s]
Tokenizing train dataset:  11%|█         | 655/6112 [00:21<03:01, 30.01 examples/s]
Tokenizing train dataset:  11%|█         | 659/6112 [00:21<03:00, 30.16 examples/s]
Tokenizing train dataset:  11%|█         | 663/6112 [00:21<03:03, 29.65 examples/s]
Tokenizing train dataset:  11%|█         | 667/6112 [00:21<03:01, 30.08 examples/s]
Tokenizing train dataset:  11%|█         | 671/6112 [00:21<02:59, 30.29 examples/s]
Tokenizing train dataset:  11%|█         | 675/6112 [00:21<03:01, 29.90 examples/s]
Tokenizing train dataset:  11%|█         | 679/6112 [00:21<02:59, 30.21 examples/s]
Tokenizing train dataset:  11%|█         | 683/6112 [00:22<02:57, 30.52 examples/s]
Tokenizing train dataset:  11%|█         | 687/6112 [00:22<02:58, 30.39 examples/s]
Tokenizing train dataset:  11%|█▏        | 691/6112 [00:22<02:56, 30.75 examples/s]
Tokenizing train dataset:  11%|█▏        | 695/6112 [00:22<02:55, 30.83 examples/s]
Tokenizing train dataset:  11%|█▏        | 699/6112 [00:22<02:54, 31.10 examples/s]
Tokenizing train dataset:  12%|█▏        | 703/6112 [00:22<02:55, 30.79 examples/s]
Tokenizing train dataset:  12%|█▏        | 707/6112 [00:22<02:54, 30.96 examples/s]
Tokenizing train dataset:  12%|█▏        | 711/6112 [00:23<03:00, 29.99 examples/s]
Tokenizing train dataset:  12%|█▏        | 715/6112 [00:23<03:04, 29.31 examples/s]
Tokenizing train dataset:  12%|█▏        | 719/6112 [00:23<03:01, 29.78 examples/s]
Tokenizing train dataset:  12%|█▏        | 723/6112 [00:23<03:00, 29.85 examples/s]
Tokenizing train dataset:  12%|█▏        | 727/6112 [00:23<02:57, 30.29 examples/s]
Tokenizing train dataset:  12%|█▏        | 731/6112 [00:23<03:00, 29.80 examples/s]
Tokenizing train dataset:  12%|█▏        | 735/6112 [00:23<03:01, 29.60 examples/s]
Tokenizing train dataset:  12%|█▏        | 739/6112 [00:23<03:03, 29.25 examples/s]
Tokenizing train dataset:  12%|█▏        | 743/6112 [00:24<03:00, 29.67 examples/s]
Tokenizing train dataset:  12%|█▏        | 747/6112 [00:24<03:00, 29.76 examples/s]
Tokenizing train dataset:  12%|█▏        | 751/6112 [00:24<02:56, 30.35 examples/s]
Tokenizing train dataset:  12%|█▏        | 755/6112 [00:24<02:57, 30.12 examples/s]
Tokenizing train dataset:  12%|█▏        | 759/6112 [00:24<02:58, 29.94 examples/s]
Tokenizing train dataset:  12%|█▏        | 763/6112 [00:24<02:59, 29.80 examples/s]
Tokenizing train dataset:  13%|█▎        | 767/6112 [00:24<02:58, 29.93 examples/s]
Tokenizing train dataset:  13%|█▎        | 771/6112 [00:25<02:55, 30.44 examples/s]
Tokenizing train dataset:  13%|█▎        | 775/6112 [00:25<02:56, 30.32 examples/s]
Tokenizing train dataset:  13%|█▎        | 779/6112 [00:25<02:55, 30.41 examples/s]
Tokenizing train dataset:  13%|█▎        | 783/6112 [00:25<02:54, 30.62 examples/s]
Tokenizing train dataset:  13%|█▎        | 787/6112 [00:25<02:53, 30.67 examples/s]
Tokenizing train dataset:  13%|█▎        | 791/6112 [00:25<02:53, 30.69 examples/s]
Tokenizing train dataset:  13%|█▎        | 795/6112 [00:25<02:55, 30.36 examples/s]
Tokenizing train dataset:  13%|█▎        | 799/6112 [00:25<02:54, 30.42 examples/s]
Tokenizing train dataset:  13%|█▎        | 803/6112 [00:26<02:54, 30.42 examples/s]
Tokenizing train dataset:  13%|█▎        | 807/6112 [00:26<02:51, 30.99 examples/s]
Tokenizing train dataset:  13%|█▎        | 811/6112 [00:26<02:51, 30.93 examples/s]
Tokenizing train dataset:  13%|█▎        | 815/6112 [00:26<02:53, 30.52 examples/s]
Tokenizing train dataset:  13%|█▎        | 819/6112 [00:26<02:51, 30.83 examples/s]
Tokenizing train dataset:  13%|█▎        | 823/6112 [00:26<02:51, 30.88 examples/s]
Tokenizing train dataset:  14%|█▎        | 827/6112 [00:26<02:48, 31.34 examples/s]
Tokenizing train dataset:  14%|█▎        | 831/6112 [00:26<02:46, 31.71 examples/s]
Tokenizing train dataset:  14%|█▎        | 835/6112 [00:27<02:49, 31.22 examples/s]
Tokenizing train dataset:  14%|█▎        | 839/6112 [00:27<02:47, 31.41 examples/s]
Tokenizing train dataset:  14%|█▍        | 843/6112 [00:27<02:49, 31.10 examples/s]
Tokenizing train dataset:  14%|█▍        | 847/6112 [00:27<02:53, 30.39 examples/s]
Tokenizing train dataset:  14%|█▍        | 851/6112 [00:27<02:53, 30.40 examples/s]
Tokenizing train dataset:  14%|█▍        | 855/6112 [00:27<02:49, 31.02 examples/s]
Tokenizing train dataset:  14%|█▍        | 859/6112 [00:27<02:50, 30.84 examples/s]
Tokenizing train dataset:  14%|█▍        | 863/6112 [00:28<02:52, 30.40 examples/s]
Tokenizing train dataset:  14%|█▍        | 867/6112 [00:28<02:52, 30.36 examples/s]
Tokenizing train dataset:  14%|█▍        | 871/6112 [00:28<02:50, 30.72 examples/s]
Tokenizing train dataset:  14%|█▍        | 875/6112 [00:28<02:47, 31.28 examples/s]
Tokenizing train dataset:  14%|█▍        | 879/6112 [00:28<02:45, 31.56 examples/s]
Tokenizing train dataset:  14%|█▍        | 883/6112 [00:28<02:44, 31.79 examples/s]
Tokenizing train dataset:  15%|█▍        | 887/6112 [00:28<02:44, 31.70 examples/s]
Tokenizing train dataset:  15%|█▍        | 891/6112 [00:28<02:46, 31.34 examples/s]
Tokenizing train dataset:  15%|█▍        | 895/6112 [00:29<02:45, 31.47 examples/s]
Tokenizing train dataset:  15%|█▍        | 899/6112 [00:29<02:45, 31.47 examples/s]
Tokenizing train dataset:  15%|█▍        | 903/6112 [00:29<02:48, 30.96 examples/s]
Tokenizing train dataset:  15%|█▍        | 907/6112 [00:29<02:52, 30.26 examples/s]
Tokenizing train dataset:  15%|█▍        | 911/6112 [00:29<02:51, 30.29 examples/s]
Tokenizing train dataset:  15%|█▍        | 915/6112 [00:29<02:50, 30.56 examples/s]
Tokenizing train dataset:  15%|█▌        | 919/6112 [00:29<02:53, 29.85 examples/s]
Tokenizing train dataset:  15%|█▌        | 923/6112 [00:29<02:55, 29.51 examples/s]
Tokenizing train dataset:  15%|█▌        | 927/6112 [00:30<03:01, 28.53 examples/s]
Tokenizing train dataset:  15%|█▌        | 931/6112 [00:30<03:06, 27.79 examples/s]
Tokenizing train dataset:  15%|█▌        | 935/6112 [00:30<03:02, 28.34 examples/s]
Tokenizing train dataset:  15%|█▌        | 939/6112 [00:30<02:58, 28.96 examples/s]
Tokenizing train dataset:  15%|█▌        | 943/6112 [00:30<03:05, 27.88 examples/s]
Tokenizing train dataset:  15%|█▌        | 947/6112 [00:30<03:03, 28.08 examples/s]
Tokenizing train dataset:  16%|█▌        | 951/6112 [00:30<03:03, 28.05 examples/s]
Tokenizing train dataset:  16%|█▌        | 955/6112 [00:31<03:06, 27.66 examples/s]
Tokenizing train dataset:  16%|█▌        | 959/6112 [00:31<03:03, 28.02 examples/s]
Tokenizing train dataset:  16%|█▌        | 963/6112 [00:31<03:01, 28.31 examples/s]
Tokenizing train dataset:  16%|█▌        | 967/6112 [00:31<03:01, 28.34 examples/s]
Tokenizing train dataset:  16%|█▌        | 971/6112 [00:31<02:56, 29.11 examples/s]
Tokenizing train dataset:  16%|█▌        | 975/6112 [00:31<02:51, 29.87 examples/s]
Tokenizing train dataset:  16%|█▌        | 979/6112 [00:31<02:51, 29.92 examples/s]
Tokenizing train dataset:  16%|█▌        | 983/6112 [00:32<02:50, 30.01 examples/s]
Tokenizing train dataset:  16%|█▌        | 987/6112 [00:32<02:51, 29.97 examples/s]
Tokenizing train dataset:  16%|█▌        | 991/6112 [00:32<02:50, 30.12 examples/s]
Tokenizing train dataset:  16%|█▋        | 995/6112 [00:32<02:48, 30.29 examples/s]
Tokenizing train dataset:  16%|█▋        | 999/6112 [00:32<02:51, 29.88 examples/s]
Tokenizing train dataset:  16%|█▋        | 1002/6112 [00:33<08:10, 10.42 examples/s]
Tokenizing train dataset:  16%|█▋        | 1006/6112 [00:33<06:26, 13.21 examples/s]
Tokenizing train dataset:  17%|█▋        | 1010/6112 [00:33<05:19, 15.96 examples/s]
Tokenizing train dataset:  17%|█▋        | 1014/6112 [00:33<04:33, 18.67 examples/s]
Tokenizing train dataset:  17%|█▋        | 1018/6112 [00:33<03:59, 21.29 examples/s]
Tokenizing train dataset:  17%|█▋        | 1022/6112 [00:34<03:40, 23.08 examples/s]
Tokenizing train dataset:  17%|█▋        | 1026/6112 [00:34<03:28, 24.37 examples/s]
Tokenizing train dataset:  17%|█▋        | 1030/6112 [00:34<03:23, 25.02 examples/s]
Tokenizing train dataset:  17%|█▋        | 1034/6112 [00:34<03:20, 25.38 examples/s]
Tokenizing train dataset:  17%|█▋        | 1038/6112 [00:34<03:15, 25.97 examples/s]
Tokenizing train dataset:  17%|█▋        | 1042/6112 [00:34<03:13, 26.27 examples/s]
Tokenizing train dataset:  17%|█▋        | 1046/6112 [00:35<03:11, 26.49 examples/s]
Tokenizing train dataset:  17%|█▋        | 1050/6112 [00:35<03:09, 26.70 examples/s]
Tokenizing train dataset:  17%|█▋        | 1054/6112 [00:35<03:05, 27.22 examples/s]
Tokenizing train dataset:  17%|█▋        | 1058/6112 [00:35<03:06, 27.15 examples/s]
Tokenizing train dataset:  17%|█▋        | 1062/6112 [00:35<03:04, 27.32 examples/s]
Tokenizing train dataset:  17%|█▋        | 1066/6112 [00:35<03:06, 27.04 examples/s]
Tokenizing train dataset:  18%|█▊        | 1070/6112 [00:35<03:09, 26.63 examples/s]
Tokenizing train dataset:  18%|█▊        | 1074/6112 [00:36<03:07, 26.84 examples/s]
Tokenizing train dataset:  18%|█▊        | 1078/6112 [00:36<03:11, 26.31 examples/s]
Tokenizing train dataset:  18%|█▊        | 1082/6112 [00:36<03:07, 26.83 examples/s]
Tokenizing train dataset:  18%|█▊        | 1086/6112 [00:36<03:05, 27.04 examples/s]
Tokenizing train dataset:  18%|█▊        | 1090/6112 [00:36<02:58, 28.14 examples/s]
Tokenizing train dataset:  18%|█▊        | 1094/6112 [00:36<02:55, 28.58 examples/s]
Tokenizing train dataset:  18%|█▊        | 1098/6112 [00:36<02:52, 29.12 examples/s]
Tokenizing train dataset:  18%|█▊        | 1102/6112 [00:37<02:49, 29.57 examples/s]
Tokenizing train dataset:  18%|█▊        | 1106/6112 [00:37<02:48, 29.77 examples/s]
Tokenizing train dataset:  18%|█▊        | 1110/6112 [00:37<02:47, 29.85 examples/s]
Tokenizing train dataset:  18%|█▊        | 1114/6112 [00:37<02:46, 30.10 examples/s]
Tokenizing train dataset:  18%|█▊        | 1118/6112 [00:37<02:42, 30.78 examples/s]
Tokenizing train dataset:  18%|█▊        | 1122/6112 [00:37<02:41, 30.91 examples/s]
Tokenizing train dataset:  18%|█▊        | 1126/6112 [00:37<02:40, 31.16 examples/s]
Tokenizing train dataset:  18%|█▊        | 1130/6112 [00:37<02:42, 30.59 examples/s]
Tokenizing train dataset:  19%|█▊        | 1134/6112 [00:38<02:42, 30.64 examples/s]
Tokenizing train dataset:  19%|█▊        | 1138/6112 [00:38<02:45, 29.99 examples/s]
Tokenizing train dataset:  19%|█▊        | 1142/6112 [00:38<02:44, 30.22 examples/s]
Tokenizing train dataset:  19%|█▉        | 1146/6112 [00:38<02:45, 30.03 examples/s]
Tokenizing train dataset:  19%|█▉        | 1150/6112 [00:38<02:43, 30.40 examples/s]
Tokenizing train dataset:  19%|█▉        | 1154/6112 [00:38<02:41, 30.71 examples/s]
Tokenizing train dataset:  19%|█▉        | 1158/6112 [00:38<02:41, 30.65 examples/s]
Tokenizing train dataset:  19%|█▉        | 1162/6112 [00:39<02:51, 28.93 examples/s]
Tokenizing train dataset:  19%|█▉        | 1166/6112 [00:39<02:51, 28.77 examples/s]
Tokenizing train dataset:  19%|█▉        | 1170/6112 [00:39<02:50, 29.04 examples/s]
Tokenizing train dataset:  19%|█▉        | 1174/6112 [00:39<02:57, 27.82 examples/s]
Tokenizing train dataset:  19%|█▉        | 1178/6112 [00:39<02:59, 27.53 examples/s]
Tokenizing train dataset:  19%|█▉        | 1182/6112 [00:39<02:58, 27.55 examples/s]
Tokenizing train dataset:  19%|█▉        | 1186/6112 [00:39<02:55, 28.04 examples/s]
Tokenizing train dataset:  19%|█▉        | 1190/6112 [00:40<02:56, 27.91 examples/s]
Tokenizing train dataset:  20%|█▉        | 1194/6112 [00:40<02:57, 27.76 examples/s]
Tokenizing train dataset:  20%|█▉        | 1198/6112 [00:40<02:53, 28.34 examples/s]
Tokenizing train dataset:  20%|█▉        | 1202/6112 [00:40<02:49, 29.01 examples/s]
Tokenizing train dataset:  20%|█▉        | 1206/6112 [00:40<02:45, 29.62 examples/s]
Tokenizing train dataset:  20%|█▉        | 1210/6112 [00:40<02:43, 29.94 examples/s]
Tokenizing train dataset:  20%|█▉        | 1214/6112 [00:40<02:43, 29.91 examples/s]
Tokenizing train dataset:  20%|█▉        | 1218/6112 [00:40<02:43, 30.00 examples/s]
Tokenizing train dataset:  20%|█▉        | 1222/6112 [00:41<02:40, 30.42 examples/s]
Tokenizing train dataset:  20%|██        | 1226/6112 [00:41<02:38, 30.82 examples/s]
Tokenizing train dataset:  20%|██        | 1230/6112 [00:41<02:37, 30.93 examples/s]
Tokenizing train dataset:  20%|██        | 1234/6112 [00:41<02:38, 30.77 examples/s]
Tokenizing train dataset:  20%|██        | 1238/6112 [00:41<02:38, 30.84 examples/s]
Tokenizing train dataset:  20%|██        | 1242/6112 [00:41<02:38, 30.65 examples/s]
Tokenizing train dataset:  20%|██        | 1246/6112 [00:41<02:38, 30.69 examples/s]
Tokenizing train dataset:  20%|██        | 1250/6112 [00:41<02:39, 30.56 examples/s]
Tokenizing train dataset:  21%|██        | 1254/6112 [00:42<02:38, 30.60 examples/s]
Tokenizing train dataset:  21%|██        | 1258/6112 [00:42<02:38, 30.58 examples/s]
Tokenizing train dataset:  21%|██        | 1262/6112 [00:42<02:39, 30.47 examples/s]
Tokenizing train dataset:  21%|██        | 1266/6112 [00:42<02:38, 30.65 examples/s]
Tokenizing train dataset:  21%|██        | 1270/6112 [00:42<02:40, 30.24 examples/s]
Tokenizing train dataset:  21%|██        | 1274/6112 [00:42<02:43, 29.58 examples/s]
Tokenizing train dataset:  21%|██        | 1278/6112 [00:42<02:44, 29.43 examples/s]
Tokenizing train dataset:  21%|██        | 1282/6112 [00:43<02:42, 29.68 examples/s]
Tokenizing train dataset:  21%|██        | 1286/6112 [00:43<02:40, 30.03 examples/s]
Tokenizing train dataset:  21%|██        | 1290/6112 [00:43<02:38, 30.38 examples/s]
Tokenizing train dataset:  21%|██        | 1294/6112 [00:43<02:37, 30.61 examples/s]
Tokenizing train dataset:  21%|██        | 1298/6112 [00:43<02:38, 30.35 examples/s]
Tokenizing train dataset:  21%|██▏       | 1302/6112 [00:43<02:39, 30.06 examples/s]
Tokenizing train dataset:  21%|██▏       | 1306/6112 [00:43<02:39, 30.12 examples/s]
Tokenizing train dataset:  21%|██▏       | 1310/6112 [00:43<02:38, 30.29 examples/s]
Tokenizing train dataset:  21%|██▏       | 1314/6112 [00:44<02:39, 30.10 examples/s]
Tokenizing train dataset:  22%|██▏       | 1318/6112 [00:44<02:39, 30.05 examples/s]
Tokenizing train dataset:  22%|██▏       | 1322/6112 [00:44<02:38, 30.27 examples/s]
Tokenizing train dataset:  22%|██▏       | 1326/6112 [00:44<02:35, 30.75 examples/s]
Tokenizing train dataset:  22%|██▏       | 1330/6112 [00:44<02:35, 30.78 examples/s]
Tokenizing train dataset:  22%|██▏       | 1334/6112 [00:44<02:34, 30.85 examples/s]
Tokenizing train dataset:  22%|██▏       | 1338/6112 [00:44<02:43, 29.24 examples/s]
Tokenizing train dataset:  22%|██▏       | 1342/6112 [00:45<02:40, 29.74 examples/s]
Tokenizing train dataset:  22%|██▏       | 1346/6112 [00:45<02:40, 29.67 examples/s]
Tokenizing train dataset:  22%|██▏       | 1350/6112 [00:45<02:38, 29.95 examples/s]
Tokenizing train dataset:  22%|██▏       | 1354/6112 [00:45<02:38, 29.98 examples/s]
Tokenizing train dataset:  22%|██▏       | 1358/6112 [00:45<02:36, 30.45 examples/s]
Tokenizing train dataset:  22%|██▏       | 1362/6112 [00:45<02:34, 30.83 examples/s]
Tokenizing train dataset:  22%|██▏       | 1366/6112 [00:45<02:32, 31.16 examples/s]
Tokenizing train dataset:  22%|██▏       | 1370/6112 [00:45<02:33, 30.91 examples/s]
Tokenizing train dataset:  22%|██▏       | 1374/6112 [00:46<02:35, 30.53 examples/s]
Tokenizing train dataset:  23%|██▎       | 1378/6112 [00:46<02:36, 30.32 examples/s]
Tokenizing train dataset:  23%|██▎       | 1382/6112 [00:46<02:36, 30.27 examples/s]
Tokenizing train dataset:  23%|██▎       | 1386/6112 [00:46<02:36, 30.26 examples/s]
Tokenizing train dataset:  23%|██▎       | 1390/6112 [00:46<02:34, 30.65 examples/s]
Tokenizing train dataset:  23%|██▎       | 1394/6112 [00:46<02:36, 30.16 examples/s]
Tokenizing train dataset:  23%|██▎       | 1398/6112 [00:46<02:36, 30.09 examples/s]
Tokenizing train dataset:  23%|██▎       | 1402/6112 [00:47<02:36, 30.05 examples/s]
Tokenizing train dataset:  23%|██▎       | 1406/6112 [00:47<02:37, 29.94 examples/s]
Tokenizing train dataset:  23%|██▎       | 1410/6112 [00:47<02:36, 30.06 examples/s]
Tokenizing train dataset:  23%|██▎       | 1414/6112 [00:47<02:32, 30.82 examples/s]
Tokenizing train dataset:  23%|██▎       | 1418/6112 [00:47<02:30, 31.24 examples/s]
Tokenizing train dataset:  23%|██▎       | 1422/6112 [00:47<02:31, 30.90 examples/s]
Tokenizing train dataset:  23%|██▎       | 1426/6112 [00:47<02:32, 30.83 examples/s]
Tokenizing train dataset:  23%|██▎       | 1430/6112 [00:47<02:35, 30.18 examples/s]
Tokenizing train dataset:  23%|██▎       | 1434/6112 [00:48<02:34, 30.26 examples/s]
Tokenizing train dataset:  24%|██▎       | 1438/6112 [00:48<02:33, 30.35 examples/s]
Tokenizing train dataset:  24%|██▎       | 1442/6112 [00:48<02:33, 30.52 examples/s]
Tokenizing train dataset:  24%|██▎       | 1446/6112 [00:48<02:32, 30.65 examples/s]
Tokenizing train dataset:  24%|██▎       | 1450/6112 [00:48<02:31, 30.83 examples/s]
Tokenizing train dataset:  24%|██▍       | 1454/6112 [00:48<02:31, 30.80 examples/s]
Tokenizing train dataset:  24%|██▍       | 1458/6112 [00:48<02:32, 30.47 examples/s]
Tokenizing train dataset:  24%|██▍       | 1462/6112 [00:48<02:29, 31.05 examples/s]
Tokenizing train dataset:  24%|██▍       | 1466/6112 [00:49<02:31, 30.72 examples/s]
Tokenizing train dataset:  24%|██▍       | 1470/6112 [00:49<02:33, 30.31 examples/s]
Tokenizing train dataset:  24%|██▍       | 1474/6112 [00:49<02:30, 30.72 examples/s]
Tokenizing train dataset:  24%|██▍       | 1478/6112 [00:49<02:28, 31.17 examples/s]
Tokenizing train dataset:  24%|██▍       | 1482/6112 [00:49<02:28, 31.08 examples/s]
Tokenizing train dataset:  24%|██▍       | 1486/6112 [00:49<02:28, 31.10 examples/s]
Tokenizing train dataset:  24%|██▍       | 1490/6112 [00:49<02:31, 30.54 examples/s]
Tokenizing train dataset:  24%|██▍       | 1494/6112 [00:50<02:30, 30.72 examples/s]
Tokenizing train dataset:  25%|██▍       | 1498/6112 [00:50<02:29, 30.81 examples/s]
Tokenizing train dataset:  25%|██▍       | 1502/6112 [00:50<02:29, 30.91 examples/s]
Tokenizing train dataset:  25%|██▍       | 1506/6112 [00:50<02:28, 31.06 examples/s]
Tokenizing train dataset:  25%|██▍       | 1510/6112 [00:50<02:30, 30.64 examples/s]
Tokenizing train dataset:  25%|██▍       | 1514/6112 [00:50<02:27, 31.17 examples/s]
Tokenizing train dataset:  25%|██▍       | 1518/6112 [00:50<02:28, 30.94 examples/s]
Tokenizing train dataset:  25%|██▍       | 1522/6112 [00:50<02:29, 30.77 examples/s]
Tokenizing train dataset:  25%|██▍       | 1526/6112 [00:51<02:31, 30.31 examples/s]
Tokenizing train dataset:  25%|██▌       | 1530/6112 [00:51<02:30, 30.53 examples/s]
Tokenizing train dataset:  25%|██▌       | 1534/6112 [00:51<02:32, 29.99 examples/s]
Tokenizing train dataset:  25%|██▌       | 1538/6112 [00:51<02:37, 29.02 examples/s]
Tokenizing train dataset:  25%|██▌       | 1542/6112 [00:51<02:35, 29.47 examples/s]
Tokenizing train dataset:  25%|██▌       | 1546/6112 [00:51<02:34, 29.50 examples/s]
Tokenizing train dataset:  25%|██▌       | 1550/6112 [00:51<02:36, 29.06 examples/s]
Tokenizing train dataset:  25%|██▌       | 1554/6112 [00:52<02:39, 28.49 examples/s]
Tokenizing train dataset:  25%|██▌       | 1558/6112 [00:52<02:40, 28.31 examples/s]
Tokenizing train dataset:  26%|██▌       | 1562/6112 [00:52<02:45, 27.53 examples/s]
Tokenizing train dataset:  26%|██▌       | 1566/6112 [00:52<02:43, 27.86 examples/s]
Tokenizing train dataset:  26%|██▌       | 1570/6112 [00:52<02:44, 27.58 examples/s]
Tokenizing train dataset:  26%|██▌       | 1574/6112 [00:52<02:44, 27.59 examples/s]
Tokenizing train dataset:  26%|██▌       | 1578/6112 [00:52<02:43, 27.75 examples/s]
Tokenizing train dataset:  26%|██▌       | 1582/6112 [00:53<02:40, 28.25 examples/s]
Tokenizing train dataset:  26%|██▌       | 1586/6112 [00:53<02:38, 28.56 examples/s]
Tokenizing train dataset:  26%|██▌       | 1590/6112 [00:53<02:33, 29.54 examples/s]
Tokenizing train dataset:  26%|██▌       | 1594/6112 [00:53<02:32, 29.56 examples/s]
Tokenizing train dataset:  26%|██▌       | 1598/6112 [00:53<02:29, 30.24 examples/s]
Tokenizing train dataset:  26%|██▌       | 1602/6112 [00:53<02:28, 30.37 examples/s]
Tokenizing train dataset:  26%|██▋       | 1606/6112 [00:53<02:28, 30.29 examples/s]
Tokenizing train dataset:  26%|██▋       | 1610/6112 [00:53<02:27, 30.56 examples/s]
Tokenizing train dataset:  26%|██▋       | 1614/6112 [00:54<02:28, 30.35 examples/s]
Tokenizing train dataset:  26%|██▋       | 1618/6112 [00:54<02:27, 30.51 examples/s]
Tokenizing train dataset:  27%|██▋       | 1622/6112 [00:54<02:27, 30.47 examples/s]
Tokenizing train dataset:  27%|██▋       | 1626/6112 [00:54<02:29, 30.10 examples/s]
Tokenizing train dataset:  27%|██▋       | 1630/6112 [00:54<02:27, 30.48 examples/s]
Tokenizing train dataset:  27%|██▋       | 1634/6112 [00:54<02:25, 30.72 examples/s]
Tokenizing train dataset:  27%|██▋       | 1638/6112 [00:54<02:27, 30.33 examples/s]
Tokenizing train dataset:  27%|██▋       | 1642/6112 [00:55<02:31, 29.58 examples/s]
Tokenizing train dataset:  27%|██▋       | 1646/6112 [00:55<02:27, 30.35 examples/s]
Tokenizing train dataset:  27%|██▋       | 1650/6112 [00:55<02:26, 30.54 examples/s]
Tokenizing train dataset:  27%|██▋       | 1654/6112 [00:55<02:24, 30.78 examples/s]
Tokenizing train dataset:  27%|██▋       | 1658/6112 [00:55<02:25, 30.65 examples/s]
Tokenizing train dataset:  27%|██▋       | 1662/6112 [00:55<02:23, 31.08 examples/s]
Tokenizing train dataset:  27%|██▋       | 1666/6112 [00:55<02:25, 30.50 examples/s]
Tokenizing train dataset:  27%|██▋       | 1670/6112 [00:55<02:26, 30.29 examples/s]
Tokenizing train dataset:  27%|██▋       | 1674/6112 [00:56<02:29, 29.66 examples/s]
Tokenizing train dataset:  27%|██▋       | 1678/6112 [00:56<02:26, 30.20 examples/s]
Tokenizing train dataset:  28%|██▊       | 1682/6112 [00:56<02:30, 29.43 examples/s]
Tokenizing train dataset:  28%|██▊       | 1686/6112 [00:56<02:33, 28.81 examples/s]
Tokenizing train dataset:  28%|██▊       | 1690/6112 [00:56<02:36, 28.31 examples/s]
Tokenizing train dataset:  28%|██▊       | 1694/6112 [00:56<02:39, 27.71 examples/s]
Tokenizing train dataset:  28%|██▊       | 1698/6112 [00:56<02:40, 27.47 examples/s]
Tokenizing train dataset:  28%|██▊       | 1702/6112 [00:57<02:38, 27.78 examples/s]
Tokenizing train dataset:  28%|██▊       | 1706/6112 [00:57<02:39, 27.65 examples/s]
Tokenizing train dataset:  28%|██▊       | 1710/6112 [00:57<02:38, 27.85 examples/s]
Tokenizing train dataset:  28%|██▊       | 1714/6112 [00:57<02:38, 27.67 examples/s]
Tokenizing train dataset:  28%|██▊       | 1718/6112 [00:57<02:35, 28.26 examples/s]
Tokenizing train dataset:  28%|██▊       | 1722/6112 [00:57<02:31, 28.96 examples/s]
Tokenizing train dataset:  28%|██▊       | 1726/6112 [00:57<02:30, 29.12 examples/s]
Tokenizing train dataset:  28%|██▊       | 1730/6112 [00:58<02:24, 30.29 examples/s]
Tokenizing train dataset:  28%|██▊       | 1734/6112 [00:58<02:23, 30.43 examples/s]
Tokenizing train dataset:  28%|██▊       | 1738/6112 [00:58<02:25, 30.10 examples/s]
Tokenizing train dataset:  29%|██▊       | 1742/6112 [00:58<02:24, 30.17 examples/s]
Tokenizing train dataset:  29%|██▊       | 1746/6112 [00:58<02:25, 30.06 examples/s]
Tokenizing train dataset:  29%|██▊       | 1750/6112 [00:58<02:22, 30.68 examples/s]
Tokenizing train dataset:  29%|██▊       | 1754/6112 [00:58<02:21, 30.83 examples/s]
Tokenizing train dataset:  29%|██▉       | 1758/6112 [00:58<02:22, 30.65 examples/s]
Tokenizing train dataset:  29%|██▉       | 1762/6112 [00:59<02:21, 30.80 examples/s]
Tokenizing train dataset:  29%|██▉       | 1766/6112 [00:59<02:18, 31.40 examples/s]
Tokenizing train dataset:  29%|██▉       | 1770/6112 [00:59<02:17, 31.67 examples/s]
Tokenizing train dataset:  29%|██▉       | 1774/6112 [00:59<02:19, 31.10 examples/s]
Tokenizing train dataset:  29%|██▉       | 1778/6112 [00:59<02:16, 31.73 examples/s]
Tokenizing train dataset:  29%|██▉       | 1782/6112 [00:59<02:15, 32.00 examples/s]
Tokenizing train dataset:  29%|██▉       | 1786/6112 [00:59<02:15, 31.96 examples/s]
Tokenizing train dataset:  29%|██▉       | 1790/6112 [00:59<02:16, 31.68 examples/s]
Tokenizing train dataset:  29%|██▉       | 1794/6112 [01:00<02:16, 31.64 examples/s]
Tokenizing train dataset:  29%|██▉       | 1798/6112 [01:00<02:18, 31.26 examples/s]
Tokenizing train dataset:  29%|██▉       | 1802/6112 [01:00<02:17, 31.37 examples/s]
Tokenizing train dataset:  30%|██▉       | 1806/6112 [01:00<02:19, 30.89 examples/s]
Tokenizing train dataset:  30%|██▉       | 1810/6112 [01:00<02:20, 30.68 examples/s]
Tokenizing train dataset:  30%|██▉       | 1814/6112 [01:00<02:20, 30.67 examples/s]
Tokenizing train dataset:  30%|██▉       | 1818/6112 [01:00<02:19, 30.70 examples/s]
Tokenizing train dataset:  30%|██▉       | 1822/6112 [01:00<02:20, 30.47 examples/s]
Tokenizing train dataset:  30%|██▉       | 1826/6112 [01:01<02:21, 30.24 examples/s]
Tokenizing train dataset:  30%|██▉       | 1830/6112 [01:01<02:22, 30.13 examples/s]
Tokenizing train dataset:  30%|███       | 1834/6112 [01:01<02:21, 30.32 examples/s]
Tokenizing train dataset:  30%|███       | 1838/6112 [01:01<02:19, 30.57 examples/s]
Tokenizing train dataset:  30%|███       | 1842/6112 [01:01<02:19, 30.70 examples/s]
Tokenizing train dataset:  30%|███       | 1846/6112 [01:01<02:19, 30.63 examples/s]
Tokenizing train dataset:  30%|███       | 1850/6112 [01:01<02:19, 30.47 examples/s]
Tokenizing train dataset:  30%|███       | 1854/6112 [01:02<02:20, 30.32 examples/s]
Tokenizing train dataset:  30%|███       | 1858/6112 [01:02<02:18, 30.82 examples/s]
Tokenizing train dataset:  30%|███       | 1862/6112 [01:02<02:18, 30.64 examples/s]
Tokenizing train dataset:  31%|███       | 1866/6112 [01:02<02:21, 29.99 examples/s]
Tokenizing train dataset:  31%|███       | 1870/6112 [01:02<02:19, 30.42 examples/s]
Tokenizing train dataset:  31%|███       | 1874/6112 [01:02<02:20, 30.09 examples/s]
Tokenizing train dataset:  31%|███       | 1878/6112 [01:02<02:19, 30.31 examples/s]
Tokenizing train dataset:  31%|███       | 1882/6112 [01:02<02:18, 30.57 examples/s]
Tokenizing train dataset:  31%|███       | 1886/6112 [01:03<02:18, 30.56 examples/s]
Tokenizing train dataset:  31%|███       | 1890/6112 [01:03<02:16, 30.87 examples/s]
Tokenizing train dataset:  31%|███       | 1894/6112 [01:03<02:17, 30.73 examples/s]
Tokenizing train dataset:  31%|███       | 1898/6112 [01:03<02:15, 31.12 examples/s]
Tokenizing train dataset:  31%|███       | 1902/6112 [01:03<02:17, 30.67 examples/s]
Tokenizing train dataset:  31%|███       | 1906/6112 [01:03<02:21, 29.73 examples/s]
Tokenizing train dataset:  31%|███▏      | 1910/6112 [01:03<02:24, 29.05 examples/s]
Tokenizing train dataset:  31%|███▏      | 1914/6112 [01:04<02:22, 29.46 examples/s]
Tokenizing train dataset:  31%|███▏      | 1918/6112 [01:04<02:24, 29.01 examples/s]
Tokenizing train dataset:  31%|███▏      | 1922/6112 [01:04<02:24, 29.06 examples/s]
Tokenizing train dataset:  32%|███▏      | 1926/6112 [01:04<02:22, 29.47 examples/s]
Tokenizing train dataset:  32%|███▏      | 1930/6112 [01:04<02:19, 30.08 examples/s]
Tokenizing train dataset:  32%|███▏      | 1934/6112 [01:04<02:18, 30.18 examples/s]
Tokenizing train dataset:  32%|███▏      | 1938/6112 [01:04<02:17, 30.31 examples/s]
Tokenizing train dataset:  32%|███▏      | 1942/6112 [01:04<02:18, 30.19 examples/s]
Tokenizing train dataset:  32%|███▏      | 1946/6112 [01:05<02:17, 30.33 examples/s]
Tokenizing train dataset:  32%|███▏      | 1950/6112 [01:05<02:16, 30.46 examples/s]
Tokenizing train dataset:  32%|███▏      | 1954/6112 [01:05<02:15, 30.59 examples/s]
Tokenizing train dataset:  32%|███▏      | 1958/6112 [01:05<02:14, 30.95 examples/s]
Tokenizing train dataset:  32%|███▏      | 1962/6112 [01:05<02:13, 31.14 examples/s]
Tokenizing train dataset:  32%|███▏      | 1966/6112 [01:05<02:13, 31.01 examples/s]
Tokenizing train dataset:  32%|███▏      | 1970/6112 [01:05<02:15, 30.62 examples/s]
Tokenizing train dataset:  32%|███▏      | 1974/6112 [01:06<02:15, 30.59 examples/s]
Tokenizing train dataset:  32%|███▏      | 1978/6112 [01:06<02:15, 30.50 examples/s]
Tokenizing train dataset:  32%|███▏      | 1982/6112 [01:06<02:14, 30.70 examples/s]
Tokenizing train dataset:  32%|███▏      | 1986/6112 [01:06<02:14, 30.79 examples/s]
Tokenizing train dataset:  33%|███▎      | 1990/6112 [01:06<02:14, 30.73 examples/s]
Tokenizing train dataset:  33%|███▎      | 1994/6112 [01:06<02:15, 30.50 examples/s]
Tokenizing train dataset:  33%|███▎      | 1998/6112 [01:06<02:13, 30.75 examples/s]
Tokenizing train dataset:  33%|███▎      | 2002/6112 [01:07<04:08, 16.52 examples/s]
Tokenizing train dataset:  33%|███▎      | 2006/6112 [01:07<03:35, 19.05 examples/s]
Tokenizing train dataset:  33%|███▎      | 2010/6112 [01:07<03:11, 21.37 examples/s]
Tokenizing train dataset:  33%|███▎      | 2014/6112 [01:07<02:55, 23.33 examples/s]
Tokenizing train dataset:  33%|███▎      | 2018/6112 [01:07<02:43, 25.10 examples/s]
Tokenizing train dataset:  33%|███▎      | 2022/6112 [01:07<02:36, 26.12 examples/s]
Tokenizing train dataset:  33%|███▎      | 2026/6112 [01:08<02:29, 27.26 examples/s]
Tokenizing train dataset:  33%|███▎      | 2030/6112 [01:08<02:24, 28.22 examples/s]
Tokenizing train dataset:  33%|███▎      | 2034/6112 [01:08<02:22, 28.68 examples/s]
Tokenizing train dataset:  33%|███▎      | 2038/6112 [01:08<02:19, 29.27 examples/s]
Tokenizing train dataset:  33%|███▎      | 2042/6112 [01:08<02:16, 29.90 examples/s]
Tokenizing train dataset:  33%|███▎      | 2046/6112 [01:08<02:15, 29.95 examples/s]
Tokenizing train dataset:  34%|███▎      | 2050/6112 [01:08<02:18, 29.40 examples/s]
Tokenizing train dataset:  34%|███▎      | 2054/6112 [01:09<02:17, 29.45 examples/s]
Tokenizing train dataset:  34%|███▎      | 2058/6112 [01:09<02:16, 29.70 examples/s]
Tokenizing train dataset:  34%|███▎      | 2062/6112 [01:09<02:16, 29.64 examples/s]
Tokenizing train dataset:  34%|███▍      | 2066/6112 [01:09<02:14, 29.98 examples/s]
Tokenizing train dataset:  34%|███▍      | 2070/6112 [01:09<02:14, 29.95 examples/s]
Tokenizing train dataset:  34%|███▍      | 2074/6112 [01:09<02:13, 30.22 examples/s]
Tokenizing train dataset:  34%|███▍      | 2078/6112 [01:09<02:13, 30.18 examples/s]
Tokenizing train dataset:  34%|███▍      | 2082/6112 [01:09<02:12, 30.46 examples/s]
Tokenizing train dataset:  34%|███▍      | 2086/6112 [01:10<02:11, 30.59 examples/s]
Tokenizing train dataset:  34%|███▍      | 2090/6112 [01:10<02:11, 30.59 examples/s]
Tokenizing train dataset:  34%|███▍      | 2094/6112 [01:10<02:12, 30.35 examples/s]
Tokenizing train dataset:  34%|███▍      | 2098/6112 [01:10<02:11, 30.55 examples/s]
Tokenizing train dataset:  34%|███▍      | 2102/6112 [01:10<02:09, 30.94 examples/s]
Tokenizing train dataset:  34%|███▍      | 2106/6112 [01:10<02:07, 31.51 examples/s]
Tokenizing train dataset:  35%|███▍      | 2110/6112 [01:10<02:06, 31.61 examples/s]
Tokenizing train dataset:  35%|███▍      | 2114/6112 [01:10<02:07, 31.40 examples/s]
Tokenizing train dataset:  35%|███▍      | 2118/6112 [01:11<02:08, 31.14 examples/s]
Tokenizing train dataset:  35%|███▍      | 2122/6112 [01:11<02:08, 31.02 examples/s]
Tokenizing train dataset:  35%|███▍      | 2126/6112 [01:11<02:06, 31.42 examples/s]
Tokenizing train dataset:  35%|███▍      | 2130/6112 [01:11<02:07, 31.34 examples/s]
Tokenizing train dataset:  35%|███▍      | 2134/6112 [01:11<02:07, 31.11 examples/s]
Tokenizing train dataset:  35%|███▍      | 2138/6112 [01:11<02:09, 30.67 examples/s]
Tokenizing train dataset:  35%|███▌      | 2142/6112 [01:11<02:09, 30.72 examples/s]
Tokenizing train dataset:  35%|███▌      | 2146/6112 [01:12<02:07, 31.08 examples/s]
Tokenizing train dataset:  35%|███▌      | 2150/6112 [01:12<02:07, 30.97 examples/s]
Tokenizing train dataset:  35%|███▌      | 2154/6112 [01:12<02:07, 31.02 examples/s]
Tokenizing train dataset:  35%|███▌      | 2158/6112 [01:12<02:07, 31.05 examples/s]
Tokenizing train dataset:  35%|███▌      | 2162/6112 [01:12<02:07, 30.87 examples/s]
Tokenizing train dataset:  35%|███▌      | 2166/6112 [01:12<02:08, 30.75 examples/s]
Tokenizing train dataset:  36%|███▌      | 2170/6112 [01:12<02:07, 30.82 examples/s]
Tokenizing train dataset:  36%|███▌      | 2174/6112 [01:12<02:07, 30.94 examples/s]
Tokenizing train dataset:  36%|███▌      | 2178/6112 [01:13<02:05, 31.23 examples/s]
Tokenizing train dataset:  36%|███▌      | 2182/6112 [01:13<02:06, 31.11 examples/s]
Tokenizing train dataset:  36%|███▌      | 2186/6112 [01:13<02:04, 31.49 examples/s]
Tokenizing train dataset:  36%|███▌      | 2190/6112 [01:13<02:02, 31.90 examples/s]
Tokenizing train dataset:  36%|███▌      | 2194/6112 [01:13<02:04, 31.59 examples/s]
Tokenizing train dataset:  36%|███▌      | 2198/6112 [01:13<02:03, 31.65 examples/s]
Tokenizing train dataset:  36%|███▌      | 2202/6112 [01:13<02:06, 30.93 examples/s]
Tokenizing train dataset:  36%|███▌      | 2206/6112 [01:13<02:04, 31.35 examples/s]
Tokenizing train dataset:  36%|███▌      | 2210/6112 [01:14<02:03, 31.65 examples/s]
Tokenizing train dataset:  36%|███▌      | 2214/6112 [01:14<02:02, 31.90 examples/s]
Tokenizing train dataset:  36%|███▋      | 2218/6112 [01:14<02:04, 31.33 examples/s]
Tokenizing train dataset:  36%|███▋      | 2222/6112 [01:14<02:03, 31.45 examples/s]
Tokenizing train dataset:  36%|███▋      | 2226/6112 [01:14<02:04, 31.13 examples/s]
Tokenizing train dataset:  36%|███▋      | 2230/6112 [01:14<02:05, 31.00 examples/s]
Tokenizing train dataset:  37%|███▋      | 2234/6112 [01:14<02:05, 30.95 examples/s]
Tokenizing train dataset:  37%|███▋      | 2238/6112 [01:14<02:05, 30.80 examples/s]
Tokenizing train dataset:  37%|███▋      | 2242/6112 [01:15<02:04, 31.19 examples/s]
Tokenizing train dataset:  37%|███▋      | 2246/6112 [01:15<02:03, 31.21 examples/s]
Tokenizing train dataset:  37%|███▋      | 2250/6112 [01:15<02:03, 31.30 examples/s]
Tokenizing train dataset:  37%|███▋      | 2254/6112 [01:15<02:03, 31.37 examples/s]
Tokenizing train dataset:  37%|███▋      | 2258/6112 [01:15<02:03, 31.23 examples/s]
Tokenizing train dataset:  37%|███▋      | 2262/6112 [01:15<02:02, 31.50 examples/s]
Tokenizing train dataset:  37%|███▋      | 2266/6112 [01:15<02:02, 31.36 examples/s]
Tokenizing train dataset:  37%|███▋      | 2270/6112 [01:15<02:04, 30.86 examples/s]
Tokenizing train dataset:  37%|███▋      | 2274/6112 [01:16<02:04, 30.90 examples/s]
Tokenizing train dataset:  37%|███▋      | 2278/6112 [01:16<02:03, 31.12 examples/s]
Tokenizing train dataset:  37%|███▋      | 2282/6112 [01:16<02:03, 31.05 examples/s]
Tokenizing train dataset:  37%|███▋      | 2286/6112 [01:16<02:00, 31.66 examples/s]
Tokenizing train dataset:  37%|███▋      | 2290/6112 [01:16<02:02, 31.27 examples/s]
Tokenizing train dataset:  38%|███▊      | 2294/6112 [01:16<02:01, 31.44 examples/s]
Tokenizing train dataset:  38%|███▊      | 2298/6112 [01:16<02:03, 30.96 examples/s]
Tokenizing train dataset:  38%|███▊      | 2302/6112 [01:17<02:04, 30.71 examples/s]
Tokenizing train dataset:  38%|███▊      | 2306/6112 [01:17<02:04, 30.63 examples/s]
Tokenizing train dataset:  38%|███▊      | 2310/6112 [01:17<02:04, 30.42 examples/s]
Tokenizing train dataset:  38%|███▊      | 2314/6112 [01:17<02:03, 30.75 examples/s]
Tokenizing train dataset:  38%|███▊      | 2318/6112 [01:17<02:03, 30.77 examples/s]
Tokenizing train dataset:  38%|███▊      | 2322/6112 [01:17<02:02, 30.88 examples/s]
Tokenizing train dataset:  38%|███▊      | 2326/6112 [01:17<02:02, 30.79 examples/s]
Tokenizing train dataset:  38%|███▊      | 2330/6112 [01:17<02:03, 30.63 examples/s]
Tokenizing train dataset:  38%|███▊      | 2334/6112 [01:18<02:02, 30.77 examples/s]
Tokenizing train dataset:  38%|███▊      | 2338/6112 [01:18<02:02, 30.71 examples/s]
Tokenizing train dataset:  38%|███▊      | 2342/6112 [01:18<02:02, 30.79 examples/s]
Tokenizing train dataset:  38%|███▊      | 2346/6112 [01:18<02:02, 30.65 examples/s]
Tokenizing train dataset:  38%|███▊      | 2350/6112 [01:18<02:02, 30.80 examples/s]
Tokenizing train dataset:  39%|███▊      | 2354/6112 [01:18<02:01, 30.82 examples/s]
Tokenizing train dataset:  39%|███▊      | 2358/6112 [01:18<02:02, 30.65 examples/s]
Tokenizing train dataset:  39%|███▊      | 2362/6112 [01:18<02:00, 31.06 examples/s]
Tokenizing train dataset:  39%|███▊      | 2366/6112 [01:19<02:00, 31.00 examples/s]
Tokenizing train dataset:  39%|███▉      | 2370/6112 [01:19<02:00, 31.06 examples/s]
Tokenizing train dataset:  39%|███▉      | 2374/6112 [01:19<02:00, 30.98 examples/s]
Tokenizing train dataset:  39%|███▉      | 2378/6112 [01:19<02:02, 30.58 examples/s]
Tokenizing train dataset:  39%|███▉      | 2382/6112 [01:19<02:00, 30.93 examples/s]
Tokenizing train dataset:  39%|███▉      | 2386/6112 [01:19<02:00, 30.91 examples/s]
Tokenizing train dataset:  39%|███▉      | 2390/6112 [01:19<01:58, 31.31 examples/s]
Tokenizing train dataset:  39%|███▉      | 2394/6112 [01:19<01:58, 31.49 examples/s]
Tokenizing train dataset:  39%|███▉      | 2398/6112 [01:20<01:56, 31.78 examples/s]
Tokenizing train dataset:  39%|███▉      | 2402/6112 [01:20<01:55, 32.08 examples/s]
Tokenizing train dataset:  39%|███▉      | 2406/6112 [01:20<01:57, 31.53 examples/s]
Tokenizing train dataset:  39%|███▉      | 2410/6112 [01:20<01:58, 31.32 examples/s]
Tokenizing train dataset:  39%|███▉      | 2414/6112 [01:20<01:57, 31.37 examples/s]
Tokenizing train dataset:  40%|███▉      | 2418/6112 [01:20<01:57, 31.46 examples/s]
Tokenizing train dataset:  40%|███▉      | 2422/6112 [01:20<01:56, 31.60 examples/s]
Tokenizing train dataset:  40%|███▉      | 2426/6112 [01:21<01:57, 31.40 examples/s]
Tokenizing train dataset:  40%|███▉      | 2430/6112 [01:21<01:56, 31.67 examples/s]
Tokenizing train dataset:  40%|███▉      | 2434/6112 [01:21<01:57, 31.40 examples/s]
Tokenizing train dataset:  40%|███▉      | 2438/6112 [01:21<01:58, 30.93 examples/s]
Tokenizing train dataset:  40%|███▉      | 2442/6112 [01:21<01:58, 30.86 examples/s]
Tokenizing train dataset:  40%|████      | 2446/6112 [01:21<01:57, 31.27 examples/s]
Tokenizing train dataset:  40%|████      | 2450/6112 [01:21<01:57, 31.14 examples/s]
Tokenizing train dataset:  40%|████      | 2454/6112 [01:21<01:56, 31.39 examples/s]
Tokenizing train dataset:  40%|████      | 2458/6112 [01:22<01:57, 31.22 examples/s]
Tokenizing train dataset:  40%|████      | 2462/6112 [01:22<01:58, 30.89 examples/s]
Tokenizing train dataset:  40%|████      | 2466/6112 [01:22<01:58, 30.89 examples/s]
Tokenizing train dataset:  40%|████      | 2470/6112 [01:22<01:57, 30.95 examples/s]
Tokenizing train dataset:  40%|████      | 2474/6112 [01:22<01:57, 31.01 examples/s]
Tokenizing train dataset:  41%|████      | 2478/6112 [01:22<01:56, 31.24 examples/s]
Tokenizing train dataset:  41%|████      | 2482/6112 [01:22<01:57, 30.94 examples/s]
Tokenizing train dataset:  41%|████      | 2486/6112 [01:22<01:57, 30.91 examples/s]
Tokenizing train dataset:  41%|████      | 2490/6112 [01:23<01:55, 31.45 examples/s]
Tokenizing train dataset:  41%|████      | 2494/6112 [01:23<01:56, 31.15 examples/s]
Tokenizing train dataset:  41%|████      | 2498/6112 [01:23<01:56, 31.12 examples/s]
Tokenizing train dataset:  41%|████      | 2502/6112 [01:23<01:57, 30.85 examples/s]
Tokenizing train dataset:  41%|████      | 2506/6112 [01:23<01:58, 30.34 examples/s]
Tokenizing train dataset:  41%|████      | 2510/6112 [01:23<01:59, 30.14 examples/s]
Tokenizing train dataset:  41%|████      | 2514/6112 [01:23<01:59, 30.01 examples/s]
Tokenizing train dataset:  41%|████      | 2518/6112 [01:23<01:59, 29.95 examples/s]
Tokenizing train dataset:  41%|████▏     | 2522/6112 [01:24<01:59, 30.06 examples/s]
Tokenizing train dataset:  41%|████▏     | 2526/6112 [01:24<01:58, 30.30 examples/s]
Tokenizing train dataset:  41%|████▏     | 2530/6112 [01:24<01:57, 30.44 examples/s]
Tokenizing train dataset:  41%|████▏     | 2534/6112 [01:24<01:57, 30.54 examples/s]
Tokenizing train dataset:  42%|████▏     | 2538/6112 [01:24<02:00, 29.67 examples/s]
Tokenizing train dataset:  42%|████▏     | 2542/6112 [01:24<01:58, 30.07 examples/s]
Tokenizing train dataset:  42%|████▏     | 2546/6112 [01:24<01:58, 30.16 examples/s]
Tokenizing train dataset:  42%|████▏     | 2550/6112 [01:25<01:58, 29.94 examples/s]
Tokenizing train dataset:  42%|████▏     | 2554/6112 [01:25<01:59, 29.81 examples/s]
Tokenizing train dataset:  42%|████▏     | 2558/6112 [01:25<01:59, 29.81 examples/s]
Tokenizing train dataset:  42%|████▏     | 2562/6112 [01:25<01:57, 30.15 examples/s]
Tokenizing train dataset:  42%|████▏     | 2566/6112 [01:25<01:57, 30.05 examples/s]
Tokenizing train dataset:  42%|████▏     | 2570/6112 [01:25<01:57, 30.11 examples/s]
Tokenizing train dataset:  42%|████▏     | 2574/6112 [01:25<01:58, 29.74 examples/s]
Tokenizing train dataset:  42%|████▏     | 2578/6112 [01:25<01:58, 29.70 examples/s]
Tokenizing train dataset:  42%|████▏     | 2582/6112 [01:26<01:58, 29.75 examples/s]
Tokenizing train dataset:  42%|████▏     | 2586/6112 [01:26<01:56, 30.28 examples/s]
Tokenizing train dataset:  42%|████▏     | 2590/6112 [01:26<01:54, 30.67 examples/s]
Tokenizing train dataset:  42%|████▏     | 2594/6112 [01:26<01:54, 30.82 examples/s]
Tokenizing train dataset:  43%|████▎     | 2598/6112 [01:26<01:54, 30.65 examples/s]
Tokenizing train dataset:  43%|████▎     | 2602/6112 [01:26<01:54, 30.62 examples/s]
Tokenizing train dataset:  43%|████▎     | 2606/6112 [01:26<01:55, 30.25 examples/s]
Tokenizing train dataset:  43%|████▎     | 2610/6112 [01:27<01:55, 30.32 examples/s]
Tokenizing train dataset:  43%|████▎     | 2614/6112 [01:27<01:56, 30.15 examples/s]
Tokenizing train dataset:  43%|████▎     | 2618/6112 [01:27<01:55, 30.15 examples/s]
Tokenizing train dataset:  43%|████▎     | 2622/6112 [01:27<01:55, 30.12 examples/s]
Tokenizing train dataset:  43%|████▎     | 2626/6112 [01:27<01:55, 30.07 examples/s]
Tokenizing train dataset:  43%|████▎     | 2630/6112 [01:27<01:54, 30.45 examples/s]
Tokenizing train dataset:  43%|████▎     | 2634/6112 [01:27<01:54, 30.31 examples/s]
Tokenizing train dataset:  43%|████▎     | 2638/6112 [01:27<01:55, 30.20 examples/s]
Tokenizing train dataset:  43%|████▎     | 2642/6112 [01:28<01:55, 30.10 examples/s]
Tokenizing train dataset:  43%|████▎     | 2646/6112 [01:28<01:55, 30.03 examples/s]
Tokenizing train dataset:  43%|████▎     | 2650/6112 [01:28<01:54, 30.26 examples/s]
Tokenizing train dataset:  43%|████▎     | 2654/6112 [01:28<01:53, 30.45 examples/s]
Tokenizing train dataset:  43%|████▎     | 2658/6112 [01:28<01:55, 29.92 examples/s]
Tokenizing train dataset:  44%|████▎     | 2662/6112 [01:28<01:53, 30.40 examples/s]
Tokenizing train dataset:  44%|████▎     | 2666/6112 [01:28<01:54, 30.21 examples/s]
Tokenizing train dataset:  44%|████▎     | 2670/6112 [01:29<01:55, 29.88 examples/s]
Tokenizing train dataset:  44%|████▍     | 2674/6112 [01:29<01:55, 29.74 examples/s]
Tokenizing train dataset:  44%|████▍     | 2678/6112 [01:29<01:56, 29.36 examples/s]
Tokenizing train dataset:  44%|████▍     | 2682/6112 [01:29<01:56, 29.38 examples/s]
Tokenizing train dataset:  44%|████▍     | 2686/6112 [01:29<01:55, 29.65 examples/s]
Tokenizing train dataset:  44%|████▍     | 2690/6112 [01:29<01:54, 29.86 examples/s]
Tokenizing train dataset:  44%|████▍     | 2694/6112 [01:29<01:54, 29.96 examples/s]
Tokenizing train dataset:  44%|████▍     | 2698/6112 [01:29<01:52, 30.26 examples/s]
Tokenizing train dataset:  44%|████▍     | 2702/6112 [01:30<01:51, 30.61 examples/s]
Tokenizing train dataset:  44%|████▍     | 2706/6112 [01:30<01:50, 30.91 examples/s]
Tokenizing train dataset:  44%|████▍     | 2710/6112 [01:30<01:49, 31.17 examples/s]
Tokenizing train dataset:  44%|████▍     | 2714/6112 [01:30<01:47, 31.54 examples/s]
Tokenizing train dataset:  44%|████▍     | 2718/6112 [01:30<01:49, 31.03 examples/s]
Tokenizing train dataset:  45%|████▍     | 2722/6112 [01:30<01:51, 30.36 examples/s]
Tokenizing train dataset:  45%|████▍     | 2726/6112 [01:30<01:50, 30.61 examples/s]
Tokenizing train dataset:  45%|████▍     | 2730/6112 [01:31<01:50, 30.61 examples/s]
Tokenizing train dataset:  45%|████▍     | 2734/6112 [01:31<01:51, 30.20 examples/s]
Tokenizing train dataset:  45%|████▍     | 2738/6112 [01:31<01:51, 30.30 examples/s]
Tokenizing train dataset:  45%|████▍     | 2742/6112 [01:31<01:49, 30.64 examples/s]
Tokenizing train dataset:  45%|████▍     | 2746/6112 [01:31<01:49, 30.81 examples/s]
Tokenizing train dataset:  45%|████▍     | 2750/6112 [01:31<01:50, 30.39 examples/s]
Tokenizing train dataset:  45%|████▌     | 2754/6112 [01:31<01:49, 30.74 examples/s]
Tokenizing train dataset:  45%|████▌     | 2758/6112 [01:31<01:49, 30.58 examples/s]
Tokenizing train dataset:  45%|████▌     | 2762/6112 [01:32<01:47, 31.06 examples/s]
Tokenizing train dataset:  45%|████▌     | 2766/6112 [01:32<01:47, 31.09 examples/s]
Tokenizing train dataset:  45%|████▌     | 2770/6112 [01:32<01:49, 30.49 examples/s]
Tokenizing train dataset:  45%|████▌     | 2774/6112 [01:32<01:49, 30.35 examples/s]
Tokenizing train dataset:  45%|████▌     | 2778/6112 [01:32<01:48, 30.59 examples/s]
Tokenizing train dataset:  46%|████▌     | 2782/6112 [01:32<01:49, 30.54 examples/s]
Tokenizing train dataset:  46%|████▌     | 2786/6112 [01:32<01:49, 30.45 examples/s]
Tokenizing train dataset:  46%|████▌     | 2790/6112 [01:32<01:48, 30.69 examples/s]
Tokenizing train dataset:  46%|████▌     | 2794/6112 [01:33<01:48, 30.61 examples/s]
Tokenizing train dataset:  46%|████▌     | 2798/6112 [01:33<01:48, 30.58 examples/s]
Tokenizing train dataset:  46%|████▌     | 2802/6112 [01:33<01:49, 30.36 examples/s]
Tokenizing train dataset:  46%|████▌     | 2806/6112 [01:33<01:50, 29.99 examples/s]
Tokenizing train dataset:  46%|████▌     | 2810/6112 [01:33<01:49, 30.12 examples/s]
Tokenizing train dataset:  46%|████▌     | 2814/6112 [01:33<01:50, 29.91 examples/s]
Tokenizing train dataset:  46%|████▌     | 2818/6112 [01:33<01:49, 30.21 examples/s]
Tokenizing train dataset:  46%|████▌     | 2822/6112 [01:34<01:48, 30.36 examples/s]
Tokenizing train dataset:  46%|████▌     | 2826/6112 [01:34<01:48, 30.29 examples/s]
Tokenizing train dataset:  46%|████▋     | 2830/6112 [01:34<01:47, 30.57 examples/s]
Tokenizing train dataset:  46%|████▋     | 2834/6112 [01:34<01:47, 30.59 examples/s]
Tokenizing train dataset:  46%|████▋     | 2838/6112 [01:34<01:47, 30.37 examples/s]
Tokenizing train dataset:  46%|████▋     | 2842/6112 [01:34<01:47, 30.39 examples/s]
Tokenizing train dataset:  47%|████▋     | 2846/6112 [01:34<01:47, 30.47 examples/s]
Tokenizing train dataset:  47%|████▋     | 2850/6112 [01:34<01:46, 30.59 examples/s]
Tokenizing train dataset:  47%|████▋     | 2854/6112 [01:35<01:45, 30.90 examples/s]
Tokenizing train dataset:  47%|████▋     | 2858/6112 [01:35<01:46, 30.60 examples/s]
Tokenizing train dataset:  47%|████▋     | 2862/6112 [01:35<01:46, 30.47 examples/s]
Tokenizing train dataset:  47%|████▋     | 2866/6112 [01:35<01:48, 29.90 examples/s]
Tokenizing train dataset:  47%|████▋     | 2870/6112 [01:35<01:45, 30.71 examples/s]
Tokenizing train dataset:  47%|████▋     | 2874/6112 [01:35<01:46, 30.37 examples/s]
Tokenizing train dataset:  47%|████▋     | 2878/6112 [01:35<01:45, 30.74 examples/s]
Tokenizing train dataset:  47%|████▋     | 2882/6112 [01:35<01:44, 30.79 examples/s]
Tokenizing train dataset:  47%|████▋     | 2886/6112 [01:36<01:45, 30.53 examples/s]
Tokenizing train dataset:  47%|████▋     | 2890/6112 [01:36<01:45, 30.51 examples/s]
Tokenizing train dataset:  47%|████▋     | 2894/6112 [01:36<01:45, 30.59 examples/s]
Tokenizing train dataset:  47%|████▋     | 2898/6112 [01:36<01:44, 30.62 examples/s]
Tokenizing train dataset:  47%|████▋     | 2902/6112 [01:36<01:44, 30.75 examples/s]
Tokenizing train dataset:  48%|████▊     | 2906/6112 [01:36<01:45, 30.37 examples/s]
Tokenizing train dataset:  48%|████▊     | 2910/6112 [01:36<01:45, 30.42 examples/s]
Tokenizing train dataset:  48%|████▊     | 2914/6112 [01:37<01:45, 30.31 examples/s]
Tokenizing train dataset:  48%|████▊     | 2918/6112 [01:37<01:45, 30.35 examples/s]
Tokenizing train dataset:  48%|████▊     | 2922/6112 [01:37<01:43, 30.85 examples/s]
Tokenizing train dataset:  48%|████▊     | 2926/6112 [01:37<01:43, 30.75 examples/s]
Tokenizing train dataset:  48%|████▊     | 2930/6112 [01:37<01:46, 29.92 examples/s]
Tokenizing train dataset:  48%|████▊     | 2934/6112 [01:37<01:47, 29.68 examples/s]
Tokenizing train dataset:  48%|████▊     | 2938/6112 [01:37<01:46, 29.83 examples/s]
Tokenizing train dataset:  48%|████▊     | 2942/6112 [01:37<01:50, 28.79 examples/s]
Tokenizing train dataset:  48%|████▊     | 2946/6112 [01:38<01:49, 28.82 examples/s]
Tokenizing train dataset:  48%|████▊     | 2950/6112 [01:38<01:46, 29.60 examples/s]
Tokenizing train dataset:  48%|████▊     | 2954/6112 [01:38<01:46, 29.54 examples/s]
Tokenizing train dataset:  48%|████▊     | 2958/6112 [01:38<01:47, 29.44 examples/s]
Tokenizing train dataset:  48%|████▊     | 2962/6112 [01:38<01:48, 28.93 examples/s]
Tokenizing train dataset:  49%|████▊     | 2966/6112 [01:38<01:48, 28.87 examples/s]
Tokenizing train dataset:  49%|████▊     | 2970/6112 [01:38<01:47, 29.32 examples/s]
Tokenizing train dataset:  49%|████▊     | 2974/6112 [01:39<01:45, 29.70 examples/s]
Tokenizing train dataset:  49%|████▊     | 2978/6112 [01:39<01:43, 30.24 examples/s]
Tokenizing train dataset:  49%|████▉     | 2982/6112 [01:39<01:44, 29.97 examples/s]
Tokenizing train dataset:  49%|████▉     | 2986/6112 [01:39<01:42, 30.64 examples/s]
Tokenizing train dataset:  49%|████▉     | 2990/6112 [01:39<01:42, 30.57 examples/s]
Tokenizing train dataset:  49%|████▉     | 2994/6112 [01:39<01:41, 30.70 examples/s]
Tokenizing train dataset:  49%|████▉     | 2998/6112 [01:39<01:41, 30.63 examples/s]
Tokenizing train dataset:  49%|████▉     | 3002/6112 [01:40<02:55, 17.71 examples/s]
Tokenizing train dataset:  49%|████▉     | 3006/6112 [01:40<02:33, 20.24 examples/s]
Tokenizing train dataset:  49%|████▉     | 3010/6112 [01:40<02:17, 22.51 examples/s]
Tokenizing train dataset:  49%|████▉     | 3014/6112 [01:40<02:08, 24.14 examples/s]
Tokenizing train dataset:  49%|████▉     | 3018/6112 [01:40<02:00, 25.73 examples/s]
Tokenizing train dataset:  49%|████▉     | 3022/6112 [01:40<01:55, 26.73 examples/s]
Tokenizing train dataset:  50%|████▉     | 3026/6112 [01:41<01:52, 27.44 examples/s]
Tokenizing train dataset:  50%|████▉     | 3030/6112 [01:41<01:49, 28.12 examples/s]
Tokenizing train dataset:  50%|████▉     | 3034/6112 [01:41<01:47, 28.58 examples/s]
Tokenizing train dataset:  50%|████▉     | 3038/6112 [01:41<01:45, 29.12 examples/s]
Tokenizing train dataset:  50%|████▉     | 3042/6112 [01:41<01:44, 29.47 examples/s]
Tokenizing train dataset:  50%|████▉     | 3046/6112 [01:41<01:42, 29.77 examples/s]
Tokenizing train dataset:  50%|████▉     | 3050/6112 [01:41<01:42, 30.00 examples/s]
Tokenizing train dataset:  50%|████▉     | 3054/6112 [01:42<01:42, 29.82 examples/s]
Tokenizing train dataset:  50%|█████     | 3058/6112 [01:42<01:41, 29.95 examples/s]
Tokenizing train dataset:  50%|█████     | 3062/6112 [01:42<01:41, 30.13 examples/s]
Tokenizing train dataset:  50%|█████     | 3066/6112 [01:42<01:41, 30.13 examples/s]
Tokenizing train dataset:  50%|█████     | 3070/6112 [01:42<01:43, 29.52 examples/s]
Tokenizing train dataset:  50%|█████     | 3074/6112 [01:42<01:42, 29.76 examples/s]
Tokenizing train dataset:  50%|█████     | 3078/6112 [01:42<01:41, 29.96 examples/s]
Tokenizing train dataset:  50%|█████     | 3082/6112 [01:42<01:39, 30.53 examples/s]
Tokenizing train dataset:  50%|█████     | 3086/6112 [01:43<01:39, 30.29 examples/s]
Tokenizing train dataset:  51%|█████     | 3090/6112 [01:43<01:40, 30.21 examples/s]
Tokenizing train dataset:  51%|█████     | 3094/6112 [01:43<01:39, 30.19 examples/s]
Tokenizing train dataset:  51%|█████     | 3098/6112 [01:43<01:37, 30.81 examples/s]
Tokenizing train dataset:  51%|█████     | 3102/6112 [01:43<01:36, 31.09 examples/s]
Tokenizing train dataset:  51%|█████     | 3106/6112 [01:43<01:36, 31.10 examples/s]
Tokenizing train dataset:  51%|█████     | 3110/6112 [01:43<01:35, 31.59 examples/s]
Tokenizing train dataset:  51%|█████     | 3114/6112 [01:43<01:34, 31.68 examples/s]
Tokenizing train dataset:  51%|█████     | 3118/6112 [01:44<01:35, 31.33 examples/s]
Tokenizing train dataset:  51%|█████     | 3122/6112 [01:44<01:34, 31.59 examples/s]
Tokenizing train dataset:  51%|█████     | 3126/6112 [01:44<01:34, 31.52 examples/s]
Tokenizing train dataset:  51%|█████     | 3130/6112 [01:44<01:35, 31.23 examples/s]
Tokenizing train dataset:  51%|█████▏    | 3134/6112 [01:44<01:35, 31.29 examples/s]
Tokenizing train dataset:  51%|█████▏    | 3138/6112 [01:44<01:36, 30.69 examples/s]
Tokenizing train dataset:  51%|█████▏    | 3142/6112 [01:44<01:38, 30.21 examples/s]
Tokenizing train dataset:  51%|█████▏    | 3146/6112 [01:45<01:37, 30.57 examples/s]
Tokenizing train dataset:  52%|█████▏    | 3150/6112 [01:45<01:36, 30.54 examples/s]
Tokenizing train dataset:  52%|█████▏    | 3154/6112 [01:45<01:36, 30.68 examples/s]
Tokenizing train dataset:  52%|█████▏    | 3158/6112 [01:45<01:35, 30.88 examples/s]
Tokenizing train dataset:  52%|█████▏    | 3162/6112 [01:45<01:34, 31.11 examples/s]
Tokenizing train dataset:  52%|█████▏    | 3166/6112 [01:45<01:34, 31.26 examples/s]
Tokenizing train dataset:  52%|█████▏    | 3170/6112 [01:45<01:34, 31.27 examples/s]
Tokenizing train dataset:  52%|█████▏    | 3174/6112 [01:45<01:32, 31.77 examples/s]
Tokenizing train dataset:  52%|█████▏    | 3178/6112 [01:46<01:33, 31.48 examples/s]
Tokenizing train dataset:  52%|█████▏    | 3182/6112 [01:46<01:32, 31.74 examples/s]
Tokenizing train dataset:  52%|█████▏    | 3186/6112 [01:46<01:33, 31.31 examples/s]
Tokenizing train dataset:  52%|█████▏    | 3190/6112 [01:46<01:33, 31.25 examples/s]
Tokenizing train dataset:  52%|█████▏    | 3194/6112 [01:46<01:33, 31.15 examples/s]
Tokenizing train dataset:  52%|█████▏    | 3198/6112 [01:46<01:32, 31.37 examples/s]
Tokenizing train dataset:  52%|█████▏    | 3202/6112 [01:46<01:32, 31.35 examples/s]
Tokenizing train dataset:  52%|█████▏    | 3206/6112 [01:46<01:31, 31.84 examples/s]
Tokenizing train dataset:  53%|█████▎    | 3210/6112 [01:47<01:32, 31.49 examples/s]
Tokenizing train dataset:  53%|█████▎    | 3214/6112 [01:47<01:30, 31.85 examples/s]
Tokenizing train dataset:  53%|█████▎    | 3218/6112 [01:47<01:31, 31.66 examples/s]
Tokenizing train dataset:  53%|█████▎    | 3222/6112 [01:47<01:31, 31.71 examples/s]
Tokenizing train dataset:  53%|█████▎    | 3226/6112 [01:47<01:31, 31.64 examples/s]
Tokenizing train dataset:  53%|█████▎    | 3230/6112 [01:47<01:31, 31.61 examples/s]
Tokenizing train dataset:  53%|█████▎    | 3234/6112 [01:47<01:31, 31.41 examples/s]
Tokenizing train dataset:  53%|█████▎    | 3238/6112 [01:47<01:31, 31.49 examples/s]
Tokenizing train dataset:  53%|█████▎    | 3242/6112 [01:48<01:30, 31.84 examples/s]
Tokenizing train dataset:  53%|█████▎    | 3246/6112 [01:48<01:30, 31.64 examples/s]
Tokenizing train dataset:  53%|█████▎    | 3250/6112 [01:48<01:31, 31.17 examples/s]
Tokenizing train dataset:  53%|█████▎    | 3254/6112 [01:48<01:32, 30.93 examples/s]
Tokenizing train dataset:  53%|█████▎    | 3258/6112 [01:48<01:31, 31.17 examples/s]
Tokenizing train dataset:  53%|█████▎    | 3262/6112 [01:48<01:30, 31.50 examples/s]
Tokenizing train dataset:  53%|█████▎    | 3266/6112 [01:48<01:28, 32.08 examples/s]
Tokenizing train dataset:  54%|█████▎    | 3270/6112 [01:48<01:30, 31.56 examples/s]
Tokenizing train dataset:  54%|█████▎    | 3274/6112 [01:49<01:30, 31.27 examples/s]
Tokenizing train dataset:  54%|█████▎    | 3278/6112 [01:49<01:29, 31.53 examples/s]
Tokenizing train dataset:  54%|█████▎    | 3282/6112 [01:49<01:29, 31.53 examples/s]
Tokenizing train dataset:  54%|█████▍    | 3286/6112 [01:49<01:29, 31.42 examples/s]
Tokenizing train dataset:  54%|█████▍    | 3290/6112 [01:49<01:30, 31.10 examples/s]
Tokenizing train dataset:  54%|█████▍    | 3294/6112 [01:49<01:31, 30.88 examples/s]
Tokenizing train dataset:  54%|█████▍    | 3298/6112 [01:49<01:30, 31.15 examples/s]
Tokenizing train dataset:  54%|█████▍    | 3302/6112 [01:49<01:30, 31.20 examples/s]
Tokenizing train dataset:  54%|█████▍    | 3306/6112 [01:50<01:30, 31.10 examples/s]
Tokenizing train dataset:  54%|█████▍    | 3310/6112 [01:50<01:29, 31.16 examples/s]
Tokenizing train dataset:  54%|█████▍    | 3314/6112 [01:50<01:30, 30.89 examples/s]
Tokenizing train dataset:  54%|█████▍    | 3318/6112 [01:50<01:29, 31.10 examples/s]
Tokenizing train dataset:  54%|█████▍    | 3322/6112 [01:50<01:29, 31.12 examples/s]
Tokenizing train dataset:  54%|█████▍    | 3326/6112 [01:50<01:29, 31.29 examples/s]
Tokenizing train dataset:  54%|█████▍    | 3330/6112 [01:50<01:28, 31.49 examples/s]
Tokenizing train dataset:  55%|█████▍    | 3334/6112 [01:51<01:27, 31.69 examples/s]
Tokenizing train dataset:  55%|█████▍    | 3338/6112 [01:51<01:30, 30.64 examples/s]
Tokenizing train dataset:  55%|█████▍    | 3342/6112 [01:51<01:29, 30.83 examples/s]
Tokenizing train dataset:  55%|█████▍    | 3346/6112 [01:51<01:30, 30.43 examples/s]
Tokenizing train dataset:  55%|█████▍    | 3350/6112 [01:51<01:30, 30.40 examples/s]
Tokenizing train dataset:  55%|█████▍    | 3354/6112 [01:51<01:30, 30.63 examples/s]
Tokenizing train dataset:  55%|█████▍    | 3358/6112 [01:51<01:29, 30.93 examples/s]
Tokenizing train dataset:  55%|█████▌    | 3362/6112 [01:51<01:29, 30.87 examples/s]
Tokenizing train dataset:  55%|█████▌    | 3366/6112 [01:52<01:30, 30.49 examples/s]
Tokenizing train dataset:  55%|█████▌    | 3370/6112 [01:52<01:30, 30.21 examples/s]
Tokenizing train dataset:  55%|█████▌    | 3374/6112 [01:52<01:29, 30.66 examples/s]
Tokenizing train dataset:  55%|█████▌    | 3378/6112 [01:52<01:28, 30.79 examples/s]
Tokenizing train dataset:  55%|█████▌    | 3382/6112 [01:52<01:29, 30.50 examples/s]
Tokenizing train dataset:  55%|█████▌    | 3386/6112 [01:52<01:28, 30.91 examples/s]
Tokenizing train dataset:  55%|█████▌    | 3390/6112 [01:52<01:27, 31.04 examples/s]
Tokenizing train dataset:  56%|█████▌    | 3394/6112 [01:52<01:27, 30.98 examples/s]
Tokenizing train dataset:  56%|█████▌    | 3398/6112 [01:53<01:26, 31.25 examples/s]
Tokenizing train dataset:  56%|█████▌    | 3402/6112 [01:53<01:27, 30.89 examples/s]
Tokenizing train dataset:  56%|█████▌    | 3406/6112 [01:53<01:28, 30.58 examples/s]
Tokenizing train dataset:  56%|█████▌    | 3410/6112 [01:53<01:27, 30.79 examples/s]
Tokenizing train dataset:  56%|█████▌    | 3414/6112 [01:53<01:27, 30.68 examples/s]
Tokenizing train dataset:  56%|█████▌    | 3418/6112 [01:53<01:27, 30.69 examples/s]
Tokenizing train dataset:  56%|█████▌    | 3422/6112 [01:53<01:27, 30.67 examples/s]
Tokenizing train dataset:  56%|█████▌    | 3426/6112 [01:54<01:27, 30.84 examples/s]
Tokenizing train dataset:  56%|█████▌    | 3430/6112 [01:54<01:27, 30.73 examples/s]
Tokenizing train dataset:  56%|█████▌    | 3434/6112 [01:54<01:27, 30.58 examples/s]
Tokenizing train dataset:  56%|█████▋    | 3438/6112 [01:54<01:27, 30.50 examples/s]
Tokenizing train dataset:  56%|█████▋    | 3442/6112 [01:54<01:26, 30.80 examples/s]
Tokenizing train dataset:  56%|█████▋    | 3446/6112 [01:54<01:28, 30.25 examples/s]
Tokenizing train dataset:  56%|█████▋    | 3450/6112 [01:54<01:29, 29.73 examples/s]
Tokenizing train dataset:  57%|█████▋    | 3454/6112 [01:54<01:31, 28.90 examples/s]
Tokenizing train dataset:  57%|█████▋    | 3458/6112 [01:55<01:31, 29.06 examples/s]
Tokenizing train dataset:  57%|█████▋    | 3462/6112 [01:55<01:31, 28.82 examples/s]
Tokenizing train dataset:  57%|█████▋    | 3466/6112 [01:55<01:32, 28.71 examples/s]
Tokenizing train dataset:  57%|█████▋    | 3470/6112 [01:55<01:32, 28.60 examples/s]
Tokenizing train dataset:  57%|█████▋    | 3474/6112 [01:55<01:33, 28.24 examples/s]
Tokenizing train dataset:  57%|█████▋    | 3478/6112 [01:55<01:32, 28.51 examples/s]
Tokenizing train dataset:  57%|█████▋    | 3482/6112 [01:55<01:32, 28.46 examples/s]
Tokenizing train dataset:  57%|█████▋    | 3486/6112 [01:56<01:29, 29.25 examples/s]
Tokenizing train dataset:  57%|█████▋    | 3490/6112 [01:56<01:27, 30.10 examples/s]
Tokenizing train dataset:  57%|█████▋    | 3494/6112 [01:56<01:27, 29.94 examples/s]
Tokenizing train dataset:  57%|█████▋    | 3498/6112 [01:56<01:26, 30.11 examples/s]
Tokenizing train dataset:  57%|█████▋    | 3502/6112 [01:56<01:26, 30.14 examples/s]
Tokenizing train dataset:  57%|█████▋    | 3506/6112 [01:56<01:26, 29.97 examples/s]
Tokenizing train dataset:  57%|█████▋    | 3510/6112 [01:56<01:26, 30.16 examples/s]
Tokenizing train dataset:  57%|█████▋    | 3514/6112 [01:56<01:26, 30.09 examples/s]
Tokenizing train dataset:  58%|█████▊    | 3518/6112 [01:57<01:25, 30.36 examples/s]
Tokenizing train dataset:  58%|█████▊    | 3522/6112 [01:57<01:24, 30.54 examples/s]
Tokenizing train dataset:  58%|█████▊    | 3526/6112 [01:57<01:24, 30.63 examples/s]
Tokenizing train dataset:  58%|█████▊    | 3530/6112 [01:57<01:23, 30.84 examples/s]
Tokenizing train dataset:  58%|█████▊    | 3534/6112 [01:57<01:22, 31.20 examples/s]
Tokenizing train dataset:  58%|█████▊    | 3538/6112 [01:57<01:23, 30.77 examples/s]
Tokenizing train dataset:  58%|█████▊    | 3542/6112 [01:57<01:23, 30.90 examples/s]
Tokenizing train dataset:  58%|█████▊    | 3546/6112 [01:58<01:23, 30.74 examples/s]
Tokenizing train dataset:  58%|█████▊    | 3550/6112 [01:58<01:22, 30.89 examples/s]
Tokenizing train dataset:  58%|█████▊    | 3554/6112 [01:58<01:22, 31.00 examples/s]
Tokenizing train dataset:  58%|█████▊    | 3558/6112 [01:58<01:23, 30.69 examples/s]
Tokenizing train dataset:  58%|█████▊    | 3562/6112 [01:58<01:22, 30.87 examples/s]
Tokenizing train dataset:  58%|█████▊    | 3566/6112 [01:58<01:23, 30.56 examples/s]
Tokenizing train dataset:  58%|█████▊    | 3570/6112 [01:58<01:22, 30.64 examples/s]
Tokenizing train dataset:  58%|█████▊    | 3574/6112 [01:58<01:22, 30.92 examples/s]
Tokenizing train dataset:  59%|█████▊    | 3578/6112 [01:59<01:21, 31.23 examples/s]
Tokenizing train dataset:  59%|█████▊    | 3582/6112 [01:59<01:21, 31.13 examples/s]
Tokenizing train dataset:  59%|█████▊    | 3586/6112 [01:59<01:20, 31.45 examples/s]
Tokenizing train dataset:  59%|█████▊    | 3590/6112 [01:59<01:20, 31.45 examples/s]
Tokenizing train dataset:  59%|█████▉    | 3594/6112 [01:59<01:21, 31.06 examples/s]
Tokenizing train dataset:  59%|█████▉    | 3598/6112 [01:59<01:21, 30.78 examples/s]
Tokenizing train dataset:  59%|█████▉    | 3602/6112 [01:59<01:21, 30.72 examples/s]
Tokenizing train dataset:  59%|█████▉    | 3606/6112 [01:59<01:22, 30.22 examples/s]
Tokenizing train dataset:  59%|█████▉    | 3610/6112 [02:00<01:22, 30.43 examples/s]
Tokenizing train dataset:  59%|█████▉    | 3614/6112 [02:00<01:21, 30.50 examples/s]
Tokenizing train dataset:  59%|█████▉    | 3618/6112 [02:00<01:22, 30.37 examples/s]
Tokenizing train dataset:  59%|█████▉    | 3622/6112 [02:00<01:20, 30.80 examples/s]
Tokenizing train dataset:  59%|█████▉    | 3626/6112 [02:00<01:21, 30.61 examples/s]
Tokenizing train dataset:  59%|█████▉    | 3630/6112 [02:00<01:21, 30.64 examples/s]
Tokenizing train dataset:  59%|█████▉    | 3634/6112 [02:00<01:20, 30.74 examples/s]
Tokenizing train dataset:  60%|█████▉    | 3638/6112 [02:01<01:20, 30.75 examples/s]
Tokenizing train dataset:  60%|█████▉    | 3642/6112 [02:01<01:22, 29.97 examples/s]
Tokenizing train dataset:  60%|█████▉    | 3646/6112 [02:01<01:23, 29.54 examples/s]
Tokenizing train dataset:  60%|█████▉    | 3650/6112 [02:01<01:24, 29.26 examples/s]
Tokenizing train dataset:  60%|█████▉    | 3654/6112 [02:01<01:21, 30.07 examples/s]
Tokenizing train dataset:  60%|█████▉    | 3658/6112 [02:01<01:21, 30.19 examples/s]
Tokenizing train dataset:  60%|█████▉    | 3662/6112 [02:01<01:20, 30.50 examples/s]
Tokenizing train dataset:  60%|█████▉    | 3666/6112 [02:01<01:20, 30.56 examples/s]
Tokenizing train dataset:  60%|██████    | 3670/6112 [02:02<01:21, 30.13 examples/s]
Tokenizing train dataset:  60%|██████    | 3674/6112 [02:02<01:20, 30.14 examples/s]
Tokenizing train dataset:  60%|██████    | 3678/6112 [02:02<01:20, 30.13 examples/s]
Tokenizing train dataset:  60%|██████    | 3682/6112 [02:02<01:19, 30.69 examples/s]
Tokenizing train dataset:  60%|██████    | 3686/6112 [02:02<01:18, 30.85 examples/s]
Tokenizing train dataset:  60%|██████    | 3690/6112 [02:02<01:20, 30.22 examples/s]
Tokenizing train dataset:  60%|██████    | 3694/6112 [02:02<01:21, 29.69 examples/s]
Tokenizing train dataset:  61%|██████    | 3698/6112 [02:03<01:21, 29.51 examples/s]
Tokenizing train dataset:  61%|██████    | 3702/6112 [02:03<01:22, 29.26 examples/s]
Tokenizing train dataset:  61%|██████    | 3706/6112 [02:03<01:22, 29.20 examples/s]
Tokenizing train dataset:  61%|██████    | 3710/6112 [02:03<01:20, 29.67 examples/s]
Tokenizing train dataset:  61%|██████    | 3714/6112 [02:03<01:22, 29.17 examples/s]
Tokenizing train dataset:  61%|██████    | 3718/6112 [02:03<01:24, 28.47 examples/s]
Tokenizing train dataset:  61%|██████    | 3722/6112 [02:03<01:23, 28.59 examples/s]
Tokenizing train dataset:  61%|██████    | 3726/6112 [02:04<01:25, 28.07 examples/s]
Tokenizing train dataset:  61%|██████    | 3730/6112 [02:04<01:23, 28.65 examples/s]
Tokenizing train dataset:  61%|██████    | 3734/6112 [02:04<01:21, 29.21 examples/s]
Tokenizing train dataset:  61%|██████    | 3738/6112 [02:04<01:23, 28.27 examples/s]
Tokenizing train dataset:  61%|██████    | 3742/6112 [02:04<01:22, 28.86 examples/s]
Tokenizing train dataset:  61%|██████▏   | 3746/6112 [02:04<01:20, 29.40 examples/s]
Tokenizing train dataset:  61%|██████▏   | 3750/6112 [02:04<01:17, 30.33 examples/s]
Tokenizing train dataset:  61%|██████▏   | 3754/6112 [02:04<01:15, 31.19 examples/s]
Tokenizing train dataset:  61%|██████▏   | 3758/6112 [02:05<01:15, 31.26 examples/s]
Tokenizing train dataset:  62%|██████▏   | 3762/6112 [02:05<01:15, 30.99 examples/s]
Tokenizing train dataset:  62%|██████▏   | 3766/6112 [02:05<01:16, 30.62 examples/s]
Tokenizing train dataset:  62%|██████▏   | 3770/6112 [02:05<01:16, 30.70 examples/s]
Tokenizing train dataset:  62%|██████▏   | 3774/6112 [02:05<01:15, 30.82 examples/s]
Tokenizing train dataset:  62%|██████▏   | 3778/6112 [02:05<01:15, 30.83 examples/s]
Tokenizing train dataset:  62%|██████▏   | 3782/6112 [02:05<01:16, 30.57 examples/s]
Tokenizing train dataset:  62%|██████▏   | 3786/6112 [02:05<01:16, 30.33 examples/s]
Tokenizing train dataset:  62%|██████▏   | 3790/6112 [02:06<01:16, 30.46 examples/s]
Tokenizing train dataset:  62%|██████▏   | 3794/6112 [02:06<01:14, 30.98 examples/s]
Tokenizing train dataset:  62%|██████▏   | 3798/6112 [02:06<01:14, 31.06 examples/s]
Tokenizing train dataset:  62%|██████▏   | 3802/6112 [02:06<01:14, 30.98 examples/s]
Tokenizing train dataset:  62%|██████▏   | 3806/6112 [02:06<01:15, 30.35 examples/s]
Tokenizing train dataset:  62%|██████▏   | 3810/6112 [02:06<01:16, 30.18 examples/s]
Tokenizing train dataset:  62%|██████▏   | 3814/6112 [02:06<01:14, 30.73 examples/s]
Tokenizing train dataset:  62%|██████▏   | 3818/6112 [02:07<01:13, 31.12 examples/s]
Tokenizing train dataset:  63%|██████▎   | 3822/6112 [02:07<01:13, 31.16 examples/s]
Tokenizing train dataset:  63%|██████▎   | 3826/6112 [02:07<01:14, 30.55 examples/s]
Tokenizing train dataset:  63%|██████▎   | 3830/6112 [02:07<01:13, 30.95 examples/s]
Tokenizing train dataset:  63%|██████▎   | 3834/6112 [02:07<01:13, 30.86 examples/s]
Tokenizing train dataset:  63%|██████▎   | 3838/6112 [02:07<01:15, 30.25 examples/s]
Tokenizing train dataset:  63%|██████▎   | 3842/6112 [02:07<01:15, 30.23 examples/s]
Tokenizing train dataset:  63%|██████▎   | 3846/6112 [02:07<01:14, 30.58 examples/s]
Tokenizing train dataset:  63%|██████▎   | 3850/6112 [02:08<01:13, 30.79 examples/s]
Tokenizing train dataset:  63%|██████▎   | 3854/6112 [02:08<01:14, 30.38 examples/s]
Tokenizing train dataset:  63%|██████▎   | 3858/6112 [02:08<01:14, 30.31 examples/s]
Tokenizing train dataset:  63%|██████▎   | 3862/6112 [02:08<01:14, 30.26 examples/s]
Tokenizing train dataset:  63%|██████▎   | 3866/6112 [02:08<01:14, 30.26 examples/s]
Tokenizing train dataset:  63%|██████▎   | 3870/6112 [02:08<01:15, 29.58 examples/s]
Tokenizing train dataset:  63%|██████▎   | 3874/6112 [02:08<01:30, 24.68 examples/s]
Tokenizing train dataset:  63%|██████▎   | 3878/6112 [02:09<01:27, 25.63 examples/s]
Tokenizing train dataset:  64%|██████▎   | 3882/6112 [02:09<01:24, 26.24 examples/s]
Tokenizing train dataset:  64%|██████▎   | 3886/6112 [02:09<01:22, 27.02 examples/s]
Tokenizing train dataset:  64%|██████▎   | 3890/6112 [02:09<01:18, 28.18 examples/s]
Tokenizing train dataset:  64%|██████▎   | 3894/6112 [02:09<01:16, 28.91 examples/s]
Tokenizing train dataset:  64%|██████▍   | 3898/6112 [02:09<01:15, 29.32 examples/s]
Tokenizing train dataset:  64%|██████▍   | 3902/6112 [02:09<01:15, 29.35 examples/s]
Tokenizing train dataset:  64%|██████▍   | 3906/6112 [02:10<01:16, 28.82 examples/s]
Tokenizing train dataset:  64%|██████▍   | 3910/6112 [02:10<01:17, 28.39 examples/s]
Tokenizing train dataset:  64%|██████▍   | 3914/6112 [02:10<01:16, 28.76 examples/s]
Tokenizing train dataset:  64%|██████▍   | 3918/6112 [02:10<01:15, 29.20 examples/s]
Tokenizing train dataset:  64%|██████▍   | 3922/6112 [02:10<01:14, 29.51 examples/s]
Tokenizing train dataset:  64%|██████▍   | 3926/6112 [02:10<01:12, 30.14 examples/s]
Tokenizing train dataset:  64%|██████▍   | 3930/6112 [02:10<01:10, 30.83 examples/s]
Tokenizing train dataset:  64%|██████▍   | 3934/6112 [02:10<01:10, 30.72 examples/s]
Tokenizing train dataset:  64%|██████▍   | 3938/6112 [02:11<01:11, 30.38 examples/s]
Tokenizing train dataset:  64%|██████▍   | 3942/6112 [02:11<01:13, 29.66 examples/s]
Tokenizing train dataset:  65%|██████▍   | 3946/6112 [02:11<01:12, 29.70 examples/s]
Tokenizing train dataset:  65%|██████▍   | 3950/6112 [02:11<01:11, 30.16 examples/s]
Tokenizing train dataset:  65%|██████▍   | 3954/6112 [02:11<01:10, 30.42 examples/s]
Tokenizing train dataset:  65%|██████▍   | 3958/6112 [02:11<01:11, 30.20 examples/s]
Tokenizing train dataset:  65%|██████▍   | 3962/6112 [02:11<01:11, 30.24 examples/s]
Tokenizing train dataset:  65%|██████▍   | 3966/6112 [02:12<01:10, 30.64 examples/s]
Tokenizing train dataset:  65%|██████▍   | 3970/6112 [02:12<01:10, 30.56 examples/s]
Tokenizing train dataset:  65%|██████▌   | 3974/6112 [02:12<01:09, 30.69 examples/s]
Tokenizing train dataset:  65%|██████▌   | 3978/6112 [02:12<01:09, 30.60 examples/s]
Tokenizing train dataset:  65%|██████▌   | 3982/6112 [02:12<01:08, 31.24 examples/s]
Tokenizing train dataset:  65%|██████▌   | 3986/6112 [02:12<01:08, 30.98 examples/s]
Tokenizing train dataset:  65%|██████▌   | 3990/6112 [02:12<01:08, 30.84 examples/s]
Tokenizing train dataset:  65%|██████▌   | 3994/6112 [02:12<01:08, 31.02 examples/s]
Tokenizing train dataset:  65%|██████▌   | 3998/6112 [02:13<01:08, 30.68 examples/s]
Tokenizing train dataset:  65%|██████▌   | 4002/6112 [02:13<02:13, 15.78 examples/s]
Tokenizing train dataset:  66%|██████▌   | 4006/6112 [02:13<01:54, 18.37 examples/s]
Tokenizing train dataset:  66%|██████▌   | 4010/6112 [02:13<01:41, 20.74 examples/s]
Tokenizing train dataset:  66%|██████▌   | 4014/6112 [02:14<01:31, 22.91 examples/s]
Tokenizing train dataset:  66%|██████▌   | 4018/6112 [02:14<01:24, 24.76 examples/s]
Tokenizing train dataset:  66%|██████▌   | 4022/6112 [02:14<01:20, 25.99 examples/s]
Tokenizing train dataset:  66%|██████▌   | 4026/6112 [02:14<01:16, 27.12 examples/s]
Tokenizing train dataset:  66%|██████▌   | 4030/6112 [02:14<01:13, 28.19 examples/s]
Tokenizing train dataset:  66%|██████▌   | 4034/6112 [02:14<01:12, 28.85 examples/s]
Tokenizing train dataset:  66%|██████▌   | 4038/6112 [02:14<01:10, 29.37 examples/s]
Tokenizing train dataset:  66%|██████▌   | 4042/6112 [02:14<01:10, 29.39 examples/s]
Tokenizing train dataset:  66%|██████▌   | 4046/6112 [02:15<01:09, 29.92 examples/s]
Tokenizing train dataset:  66%|██████▋   | 4050/6112 [02:15<01:08, 30.07 examples/s]
Tokenizing train dataset:  66%|██████▋   | 4054/6112 [02:15<01:08, 30.13 examples/s]
Tokenizing train dataset:  66%|██████▋   | 4058/6112 [02:15<01:08, 29.92 examples/s]
Tokenizing train dataset:  66%|██████▋   | 4062/6112 [02:15<01:10, 29.01 examples/s]
Tokenizing train dataset:  67%|██████▋   | 4066/6112 [02:15<01:10, 28.88 examples/s]
Tokenizing train dataset:  67%|██████▋   | 4070/6112 [02:15<01:11, 28.36 examples/s]
Tokenizing train dataset:  67%|██████▋   | 4074/6112 [02:16<01:11, 28.31 examples/s]
Tokenizing train dataset:  67%|██████▋   | 4078/6112 [02:16<01:10, 28.81 examples/s]
Tokenizing train dataset:  67%|██████▋   | 4082/6112 [02:16<01:10, 28.77 examples/s]
Tokenizing train dataset:  67%|██████▋   | 4086/6112 [02:16<01:11, 28.21 examples/s]
Tokenizing train dataset:  67%|██████▋   | 4090/6112 [02:16<01:11, 28.27 examples/s]
Tokenizing train dataset:  67%|██████▋   | 4094/6112 [02:16<01:11, 28.22 examples/s]
Tokenizing train dataset:  67%|██████▋   | 4098/6112 [02:16<01:10, 28.50 examples/s]
Tokenizing train dataset:  67%|██████▋   | 4102/6112 [02:17<01:10, 28.62 examples/s]
Tokenizing train dataset:  67%|██████▋   | 4106/6112 [02:17<01:10, 28.34 examples/s]
Tokenizing train dataset:  67%|██████▋   | 4110/6112 [02:17<01:10, 28.29 examples/s]
Tokenizing train dataset:  67%|██████▋   | 4114/6112 [02:17<01:11, 28.12 examples/s]
Tokenizing train dataset:  67%|██████▋   | 4118/6112 [02:17<01:10, 28.26 examples/s]
Tokenizing train dataset:  67%|██████▋   | 4122/6112 [02:17<01:11, 27.93 examples/s]
Tokenizing train dataset:  68%|██████▊   | 4126/6112 [02:17<01:09, 28.67 examples/s]
Tokenizing train dataset:  68%|██████▊   | 4130/6112 [02:18<01:07, 29.47 examples/s]
Tokenizing train dataset:  68%|██████▊   | 4134/6112 [02:18<01:05, 30.13 examples/s]
Tokenizing train dataset:  68%|██████▊   | 4138/6112 [02:18<01:06, 29.85 examples/s]
Tokenizing train dataset:  68%|██████▊   | 4142/6112 [02:18<01:04, 30.63 examples/s]
Tokenizing train dataset:  68%|██████▊   | 4146/6112 [02:18<01:04, 30.68 examples/s]
Tokenizing train dataset:  68%|██████▊   | 4150/6112 [02:18<01:02, 31.24 examples/s]
Tokenizing train dataset:  68%|██████▊   | 4154/6112 [02:18<01:03, 30.90 examples/s]
Tokenizing train dataset:  68%|██████▊   | 4158/6112 [02:18<01:02, 31.19 examples/s]
Tokenizing train dataset:  68%|██████▊   | 4162/6112 [02:19<01:02, 30.96 examples/s]
Tokenizing train dataset:  68%|██████▊   | 4166/6112 [02:19<01:02, 31.15 examples/s]
Tokenizing train dataset:  68%|██████▊   | 4170/6112 [02:19<01:02, 31.10 examples/s]
Tokenizing train dataset:  68%|██████▊   | 4174/6112 [02:19<01:01, 31.33 examples/s]
Tokenizing train dataset:  68%|██████▊   | 4178/6112 [02:19<01:01, 31.24 examples/s]
Tokenizing train dataset:  68%|██████▊   | 4182/6112 [02:19<01:01, 31.25 examples/s]
Tokenizing train dataset:  68%|██████▊   | 4186/6112 [02:19<01:01, 31.43 examples/s]
Tokenizing train dataset:  69%|██████▊   | 4190/6112 [02:19<01:00, 31.51 examples/s]
Tokenizing train dataset:  69%|██████▊   | 4194/6112 [02:20<01:00, 31.48 examples/s]
Tokenizing train dataset:  69%|██████▊   | 4198/6112 [02:20<01:01, 31.33 examples/s]
Tokenizing train dataset:  69%|██████▉   | 4202/6112 [02:20<01:03, 30.13 examples/s]
Tokenizing train dataset:  69%|██████▉   | 4206/6112 [02:20<01:02, 30.27 examples/s]
Tokenizing train dataset:  69%|██████▉   | 4210/6112 [02:20<01:03, 29.74 examples/s]
Tokenizing train dataset:  69%|██████▉   | 4214/6112 [02:20<01:05, 28.95 examples/s]
Tokenizing train dataset:  69%|██████▉   | 4218/6112 [02:20<01:05, 28.75 examples/s]
Tokenizing train dataset:  69%|██████▉   | 4222/6112 [02:21<01:06, 28.47 examples/s]
Tokenizing train dataset:  69%|██████▉   | 4226/6112 [02:21<01:06, 28.57 examples/s]
Tokenizing train dataset:  69%|██████▉   | 4230/6112 [02:21<01:06, 28.46 examples/s]
Tokenizing train dataset:  69%|██████▉   | 4234/6112 [02:21<01:06, 28.41 examples/s]
Tokenizing train dataset:  69%|██████▉   | 4238/6112 [02:21<01:05, 28.54 examples/s]
Tokenizing train dataset:  69%|██████▉   | 4242/6112 [02:21<01:04, 29.00 examples/s]
Tokenizing train dataset:  69%|██████▉   | 4246/6112 [02:21<01:04, 29.03 examples/s]
Tokenizing train dataset:  70%|██████▉   | 4250/6112 [02:21<01:05, 28.57 examples/s]
Tokenizing train dataset:  70%|██████▉   | 4254/6112 [02:22<01:05, 28.29 examples/s]
Tokenizing train dataset:  70%|██████▉   | 4258/6112 [02:22<01:05, 28.47 examples/s]
Tokenizing train dataset:  70%|██████▉   | 4262/6112 [02:22<01:03, 29.06 examples/s]
Tokenizing train dataset:  70%|██████▉   | 4266/6112 [02:22<01:02, 29.44 examples/s]
Tokenizing train dataset:  70%|██████▉   | 4270/6112 [02:22<01:02, 29.46 examples/s]
Tokenizing train dataset:  70%|██████▉   | 4274/6112 [02:22<01:03, 29.17 examples/s]
Tokenizing train dataset:  70%|██████▉   | 4278/6112 [02:22<01:01, 29.78 examples/s]
Tokenizing train dataset:  70%|███████   | 4282/6112 [02:23<01:00, 30.05 examples/s]
Tokenizing train dataset:  70%|███████   | 4286/6112 [02:23<01:01, 29.90 examples/s]
Tokenizing train dataset:  70%|███████   | 4290/6112 [02:23<01:00, 30.11 examples/s]
Tokenizing train dataset:  70%|███████   | 4294/6112 [02:23<01:00, 30.20 examples/s]
Tokenizing train dataset:  70%|███████   | 4298/6112 [02:23<01:00, 30.09 examples/s]
Tokenizing train dataset:  70%|███████   | 4302/6112 [02:23<00:59, 30.58 examples/s]
Tokenizing train dataset:  70%|███████   | 4306/6112 [02:23<00:58, 30.64 examples/s]
Tokenizing train dataset:  71%|███████   | 4310/6112 [02:23<00:58, 30.76 examples/s]
Tokenizing train dataset:  71%|███████   | 4314/6112 [02:24<00:57, 31.06 examples/s]
Tokenizing train dataset:  71%|███████   | 4318/6112 [02:24<00:58, 30.90 examples/s]
Tokenizing train dataset:  71%|███████   | 4322/6112 [02:24<00:58, 30.71 examples/s]
Tokenizing train dataset:  71%|███████   | 4326/6112 [02:24<00:58, 30.53 examples/s]
Tokenizing train dataset:  71%|███████   | 4330/6112 [02:24<00:57, 31.00 examples/s]
Tokenizing train dataset:  71%|███████   | 4334/6112 [02:24<00:56, 31.25 examples/s]
Tokenizing train dataset:  71%|███████   | 4338/6112 [02:24<00:57, 30.69 examples/s]
Tokenizing train dataset:  71%|███████   | 4342/6112 [02:25<00:57, 30.80 examples/s]
Tokenizing train dataset:  71%|███████   | 4346/6112 [02:25<00:57, 30.83 examples/s]
Tokenizing train dataset:  71%|███████   | 4350/6112 [02:25<00:56, 31.29 examples/s]
Tokenizing train dataset:  71%|███████   | 4354/6112 [02:25<00:56, 31.05 examples/s]
Tokenizing train dataset:  71%|███████▏  | 4358/6112 [02:25<00:56, 31.16 examples/s]
Tokenizing train dataset:  71%|███████▏  | 4362/6112 [02:25<00:55, 31.38 examples/s]
Tokenizing train dataset:  71%|███████▏  | 4366/6112 [02:25<00:55, 31.33 examples/s]
Tokenizing train dataset:  71%|███████▏  | 4370/6112 [02:25<00:55, 31.35 examples/s]
Tokenizing train dataset:  72%|███████▏  | 4374/6112 [02:26<00:56, 31.02 examples/s]
Tokenizing train dataset:  72%|███████▏  | 4378/6112 [02:26<00:56, 30.90 examples/s]
Tokenizing train dataset:  72%|███████▏  | 4382/6112 [02:26<00:56, 30.47 examples/s]
Tokenizing train dataset:  72%|███████▏  | 4386/6112 [02:26<00:57, 29.98 examples/s]
Tokenizing train dataset:  72%|███████▏  | 4390/6112 [02:26<00:57, 29.83 examples/s]
Tokenizing train dataset:  72%|███████▏  | 4394/6112 [02:26<00:59, 29.02 examples/s]
Tokenizing train dataset:  72%|███████▏  | 4398/6112 [02:26<00:58, 29.24 examples/s]
Tokenizing train dataset:  72%|███████▏  | 4402/6112 [02:27<00:57, 29.57 examples/s]
Tokenizing train dataset:  72%|███████▏  | 4406/6112 [02:27<00:57, 29.61 examples/s]
Tokenizing train dataset:  72%|███████▏  | 4410/6112 [02:27<00:57, 29.82 examples/s]
Tokenizing train dataset:  72%|███████▏  | 4414/6112 [02:27<00:56, 30.09 examples/s]
Tokenizing train dataset:  72%|███████▏  | 4418/6112 [02:27<00:55, 30.36 examples/s]
Tokenizing train dataset:  72%|███████▏  | 4422/6112 [02:27<00:55, 30.20 examples/s]
Tokenizing train dataset:  72%|███████▏  | 4426/6112 [02:27<00:55, 30.35 examples/s]
Tokenizing train dataset:  72%|███████▏  | 4430/6112 [02:27<00:53, 31.25 examples/s]
Tokenizing train dataset:  73%|███████▎  | 4434/6112 [02:28<00:53, 31.39 examples/s]
Tokenizing train dataset:  73%|███████▎  | 4438/6112 [02:28<00:53, 31.41 examples/s]
Tokenizing train dataset:  73%|███████▎  | 4442/6112 [02:28<00:53, 31.34 examples/s]
Tokenizing train dataset:  73%|███████▎  | 4446/6112 [02:28<00:52, 31.64 examples/s]
Tokenizing train dataset:  73%|███████▎  | 4450/6112 [02:28<00:52, 31.72 examples/s]
Tokenizing train dataset:  73%|███████▎  | 4454/6112 [02:28<00:52, 31.79 examples/s]
Tokenizing train dataset:  73%|███████▎  | 4458/6112 [02:28<00:52, 31.77 examples/s]
Tokenizing train dataset:  73%|███████▎  | 4462/6112 [02:28<00:51, 32.21 examples/s]
Tokenizing train dataset:  73%|███████▎  | 4466/6112 [02:29<00:51, 32.16 examples/s]
Tokenizing train dataset:  73%|███████▎  | 4470/6112 [02:29<00:51, 31.93 examples/s]
Tokenizing train dataset:  73%|███████▎  | 4474/6112 [02:29<00:51, 31.72 examples/s]
Tokenizing train dataset:  73%|███████▎  | 4478/6112 [02:29<00:51, 31.43 examples/s]
Tokenizing train dataset:  73%|███████▎  | 4482/6112 [02:29<00:52, 30.82 examples/s]
Tokenizing train dataset:  73%|███████▎  | 4486/6112 [02:29<00:52, 30.78 examples/s]
Tokenizing train dataset:  73%|███████▎  | 4490/6112 [02:29<00:53, 30.46 examples/s]
Tokenizing train dataset:  74%|███████▎  | 4494/6112 [02:29<00:53, 30.53 examples/s]
Tokenizing train dataset:  74%|███████▎  | 4498/6112 [02:30<00:52, 30.55 examples/s]
Tokenizing train dataset:  74%|███████▎  | 4502/6112 [02:30<00:54, 29.81 examples/s]
Tokenizing train dataset:  74%|███████▎  | 4506/6112 [02:30<00:54, 29.73 examples/s]
Tokenizing train dataset:  74%|███████▍  | 4510/6112 [02:30<00:54, 29.36 examples/s]
Tokenizing train dataset:  74%|███████▍  | 4514/6112 [02:30<00:54, 29.37 examples/s]
Tokenizing train dataset:  74%|███████▍  | 4518/6112 [02:30<00:55, 28.95 examples/s]
Tokenizing train dataset:  74%|███████▍  | 4522/6112 [02:30<00:55, 28.61 examples/s]
Tokenizing train dataset:  74%|███████▍  | 4526/6112 [02:31<00:55, 28.59 examples/s]
Tokenizing train dataset:  74%|███████▍  | 4530/6112 [02:31<00:55, 28.36 examples/s]
Tokenizing train dataset:  74%|███████▍  | 4534/6112 [02:31<00:54, 28.71 examples/s]
Tokenizing train dataset:  74%|███████▍  | 4538/6112 [02:31<00:56, 28.06 examples/s]
Tokenizing train dataset:  74%|███████▍  | 4542/6112 [02:31<00:57, 27.53 examples/s]
Tokenizing train dataset:  74%|███████▍  | 4546/6112 [02:31<00:56, 27.94 examples/s]
Tokenizing train dataset:  74%|███████▍  | 4550/6112 [02:31<00:55, 27.98 examples/s]
Tokenizing train dataset:  75%|███████▍  | 4554/6112 [02:32<00:54, 28.66 examples/s]
Tokenizing train dataset:  75%|███████▍  | 4558/6112 [02:32<00:52, 29.47 examples/s]
Tokenizing train dataset:  75%|███████▍  | 4562/6112 [02:32<00:51, 30.24 examples/s]
Tokenizing train dataset:  75%|███████▍  | 4566/6112 [02:32<00:50, 30.63 examples/s]
Tokenizing train dataset:  75%|███████▍  | 4570/6112 [02:32<00:49, 31.09 examples/s]
Tokenizing train dataset:  75%|███████▍  | 4574/6112 [02:32<00:48, 31.69 examples/s]
Tokenizing train dataset:  75%|███████▍  | 4578/6112 [02:32<00:48, 31.44 examples/s]
Tokenizing train dataset:  75%|███████▍  | 4582/6112 [02:32<00:49, 31.19 examples/s]
Tokenizing train dataset:  75%|███████▌  | 4586/6112 [02:33<00:48, 31.30 examples/s]
Tokenizing train dataset:  75%|███████▌  | 4590/6112 [02:33<00:47, 31.77 examples/s]
Tokenizing train dataset:  75%|███████▌  | 4594/6112 [02:33<00:48, 31.21 examples/s]
Tokenizing train dataset:  75%|███████▌  | 4598/6112 [02:33<00:49, 30.81 examples/s]
Tokenizing train dataset:  75%|███████▌  | 4602/6112 [02:33<00:49, 30.66 examples/s]
Tokenizing train dataset:  75%|███████▌  | 4606/6112 [02:33<00:49, 30.60 examples/s]
Tokenizing train dataset:  75%|███████▌  | 4610/6112 [02:33<00:48, 30.69 examples/s]
Tokenizing train dataset:  75%|███████▌  | 4614/6112 [02:33<00:48, 30.99 examples/s]
Tokenizing train dataset:  76%|███████▌  | 4618/6112 [02:34<00:47, 31.62 examples/s]
Tokenizing train dataset:  76%|███████▌  | 4622/6112 [02:34<00:47, 31.27 examples/s]
Tokenizing train dataset:  76%|███████▌  | 4626/6112 [02:34<00:47, 31.33 examples/s]
Tokenizing train dataset:  76%|███████▌  | 4630/6112 [02:34<00:48, 30.78 examples/s]
Tokenizing train dataset:  76%|███████▌  | 4634/6112 [02:34<00:48, 30.47 examples/s]
Tokenizing train dataset:  76%|███████▌  | 4638/6112 [02:34<00:48, 30.52 examples/s]
Tokenizing train dataset:  76%|███████▌  | 4642/6112 [02:34<00:49, 29.52 examples/s]
Tokenizing train dataset:  76%|███████▌  | 4646/6112 [02:35<00:50, 28.77 examples/s]
Tokenizing train dataset:  76%|███████▌  | 4650/6112 [02:35<00:50, 28.76 examples/s]
Tokenizing train dataset:  76%|███████▌  | 4654/6112 [02:35<00:51, 28.30 examples/s]
Tokenizing train dataset:  76%|███████▌  | 4658/6112 [02:35<00:52, 27.85 examples/s]
Tokenizing train dataset:  76%|███████▋  | 4662/6112 [02:35<00:51, 28.16 examples/s]
Tokenizing train dataset:  76%|███████▋  | 4666/6112 [02:35<00:50, 28.49 examples/s]
Tokenizing train dataset:  76%|███████▋  | 4670/6112 [02:35<00:49, 28.90 examples/s]
Tokenizing train dataset:  76%|███████▋  | 4674/6112 [02:36<00:51, 27.67 examples/s]
Tokenizing train dataset:  77%|███████▋  | 4678/6112 [02:36<00:52, 27.50 examples/s]
Tokenizing train dataset:  77%|███████▋  | 4682/6112 [02:36<00:52, 27.40 examples/s]
Tokenizing train dataset:  77%|███████▋  | 4686/6112 [02:36<00:51, 27.70 examples/s]
Tokenizing train dataset:  77%|███████▋  | 4690/6112 [02:36<00:50, 28.14 examples/s]
Tokenizing train dataset:  77%|███████▋  | 4694/6112 [02:36<00:48, 29.25 examples/s]
Tokenizing train dataset:  77%|███████▋  | 4698/6112 [02:36<00:47, 29.49 examples/s]
Tokenizing train dataset:  77%|███████▋  | 4702/6112 [02:37<00:46, 30.14 examples/s]
Tokenizing train dataset:  77%|███████▋  | 4706/6112 [02:37<00:46, 29.98 examples/s]
Tokenizing train dataset:  77%|███████▋  | 4710/6112 [02:37<00:46, 30.25 examples/s]
Tokenizing train dataset:  77%|███████▋  | 4714/6112 [02:37<00:46, 30.36 examples/s]
Tokenizing train dataset:  77%|███████▋  | 4718/6112 [02:37<00:46, 30.02 examples/s]
Tokenizing train dataset:  77%|███████▋  | 4722/6112 [02:37<00:46, 30.00 examples/s]
Tokenizing train dataset:  77%|███████▋  | 4726/6112 [02:37<00:46, 29.89 examples/s]
Tokenizing train dataset:  77%|███████▋  | 4730/6112 [02:37<00:46, 29.91 examples/s]
Tokenizing train dataset:  77%|███████▋  | 4734/6112 [02:38<00:45, 30.02 examples/s]
Tokenizing train dataset:  78%|███████▊  | 4738/6112 [02:38<00:52, 26.42 examples/s]
Tokenizing train dataset:  78%|███████▊  | 4742/6112 [02:38<00:49, 27.41 examples/s]
Tokenizing train dataset:  78%|███████▊  | 4746/6112 [02:38<00:48, 28.37 examples/s]
Tokenizing train dataset:  78%|███████▊  | 4750/6112 [02:38<00:46, 29.40 examples/s]
Tokenizing train dataset:  78%|███████▊  | 4754/6112 [02:38<00:45, 29.82 examples/s]
Tokenizing train dataset:  78%|███████▊  | 4758/6112 [02:38<00:45, 29.63 examples/s]
Tokenizing train dataset:  78%|███████▊  | 4762/6112 [02:39<00:44, 30.12 examples/s]
Tokenizing train dataset:  78%|███████▊  | 4766/6112 [02:39<00:45, 29.90 examples/s]
Tokenizing train dataset:  78%|███████▊  | 4770/6112 [02:39<00:44, 30.39 examples/s]
Tokenizing train dataset:  78%|███████▊  | 4774/6112 [02:39<00:43, 30.56 examples/s]
Tokenizing train dataset:  78%|███████▊  | 4778/6112 [02:39<00:43, 30.59 examples/s]
Tokenizing train dataset:  78%|███████▊  | 4782/6112 [02:39<00:43, 30.27 examples/s]
Tokenizing train dataset:  78%|███████▊  | 4786/6112 [02:39<00:43, 30.24 examples/s]
Tokenizing train dataset:  78%|███████▊  | 4790/6112 [02:39<00:43, 30.34 examples/s]
Tokenizing train dataset:  78%|███████▊  | 4794/6112 [02:40<00:43, 30.49 examples/s]
Tokenizing train dataset:  79%|███████▊  | 4798/6112 [02:40<00:43, 30.14 examples/s]
Tokenizing train dataset:  79%|███████▊  | 4802/6112 [02:40<00:42, 30.48 examples/s]
Tokenizing train dataset:  79%|███████▊  | 4806/6112 [02:40<00:43, 30.18 examples/s]
Tokenizing train dataset:  79%|███████▊  | 4810/6112 [02:40<00:43, 30.19 examples/s]
Tokenizing train dataset:  79%|███████▉  | 4814/6112 [02:40<00:43, 30.08 examples/s]
Tokenizing train dataset:  79%|███████▉  | 4818/6112 [02:40<00:42, 30.56 examples/s]
Tokenizing train dataset:  79%|███████▉  | 4822/6112 [02:41<00:41, 30.83 examples/s]
Tokenizing train dataset:  79%|███████▉  | 4826/6112 [02:41<00:41, 31.03 examples/s]
Tokenizing train dataset:  79%|███████▉  | 4830/6112 [02:41<00:40, 31.34 examples/s]
Tokenizing train dataset:  79%|███████▉  | 4834/6112 [02:41<00:40, 31.51 examples/s]
Tokenizing train dataset:  79%|███████▉  | 4838/6112 [02:41<00:40, 31.22 examples/s]
Tokenizing train dataset:  79%|███████▉  | 4842/6112 [02:41<00:41, 30.95 examples/s]
Tokenizing train dataset:  79%|███████▉  | 4846/6112 [02:41<00:41, 30.78 examples/s]
Tokenizing train dataset:  79%|███████▉  | 4850/6112 [02:41<00:41, 30.20 examples/s]
Tokenizing train dataset:  79%|███████▉  | 4854/6112 [02:42<00:41, 30.64 examples/s]
Tokenizing train dataset:  79%|███████▉  | 4858/6112 [02:42<00:40, 30.73 examples/s]
Tokenizing train dataset:  80%|███████▉  | 4862/6112 [02:42<00:40, 30.55 examples/s]
Tokenizing train dataset:  80%|███████▉  | 4866/6112 [02:42<00:41, 29.86 examples/s]
Tokenizing train dataset:  80%|███████▉  | 4870/6112 [02:42<00:41, 29.81 examples/s]
Tokenizing train dataset:  80%|███████▉  | 4874/6112 [02:42<00:43, 28.51 examples/s]
Tokenizing train dataset:  80%|███████▉  | 4878/6112 [02:42<00:43, 28.29 examples/s]
Tokenizing train dataset:  80%|███████▉  | 4882/6112 [02:43<00:43, 28.17 examples/s]
Tokenizing train dataset:  80%|███████▉  | 4886/6112 [02:43<00:43, 28.41 examples/s]
Tokenizing train dataset:  80%|████████  | 4890/6112 [02:43<00:42, 28.80 examples/s]
Tokenizing train dataset:  80%|████████  | 4894/6112 [02:43<00:42, 28.48 examples/s]
Tokenizing train dataset:  80%|████████  | 4898/6112 [02:43<00:41, 29.01 examples/s]
Tokenizing train dataset:  80%|████████  | 4902/6112 [02:43<00:40, 29.67 examples/s]
Tokenizing train dataset:  80%|████████  | 4906/6112 [02:43<00:40, 29.96 examples/s]
Tokenizing train dataset:  80%|████████  | 4910/6112 [02:43<00:39, 30.12 examples/s]
Tokenizing train dataset:  80%|████████  | 4914/6112 [02:44<00:41, 28.86 examples/s]
Tokenizing train dataset:  80%|████████  | 4918/6112 [02:44<00:41, 29.09 examples/s]
Tokenizing train dataset:  81%|████████  | 4922/6112 [02:44<00:40, 29.48 examples/s]
Tokenizing train dataset:  81%|████████  | 4926/6112 [02:44<00:39, 29.73 examples/s]
Tokenizing train dataset:  81%|████████  | 4930/6112 [02:44<00:39, 29.90 examples/s]
Tokenizing train dataset:  81%|████████  | 4934/6112 [02:44<00:39, 29.72 examples/s]
Tokenizing train dataset:  81%|████████  | 4938/6112 [02:44<00:39, 29.95 examples/s]
Tokenizing train dataset:  81%|████████  | 4942/6112 [02:45<00:39, 29.79 examples/s]
Tokenizing train dataset:  81%|████████  | 4946/6112 [02:45<00:39, 29.57 examples/s]
Tokenizing train dataset:  81%|████████  | 4950/6112 [02:45<00:38, 29.82 examples/s]
Tokenizing train dataset:  81%|████████  | 4954/6112 [02:45<00:38, 29.91 examples/s]
Tokenizing train dataset:  81%|████████  | 4958/6112 [02:45<00:38, 30.15 examples/s]
Tokenizing train dataset:  81%|████████  | 4962/6112 [02:45<00:38, 29.87 examples/s]
Tokenizing train dataset:  81%|████████▏ | 4966/6112 [02:45<00:37, 30.17 examples/s]
Tokenizing train dataset:  81%|████████▏ | 4970/6112 [02:45<00:38, 30.04 examples/s]
Tokenizing train dataset:  81%|████████▏ | 4974/6112 [02:46<00:38, 29.86 examples/s]
Tokenizing train dataset:  81%|████████▏ | 4978/6112 [02:46<00:38, 29.66 examples/s]
Tokenizing train dataset:  82%|████████▏ | 4982/6112 [02:46<00:38, 29.69 examples/s]
Tokenizing train dataset:  82%|████████▏ | 4986/6112 [02:46<00:37, 29.98 examples/s]
Tokenizing train dataset:  82%|████████▏ | 4990/6112 [02:46<00:37, 29.90 examples/s]
Tokenizing train dataset:  82%|████████▏ | 4994/6112 [02:46<00:37, 29.90 examples/s]
Tokenizing train dataset:  82%|████████▏ | 4998/6112 [02:46<00:37, 29.83 examples/s]
Tokenizing train dataset:  82%|████████▏ | 5002/6112 [02:47<01:02, 17.83 examples/s]
Tokenizing train dataset:  82%|████████▏ | 5006/6112 [02:47<00:55, 20.03 examples/s]
Tokenizing train dataset:  82%|████████▏ | 5010/6112 [02:47<00:50, 21.99 examples/s]
Tokenizing train dataset:  82%|████████▏ | 5014/6112 [02:47<00:45, 23.95 examples/s]
Tokenizing train dataset:  82%|████████▏ | 5018/6112 [02:47<00:43, 25.05 examples/s]
Tokenizing train dataset:  82%|████████▏ | 5022/6112 [02:48<00:41, 26.07 examples/s]
Tokenizing train dataset:  82%|████████▏ | 5026/6112 [02:48<00:40, 26.87 examples/s]
Tokenizing train dataset:  82%|████████▏ | 5030/6112 [02:48<00:39, 27.29 examples/s]
Tokenizing train dataset:  82%|████████▏ | 5034/6112 [02:48<00:39, 27.40 examples/s]
Tokenizing train dataset:  82%|████████▏ | 5038/6112 [02:48<00:38, 27.85 examples/s]
Tokenizing train dataset:  82%|████████▏ | 5042/6112 [02:48<00:39, 27.12 examples/s]
Tokenizing train dataset:  83%|████████▎ | 5046/6112 [02:48<00:38, 27.41 examples/s]
Tokenizing train dataset:  83%|████████▎ | 5050/6112 [02:49<00:38, 27.47 examples/s]
Tokenizing train dataset:  83%|████████▎ | 5054/6112 [02:49<00:39, 26.68 examples/s]
Tokenizing train dataset:  83%|████████▎ | 5058/6112 [02:49<00:38, 27.08 examples/s]
Tokenizing train dataset:  83%|████████▎ | 5062/6112 [02:49<00:39, 26.65 examples/s]
Tokenizing train dataset:  83%|████████▎ | 5066/6112 [02:49<00:39, 26.57 examples/s]
Tokenizing train dataset:  83%|████████▎ | 5070/6112 [02:49<00:39, 26.63 examples/s]
Tokenizing train dataset:  83%|████████▎ | 5074/6112 [02:49<00:38, 27.11 examples/s]
Tokenizing train dataset:  83%|████████▎ | 5078/6112 [02:50<00:37, 27.34 examples/s]
Tokenizing train dataset:  83%|████████▎ | 5082/6112 [02:50<00:37, 27.11 examples/s]
Tokenizing train dataset:  83%|████████▎ | 5086/6112 [02:50<00:37, 27.63 examples/s]
Tokenizing train dataset:  83%|████████▎ | 5090/6112 [02:50<00:36, 28.31 examples/s]
Tokenizing train dataset:  83%|████████▎ | 5094/6112 [02:50<00:35, 28.42 examples/s]
Tokenizing train dataset:  83%|████████▎ | 5098/6112 [02:50<00:34, 29.12 examples/s]
Tokenizing train dataset:  83%|████████▎ | 5102/6112 [02:50<00:34, 29.24 examples/s]
Tokenizing train dataset:  84%|████████▎ | 5106/6112 [02:51<00:34, 29.52 examples/s]
Tokenizing train dataset:  84%|████████▎ | 5110/6112 [02:51<00:33, 29.76 examples/s]
Tokenizing train dataset:  84%|████████▎ | 5114/6112 [02:51<00:33, 29.99 examples/s]
Tokenizing train dataset:  84%|████████▎ | 5118/6112 [02:51<00:33, 30.02 examples/s]
Tokenizing train dataset:  84%|████████▍ | 5122/6112 [02:51<00:33, 29.91 examples/s]
Tokenizing train dataset:  84%|████████▍ | 5126/6112 [02:51<00:32, 30.10 examples/s]
Tokenizing train dataset:  84%|████████▍ | 5130/6112 [02:51<00:32, 30.13 examples/s]
Tokenizing train dataset:  84%|████████▍ | 5134/6112 [02:51<00:32, 30.52 examples/s]
Tokenizing train dataset:  84%|████████▍ | 5138/6112 [02:52<00:32, 29.86 examples/s]
Tokenizing train dataset:  84%|████████▍ | 5142/6112 [02:52<00:32, 30.00 examples/s]
Tokenizing train dataset:  84%|████████▍ | 5146/6112 [02:52<00:32, 30.09 examples/s]
Tokenizing train dataset:  84%|████████▍ | 5150/6112 [02:52<00:31, 30.09 examples/s]
Tokenizing train dataset:  84%|████████▍ | 5154/6112 [02:52<00:31, 30.39 examples/s]
Tokenizing train dataset:  84%|████████▍ | 5158/6112 [02:52<00:31, 30.32 examples/s]
Tokenizing train dataset:  84%|████████▍ | 5162/6112 [02:52<00:31, 30.02 examples/s]
Tokenizing train dataset:  85%|████████▍ | 5166/6112 [02:53<00:31, 30.47 examples/s]
Tokenizing train dataset:  85%|████████▍ | 5170/6112 [02:53<00:30, 30.51 examples/s]
Tokenizing train dataset:  85%|████████▍ | 5174/6112 [02:53<00:30, 30.40 examples/s]
Tokenizing train dataset:  85%|████████▍ | 5178/6112 [02:53<00:30, 30.39 examples/s]
Tokenizing train dataset:  85%|████████▍ | 5182/6112 [02:53<00:30, 30.18 examples/s]
Tokenizing train dataset:  85%|████████▍ | 5186/6112 [02:53<00:30, 30.17 examples/s]
Tokenizing train dataset:  85%|████████▍ | 5190/6112 [02:53<00:30, 30.70 examples/s]
Tokenizing train dataset:  85%|████████▍ | 5194/6112 [02:53<00:30, 30.39 examples/s]
Tokenizing train dataset:  85%|████████▌ | 5198/6112 [02:54<00:29, 30.56 examples/s]
Tokenizing train dataset:  85%|████████▌ | 5202/6112 [02:54<00:29, 30.38 examples/s]
Tokenizing train dataset:  85%|████████▌ | 5206/6112 [02:54<00:29, 30.57 examples/s]
Tokenizing train dataset:  85%|████████▌ | 5210/6112 [02:54<00:30, 29.86 examples/s]
Tokenizing train dataset:  85%|████████▌ | 5214/6112 [02:54<00:31, 28.69 examples/s]
Tokenizing train dataset:  85%|████████▌ | 5218/6112 [02:54<00:31, 28.47 examples/s]
Tokenizing train dataset:  85%|████████▌ | 5222/6112 [02:54<00:31, 27.82 examples/s]
Tokenizing train dataset:  86%|████████▌ | 5226/6112 [02:55<00:31, 27.99 examples/s]
Tokenizing train dataset:  86%|████████▌ | 5230/6112 [02:55<00:31, 28.10 examples/s]
Tokenizing train dataset:  86%|████████▌ | 5234/6112 [02:55<00:31, 27.81 examples/s]
Tokenizing train dataset:  86%|████████▌ | 5238/6112 [02:55<00:31, 28.01 examples/s]
Tokenizing train dataset:  86%|████████▌ | 5242/6112 [02:55<00:30, 28.22 examples/s]
Tokenizing train dataset:  86%|████████▌ | 5246/6112 [02:55<00:31, 27.73 examples/s]
Tokenizing train dataset:  86%|████████▌ | 5250/6112 [02:55<00:31, 27.09 examples/s]
Tokenizing train dataset:  86%|████████▌ | 5254/6112 [02:56<00:32, 26.40 examples/s]
Tokenizing train dataset:  86%|████████▌ | 5258/6112 [02:56<00:31, 26.77 examples/s]
Tokenizing train dataset:  86%|████████▌ | 5262/6112 [02:56<00:31, 26.84 examples/s]
Tokenizing train dataset:  86%|████████▌ | 5266/6112 [02:56<00:31, 26.96 examples/s]
Tokenizing train dataset:  86%|████████▌ | 5270/6112 [02:56<00:31, 26.54 examples/s]
Tokenizing train dataset:  86%|████████▋ | 5274/6112 [02:56<00:30, 27.64 examples/s]
Tokenizing train dataset:  86%|████████▋ | 5278/6112 [02:57<00:29, 27.93 examples/s]
Tokenizing train dataset:  86%|████████▋ | 5282/6112 [02:57<00:29, 28.43 examples/s]
Tokenizing train dataset:  86%|████████▋ | 5286/6112 [02:57<00:28, 28.56 examples/s]
Tokenizing train dataset:  87%|████████▋ | 5290/6112 [02:57<00:28, 28.81 examples/s]
Tokenizing train dataset:  87%|████████▋ | 5294/6112 [02:57<00:28, 28.27 examples/s]
Tokenizing train dataset:  87%|████████▋ | 5298/6112 [02:57<00:28, 28.59 examples/s]
Tokenizing train dataset:  87%|████████▋ | 5302/6112 [02:57<00:27, 29.29 examples/s]
Tokenizing train dataset:  87%|████████▋ | 5306/6112 [02:57<00:27, 29.33 examples/s]
Tokenizing train dataset:  87%|████████▋ | 5310/6112 [02:58<00:27, 29.49 examples/s]
Tokenizing train dataset:  87%|████████▋ | 5314/6112 [02:58<00:26, 29.86 examples/s]
Tokenizing train dataset:  87%|████████▋ | 5318/6112 [02:58<00:26, 29.65 examples/s]
Tokenizing train dataset:  87%|████████▋ | 5322/6112 [02:58<00:26, 29.49 examples/s]
Tokenizing train dataset:  87%|████████▋ | 5326/6112 [02:58<00:27, 28.86 examples/s]
Tokenizing train dataset:  87%|████████▋ | 5330/6112 [02:58<00:27, 28.47 examples/s]
Tokenizing train dataset:  87%|████████▋ | 5334/6112 [02:58<00:27, 28.34 examples/s]
Tokenizing train dataset:  87%|████████▋ | 5338/6112 [02:59<00:27, 28.21 examples/s]
Tokenizing train dataset:  87%|████████▋ | 5342/6112 [02:59<00:27, 28.33 examples/s]
Tokenizing train dataset:  87%|████████▋ | 5346/6112 [02:59<00:26, 28.92 examples/s]
Tokenizing train dataset:  88%|████████▊ | 5350/6112 [02:59<00:25, 29.34 examples/s]
Tokenizing train dataset:  88%|████████▊ | 5354/6112 [02:59<00:25, 29.68 examples/s]
Tokenizing train dataset:  88%|████████▊ | 5358/6112 [02:59<00:25, 30.14 examples/s]
Tokenizing train dataset:  88%|████████▊ | 5362/6112 [02:59<00:24, 30.36 examples/s]
Tokenizing train dataset:  88%|████████▊ | 5366/6112 [02:59<00:24, 30.27 examples/s]
Tokenizing train dataset:  88%|████████▊ | 5370/6112 [03:00<00:24, 30.18 examples/s]
Tokenizing train dataset:  88%|████████▊ | 5374/6112 [03:00<00:24, 29.90 examples/s]
Tokenizing train dataset:  88%|████████▊ | 5378/6112 [03:00<00:24, 29.83 examples/s]
Tokenizing train dataset:  88%|████████▊ | 5382/6112 [03:00<00:24, 29.29 examples/s]
Tokenizing train dataset:  88%|████████▊ | 5386/6112 [03:00<00:25, 28.88 examples/s]
Tokenizing train dataset:  88%|████████▊ | 5390/6112 [03:00<00:24, 29.54 examples/s]
Tokenizing train dataset:  88%|████████▊ | 5394/6112 [03:00<00:24, 29.79 examples/s]
Tokenizing train dataset:  88%|████████▊ | 5398/6112 [03:01<00:24, 28.99 examples/s]
Tokenizing train dataset:  88%|████████▊ | 5402/6112 [03:01<00:24, 28.70 examples/s]
Tokenizing train dataset:  88%|████████▊ | 5406/6112 [03:01<00:25, 27.51 examples/s]
Tokenizing train dataset:  89%|████████▊ | 5410/6112 [03:01<00:25, 27.74 examples/s]
Tokenizing train dataset:  89%|████████▊ | 5414/6112 [03:01<00:25, 27.85 examples/s]
Tokenizing train dataset:  89%|████████▊ | 5418/6112 [03:01<00:25, 27.57 examples/s]
Tokenizing train dataset:  89%|████████▊ | 5422/6112 [03:01<00:24, 28.36 examples/s]
Tokenizing train dataset:  89%|████████▉ | 5426/6112 [03:02<00:23, 29.05 examples/s]
Tokenizing train dataset:  89%|████████▉ | 5430/6112 [03:02<00:23, 29.12 examples/s]
Tokenizing train dataset:  89%|████████▉ | 5434/6112 [03:02<00:22, 29.49 examples/s]
Tokenizing train dataset:  89%|████████▉ | 5438/6112 [03:02<00:22, 29.67 examples/s]
Tokenizing train dataset:  89%|████████▉ | 5442/6112 [03:02<00:22, 29.98 examples/s]
Tokenizing train dataset:  89%|████████▉ | 5446/6112 [03:02<00:21, 30.49 examples/s]
Tokenizing train dataset:  89%|████████▉ | 5450/6112 [03:02<00:21, 31.12 examples/s]
Tokenizing train dataset:  89%|████████▉ | 5454/6112 [03:03<00:21, 30.43 examples/s]
Tokenizing train dataset:  89%|████████▉ | 5458/6112 [03:03<00:21, 30.94 examples/s]
Tokenizing train dataset:  89%|████████▉ | 5462/6112 [03:03<00:21, 30.93 examples/s]
Tokenizing train dataset:  89%|████████▉ | 5466/6112 [03:03<00:21, 30.50 examples/s]
Tokenizing train dataset:  89%|████████▉ | 5470/6112 [03:03<00:21, 30.27 examples/s]
Tokenizing train dataset:  90%|████████▉ | 5474/6112 [03:03<00:21, 30.30 examples/s]
Tokenizing train dataset:  90%|████████▉ | 5478/6112 [03:03<00:20, 30.73 examples/s]
Tokenizing train dataset:  90%|████████▉ | 5482/6112 [03:03<00:20, 30.63 examples/s]
Tokenizing train dataset:  90%|████████▉ | 5486/6112 [03:04<00:20, 30.49 examples/s]
Tokenizing train dataset:  90%|████████▉ | 5490/6112 [03:04<00:20, 30.74 examples/s]
Tokenizing train dataset:  90%|████████▉ | 5494/6112 [03:04<00:19, 31.06 examples/s]
Tokenizing train dataset:  90%|████████▉ | 5498/6112 [03:04<00:19, 31.26 examples/s]
Tokenizing train dataset:  90%|█████████ | 5502/6112 [03:04<00:19, 31.42 examples/s]
Tokenizing train dataset:  90%|█████████ | 5506/6112 [03:04<00:19, 31.20 examples/s]
Tokenizing train dataset:  90%|█████████ | 5510/6112 [03:04<00:19, 30.78 examples/s]
Tokenizing train dataset:  90%|█████████ | 5514/6112 [03:04<00:19, 30.71 examples/s]
Tokenizing train dataset:  90%|█████████ | 5518/6112 [03:05<00:19, 30.93 examples/s]
Tokenizing train dataset:  90%|█████████ | 5522/6112 [03:05<00:19, 30.80 examples/s]
Tokenizing train dataset:  90%|█████████ | 5526/6112 [03:05<00:18, 30.90 examples/s]
Tokenizing train dataset:  90%|█████████ | 5530/6112 [03:05<00:18, 31.02 examples/s]
Tokenizing train dataset:  91%|█████████ | 5534/6112 [03:05<00:18, 31.31 examples/s]
Tokenizing train dataset:  91%|█████████ | 5538/6112 [03:05<00:18, 30.58 examples/s]
Tokenizing train dataset:  91%|█████████ | 5542/6112 [03:05<00:18, 30.75 examples/s]
Tokenizing train dataset:  91%|█████████ | 5546/6112 [03:05<00:18, 30.59 examples/s]
Tokenizing train dataset:  91%|█████████ | 5550/6112 [03:06<00:18, 30.64 examples/s]
Tokenizing train dataset:  91%|█████████ | 5554/6112 [03:06<00:18, 30.59 examples/s]
Tokenizing train dataset:  91%|█████████ | 5558/6112 [03:06<00:17, 31.18 examples/s]
Tokenizing train dataset:  91%|█████████ | 5562/6112 [03:06<00:17, 31.12 examples/s]
Tokenizing train dataset:  91%|█████████ | 5566/6112 [03:06<00:17, 31.10 examples/s]
Tokenizing train dataset:  91%|█████████ | 5570/6112 [03:06<00:17, 31.34 examples/s]
Tokenizing train dataset:  91%|█████████ | 5574/6112 [03:06<00:17, 31.31 examples/s]
Tokenizing train dataset:  91%|█████████▏| 5578/6112 [03:07<00:16, 31.48 examples/s]
Tokenizing train dataset:  91%|█████████▏| 5582/6112 [03:07<00:16, 31.18 examples/s]
Tokenizing train dataset:  91%|█████████▏| 5586/6112 [03:07<00:16, 31.06 examples/s]
Tokenizing train dataset:  91%|█████████▏| 5590/6112 [03:07<00:16, 31.45 examples/s]
Tokenizing train dataset:  92%|█████████▏| 5594/6112 [03:07<00:16, 31.42 examples/s]
Tokenizing train dataset:  92%|█████████▏| 5598/6112 [03:07<00:16, 31.15 examples/s]
Tokenizing train dataset:  92%|█████████▏| 5602/6112 [03:07<00:16, 30.83 examples/s]
Tokenizing train dataset:  92%|█████████▏| 5606/6112 [03:07<00:18, 27.93 examples/s]
Tokenizing train dataset:  92%|█████████▏| 5610/6112 [03:08<00:17, 28.50 examples/s]
Tokenizing train dataset:  92%|█████████▏| 5614/6112 [03:08<00:17, 28.88 examples/s]
Tokenizing train dataset:  92%|█████████▏| 5618/6112 [03:08<00:16, 29.52 examples/s]
Tokenizing train dataset:  92%|█████████▏| 5622/6112 [03:08<00:16, 29.60 examples/s]
Tokenizing train dataset:  92%|█████████▏| 5626/6112 [03:08<00:16, 30.10 examples/s]
Tokenizing train dataset:  92%|█████████▏| 5630/6112 [03:08<00:15, 30.59 examples/s]
Tokenizing train dataset:  92%|█████████▏| 5634/6112 [03:08<00:15, 30.62 examples/s]
Tokenizing train dataset:  92%|█████████▏| 5638/6112 [03:09<00:15, 31.01 examples/s]
Tokenizing train dataset:  92%|█████████▏| 5642/6112 [03:09<00:15, 30.86 examples/s]
Tokenizing train dataset:  92%|█████████▏| 5646/6112 [03:09<00:15, 30.75 examples/s]
Tokenizing train dataset:  92%|█████████▏| 5650/6112 [03:09<00:14, 31.53 examples/s]
Tokenizing train dataset:  93%|█████████▎| 5654/6112 [03:09<00:14, 31.22 examples/s]
Tokenizing train dataset:  93%|█████████▎| 5658/6112 [03:09<00:14, 31.43 examples/s]
Tokenizing train dataset:  93%|█████████▎| 5662/6112 [03:09<00:14, 31.31 examples/s]
Tokenizing train dataset:  93%|█████████▎| 5666/6112 [03:09<00:14, 30.77 examples/s]
Tokenizing train dataset:  93%|█████████▎| 5670/6112 [03:10<00:14, 30.74 examples/s]
Tokenizing train dataset:  93%|█████████▎| 5674/6112 [03:10<00:14, 30.37 examples/s]
Tokenizing train dataset:  93%|█████████▎| 5678/6112 [03:10<00:14, 30.76 examples/s]
Tokenizing train dataset:  93%|█████████▎| 5682/6112 [03:10<00:13, 30.88 examples/s]
Tokenizing train dataset:  93%|█████████▎| 5686/6112 [03:10<00:13, 31.30 examples/s]
Tokenizing train dataset:  93%|█████████▎| 5690/6112 [03:10<00:13, 31.48 examples/s]
Tokenizing train dataset:  93%|█████████▎| 5694/6112 [03:10<00:13, 30.90 examples/s]
Tokenizing train dataset:  93%|█████████▎| 5698/6112 [03:10<00:13, 30.92 examples/s]
Tokenizing train dataset:  93%|█████████▎| 5702/6112 [03:11<00:13, 31.29 examples/s]
Tokenizing train dataset:  93%|█████████▎| 5706/6112 [03:11<00:13, 30.37 examples/s]
Tokenizing train dataset:  93%|█████████▎| 5710/6112 [03:11<00:13, 30.60 examples/s]
Tokenizing train dataset:  93%|█████████▎| 5714/6112 [03:11<00:12, 30.79 examples/s]
Tokenizing train dataset:  94%|█████████▎| 5718/6112 [03:11<00:13, 30.00 examples/s]
Tokenizing train dataset:  94%|█████████▎| 5722/6112 [03:11<00:12, 30.55 examples/s]
Tokenizing train dataset:  94%|█████████▎| 5726/6112 [03:11<00:12, 30.23 examples/s]
Tokenizing train dataset:  94%|█████████▍| 5730/6112 [03:11<00:12, 30.56 examples/s]
Tokenizing train dataset:  94%|█████████▍| 5734/6112 [03:12<00:12, 30.81 examples/s]
Tokenizing train dataset:  94%|█████████▍| 5738/6112 [03:12<00:12, 30.58 examples/s]
Tokenizing train dataset:  94%|█████████▍| 5742/6112 [03:12<00:12, 29.99 examples/s]
Tokenizing train dataset:  94%|█████████▍| 5746/6112 [03:12<00:12, 29.59 examples/s]
Tokenizing train dataset:  94%|█████████▍| 5750/6112 [03:12<00:12, 28.90 examples/s]
Tokenizing train dataset:  94%|█████████▍| 5754/6112 [03:12<00:12, 28.86 examples/s]
Tokenizing train dataset:  94%|█████████▍| 5758/6112 [03:12<00:12, 28.74 examples/s]
Tokenizing train dataset:  94%|█████████▍| 5762/6112 [03:13<00:12, 28.55 examples/s]
Tokenizing train dataset:  94%|█████████▍| 5766/6112 [03:13<00:11, 28.91 examples/s]
Tokenizing train dataset:  94%|█████████▍| 5770/6112 [03:13<00:11, 28.58 examples/s]
Tokenizing train dataset:  94%|█████████▍| 5774/6112 [03:13<00:11, 28.41 examples/s]
Tokenizing train dataset:  95%|█████████▍| 5778/6112 [03:13<00:11, 28.29 examples/s]
Tokenizing train dataset:  95%|█████████▍| 5782/6112 [03:13<00:11, 28.30 examples/s]
Tokenizing train dataset:  95%|█████████▍| 5786/6112 [03:13<00:11, 29.03 examples/s]
Tokenizing train dataset:  95%|█████████▍| 5790/6112 [03:14<00:10, 29.44 examples/s]
Tokenizing train dataset:  95%|█████████▍| 5794/6112 [03:14<00:10, 29.49 examples/s]
Tokenizing train dataset:  95%|█████████▍| 5798/6112 [03:14<00:10, 29.85 examples/s]
Tokenizing train dataset:  95%|█████████▍| 5802/6112 [03:14<00:10, 30.04 examples/s]
Tokenizing train dataset:  95%|█████████▍| 5806/6112 [03:14<00:10, 29.61 examples/s]
Tokenizing train dataset:  95%|█████████▌| 5810/6112 [03:14<00:10, 29.72 examples/s]
Tokenizing train dataset:  95%|█████████▌| 5814/6112 [03:14<00:09, 30.00 examples/s]
Tokenizing train dataset:  95%|█████████▌| 5818/6112 [03:14<00:09, 30.14 examples/s]
Tokenizing train dataset:  95%|█████████▌| 5822/6112 [03:15<00:09, 30.23 examples/s]
Tokenizing train dataset:  95%|█████████▌| 5826/6112 [03:15<00:09, 30.32 examples/s]
Tokenizing train dataset:  95%|█████████▌| 5830/6112 [03:15<00:09, 30.22 examples/s]
Tokenizing train dataset:  95%|█████████▌| 5834/6112 [03:15<00:09, 30.47 examples/s]
Tokenizing train dataset:  96%|█████████▌| 5838/6112 [03:15<00:09, 30.44 examples/s]
Tokenizing train dataset:  96%|█████████▌| 5842/6112 [03:15<00:08, 30.62 examples/s]
Tokenizing train dataset:  96%|█████████▌| 5846/6112 [03:15<00:08, 30.50 examples/s]
Tokenizing train dataset:  96%|█████████▌| 5850/6112 [03:16<00:08, 30.11 examples/s]
Tokenizing train dataset:  96%|█████████▌| 5854/6112 [03:16<00:08, 29.93 examples/s]
Tokenizing train dataset:  96%|█████████▌| 5858/6112 [03:16<00:08, 29.47 examples/s]
Tokenizing train dataset:  96%|█████████▌| 5862/6112 [03:16<00:08, 29.49 examples/s]
Tokenizing train dataset:  96%|█████████▌| 5866/6112 [03:16<00:08, 29.13 examples/s]
Tokenizing train dataset:  96%|█████████▌| 5870/6112 [03:16<00:08, 28.64 examples/s]
Tokenizing train dataset:  96%|█████████▌| 5874/6112 [03:16<00:08, 28.48 examples/s]
Tokenizing train dataset:  96%|█████████▌| 5878/6112 [03:17<00:08, 28.32 examples/s]
Tokenizing train dataset:  96%|█████████▌| 5882/6112 [03:17<00:08, 28.75 examples/s]
Tokenizing train dataset:  96%|█████████▋| 5886/6112 [03:17<00:07, 28.58 examples/s]
Tokenizing train dataset:  96%|█████████▋| 5890/6112 [03:17<00:07, 28.71 examples/s]
Tokenizing train dataset:  96%|█████████▋| 5894/6112 [03:17<00:07, 28.78 examples/s]
Tokenizing train dataset:  96%|█████████▋| 5898/6112 [03:17<00:07, 29.39 examples/s]
Tokenizing train dataset:  97%|█████████▋| 5902/6112 [03:17<00:07, 29.58 examples/s]
Tokenizing train dataset:  97%|█████████▋| 5906/6112 [03:17<00:07, 29.14 examples/s]
Tokenizing train dataset:  97%|█████████▋| 5910/6112 [03:18<00:06, 29.02 examples/s]
Tokenizing train dataset:  97%|█████████▋| 5914/6112 [03:18<00:06, 28.38 examples/s]
Tokenizing train dataset:  97%|█████████▋| 5918/6112 [03:18<00:06, 29.41 examples/s]
Tokenizing train dataset:  97%|█████████▋| 5922/6112 [03:18<00:06, 29.55 examples/s]
Tokenizing train dataset:  97%|█████████▋| 5926/6112 [03:18<00:06, 29.83 examples/s]
Tokenizing train dataset:  97%|█████████▋| 5930/6112 [03:18<00:06, 30.32 examples/s]
Tokenizing train dataset:  97%|█████████▋| 5934/6112 [03:18<00:05, 30.41 examples/s]
Tokenizing train dataset:  97%|█████████▋| 5938/6112 [03:19<00:05, 30.71 examples/s]
Tokenizing train dataset:  97%|█████████▋| 5942/6112 [03:19<00:05, 30.00 examples/s]
Tokenizing train dataset:  97%|█████████▋| 5946/6112 [03:19<00:05, 30.33 examples/s]
Tokenizing train dataset:  97%|█████████▋| 5950/6112 [03:19<00:05, 30.53 examples/s]
Tokenizing train dataset:  97%|█████████▋| 5954/6112 [03:19<00:05, 30.21 examples/s]
Tokenizing train dataset:  97%|█████████▋| 5958/6112 [03:19<00:04, 30.85 examples/s]
Tokenizing train dataset:  98%|█████████▊| 5962/6112 [03:19<00:04, 30.96 examples/s]
Tokenizing train dataset:  98%|█████████▊| 5966/6112 [03:19<00:04, 30.31 examples/s]
Tokenizing train dataset:  98%|█████████▊| 5970/6112 [03:20<00:04, 30.28 examples/s]
Tokenizing train dataset:  98%|█████████▊| 5974/6112 [03:20<00:04, 29.64 examples/s]
Tokenizing train dataset:  98%|█████████▊| 5978/6112 [03:20<00:04, 29.64 examples/s]
Tokenizing train dataset:  98%|█████████▊| 5982/6112 [03:20<00:04, 30.00 examples/s]
Tokenizing train dataset:  98%|█████████▊| 5986/6112 [03:20<00:04, 29.68 examples/s]
Tokenizing train dataset:  98%|█████████▊| 5990/6112 [03:20<00:04, 29.89 examples/s]
Tokenizing train dataset:  98%|█████████▊| 5994/6112 [03:20<00:03, 30.13 examples/s]
Tokenizing train dataset:  98%|█████████▊| 5998/6112 [03:21<00:03, 30.30 examples/s]
Tokenizing train dataset:  98%|█████████▊| 6002/6112 [03:21<00:06, 17.05 examples/s]
Tokenizing train dataset:  98%|█████████▊| 6006/6112 [03:21<00:05, 19.56 examples/s]
Tokenizing train dataset:  98%|█████████▊| 6010/6112 [03:21<00:04, 21.91 examples/s]
Tokenizing train dataset:  98%|█████████▊| 6014/6112 [03:21<00:04, 23.97 examples/s]
Tokenizing train dataset:  98%|█████████▊| 6018/6112 [03:22<00:03, 25.77 examples/s]
Tokenizing train dataset:  99%|█████████▊| 6022/6112 [03:22<00:03, 27.16 examples/s]
Tokenizing train dataset:  99%|█████████▊| 6026/6112 [03:22<00:03, 27.92 examples/s]
Tokenizing train dataset:  99%|█████████▊| 6030/6112 [03:22<00:02, 28.69 examples/s]
Tokenizing train dataset:  99%|█████████▊| 6034/6112 [03:22<00:02, 29.12 examples/s]
Tokenizing train dataset:  99%|█████████▉| 6038/6112 [03:22<00:02, 29.38 examples/s]
Tokenizing train dataset:  99%|█████████▉| 6042/6112 [03:22<00:02, 29.22 examples/s]
Tokenizing train dataset:  99%|█████████▉| 6046/6112 [03:22<00:02, 29.39 examples/s]
Tokenizing train dataset:  99%|█████████▉| 6050/6112 [03:23<00:02, 29.46 examples/s]
Tokenizing train dataset:  99%|█████████▉| 6054/6112 [03:23<00:01, 29.65 examples/s]
Tokenizing train dataset:  99%|█████████▉| 6058/6112 [03:23<00:01, 30.20 examples/s]
Tokenizing train dataset:  99%|█████████▉| 6062/6112 [03:23<00:01, 30.35 examples/s]
Tokenizing train dataset:  99%|█████████▉| 6066/6112 [03:23<00:01, 29.95 examples/s]
Tokenizing train dataset:  99%|█████████▉| 6070/6112 [03:23<00:01, 28.55 examples/s]
Tokenizing train dataset:  99%|█████████▉| 6074/6112 [03:23<00:01, 28.46 examples/s]
Tokenizing train dataset:  99%|█████████▉| 6078/6112 [03:24<00:01, 28.43 examples/s]
Tokenizing train dataset: 100%|█████████▉| 6082/6112 [03:24<00:01, 28.70 examples/s]
Tokenizing train dataset: 100%|█████████▉| 6086/6112 [03:24<00:00, 28.42 examples/s]
Tokenizing train dataset: 100%|█████████▉| 6090/6112 [03:24<00:00, 28.54 examples/s]
Tokenizing train dataset: 100%|█████████▉| 6094/6112 [03:24<00:00, 29.16 examples/s]
Tokenizing train dataset: 100%|█████████▉| 6098/6112 [03:24<00:00, 30.16 examples/s]
Tokenizing train dataset: 100%|█████████▉| 6102/6112 [03:24<00:00, 30.47 examples/s]
Tokenizing train dataset: 100%|█████████▉| 6106/6112 [03:24<00:00, 30.86 examples/s]
Tokenizing train dataset: 100%|█████████▉| 6110/6112 [03:25<00:00, 31.43 examples/s]
Tokenizing train dataset: 100%|██████████| 6112/6112 [03:25<00:00, 29.78 examples/s]

Tokenizing eval dataset:   0%|          | 0/234 [00:00<?, ? examples/s]
Tokenizing train dataset:   0%|          | 0/6112 [00:00<?, ? examples/s]
Tokenizing eval dataset:   3%|▎         | 6/234 [00:00<00:04, 47.73 examples/s]
Tokenizing train dataset:   0%|          | 5/6112 [00:00<02:31, 40.29 examples/s]
Tokenizing eval dataset:   5%|▌         | 12/234 [00:00<00:04, 49.23 examples/s]
Tokenizing train dataset:   0%|          | 11/6112 [00:00<02:12, 46.12 examples/s]
Tokenizing eval dataset:   8%|▊         | 18/234 [00:00<00:04, 49.01 examples/s]
Tokenizing train dataset:   0%|          | 17/6112 [00:00<02:10, 46.80 examples/s]
Tokenizing eval dataset:  10%|█         | 24/234 [00:00<00:04, 49.27 examples/s]
Tokenizing train dataset:   0%|          | 23/6112 [00:00<02:09, 47.14 examples/s]
Tokenizing eval dataset:  13%|█▎        | 30/234 [00:00<00:04, 50.08 examples/s]
Tokenizing train dataset:   0%|          | 29/6112 [00:00<02:12, 46.00 examples/s]
Tokenizing eval dataset:  15%|█▌        | 36/234 [00:00<00:03, 50.10 examples/s]
Tokenizing train dataset:   1%|          | 35/6112 [00:00<02:14, 45.09 examples/s]
Tokenizing eval dataset:  18%|█▊        | 42/234 [00:00<00:03, 50.19 examples/s]
Tokenizing train dataset:   1%|          | 41/6112 [00:00<02:18, 43.95 examples/s]
Tokenizing eval dataset:  21%|██        | 48/234 [00:00<00:03, 50.64 examples/s]
Tokenizing train dataset:   1%|          | 47/6112 [00:01<02:21, 42.87 examples/s]
Tokenizing eval dataset:  23%|██▎       | 54/234 [00:01<00:03, 50.56 examples/s]
Tokenizing eval dataset:  26%|██▌       | 60/234 [00:01<00:03, 50.91 examples/s]
Tokenizing train dataset:   1%|          | 52/6112 [00:01<02:24, 41.86 examples/s]
Tokenizing eval dataset:  28%|██▊       | 66/234 [00:01<00:03, 50.60 examples/s]
Tokenizing train dataset:   1%|          | 58/6112 [00:01<02:31, 40.01 examples/s]
Tokenizing eval dataset:  31%|███       | 72/234 [00:01<00:03, 49.86 examples/s]
Tokenizing train dataset:   1%|          | 64/6112 [00:01<02:36, 38.65 examples/s]
Tokenizing eval dataset:  33%|███▎      | 78/234 [00:01<00:03, 50.48 examples/s]
Tokenizing train dataset:   1%|          | 68/6112 [00:01<02:39, 37.97 examples/s]
Tokenizing eval dataset:  36%|███▌      | 84/234 [00:01<00:03, 49.72 examples/s]
Tokenizing train dataset:   1%|          | 72/6112 [00:01<02:39, 37.78 examples/s]
Tokenizing eval dataset:  38%|███▊      | 90/234 [00:01<00:02, 50.06 examples/s]
Tokenizing train dataset:   1%|          | 76/6112 [00:01<02:40, 37.68 examples/s]
Tokenizing eval dataset:  41%|████      | 96/234 [00:01<00:02, 50.31 examples/s]
Tokenizing train dataset:   1%|▏         | 80/6112 [00:01<02:42, 37.17 examples/s]
Tokenizing eval dataset:  44%|████▎     | 102/234 [00:02<00:02, 50.00 examples/s]
Tokenizing train dataset:   1%|▏         | 84/6112 [00:02<02:45, 36.47 examples/s]
Tokenizing eval dataset:  46%|████▌     | 108/234 [00:02<00:02, 49.40 examples/s]
Tokenizing train dataset:   1%|▏         | 88/6112 [00:02<02:44, 36.72 examples/s]
Tokenizing eval dataset:  49%|████▊     | 114/234 [00:02<00:02, 49.19 examples/s]
Tokenizing train dataset:   2%|▏         | 92/6112 [00:02<02:45, 36.32 examples/s]
Tokenizing eval dataset:  51%|█████▏    | 120/234 [00:02<00:02, 49.91 examples/s]
Tokenizing train dataset:   2%|▏         | 96/6112 [00:02<02:46, 36.17 examples/s]
Tokenizing eval dataset:  54%|█████▍    | 126/234 [00:02<00:02, 49.91 examples/s]
Tokenizing train dataset:   2%|▏         | 100/6112 [00:02<02:46, 36.08 examples/s]
Tokenizing eval dataset:  56%|█████▋    | 132/234 [00:02<00:02, 49.68 examples/s]
Tokenizing train dataset:   2%|▏         | 104/6112 [00:02<02:50, 35.26 examples/s]
Tokenizing train dataset:   2%|▏         | 108/6112 [00:02<02:47, 35.77 examples/s]
Tokenizing eval dataset:  59%|█████▉    | 138/234 [00:02<00:01, 49.74 examples/s]
Tokenizing train dataset:   2%|▏         | 112/6112 [00:02<02:48, 35.66 examples/s]
Tokenizing eval dataset:  62%|██████▏   | 144/234 [00:02<00:01, 50.33 examples/s]
Tokenizing train dataset:   2%|▏         | 116/6112 [00:02<02:48, 35.65 examples/s]
Tokenizing eval dataset:  64%|██████▍   | 150/234 [00:03<00:01, 50.08 examples/s]
Tokenizing train dataset:   2%|▏         | 120/6112 [00:03<02:47, 35.71 examples/s]
Tokenizing eval dataset:  67%|██████▋   | 156/234 [00:03<00:01, 50.54 examples/s]
Tokenizing train dataset:   2%|▏         | 124/6112 [00:03<02:48, 35.60 examples/s]
Tokenizing eval dataset:  69%|██████▉   | 162/234 [00:03<00:01, 50.55 examples/s]
Tokenizing train dataset:   2%|▏         | 128/6112 [00:03<02:51, 34.82 examples/s]
Tokenizing eval dataset:  72%|███████▏  | 168/234 [00:03<00:01, 50.53 examples/s]
Tokenizing train dataset:   2%|▏         | 132/6112 [00:03<02:49, 35.22 examples/s]
Tokenizing eval dataset:  74%|███████▍  | 174/234 [00:03<00:01, 50.00 examples/s]
Tokenizing train dataset:   2%|▏         | 136/6112 [00:03<02:49, 35.20 examples/s]
Tokenizing eval dataset:  77%|███████▋  | 180/234 [00:03<00:01, 49.32 examples/s]
Tokenizing train dataset:   2%|▏         | 140/6112 [00:03<02:50, 35.11 examples/s]
Tokenizing eval dataset:  79%|███████▉  | 186/234 [00:03<00:00, 50.14 examples/s]
Tokenizing train dataset:   2%|▏         | 144/6112 [00:03<02:49, 35.14 examples/s]
Tokenizing eval dataset:  82%|████████▏ | 192/234 [00:03<00:00, 50.33 examples/s]
Tokenizing train dataset:   2%|▏         | 148/6112 [00:03<02:51, 34.77 examples/s]
Tokenizing eval dataset:  85%|████████▍ | 198/234 [00:03<00:00, 48.99 examples/s]
Tokenizing train dataset:   2%|▏         | 152/6112 [00:03<02:51, 34.68 examples/s]
Tokenizing eval dataset:  87%|████████▋ | 204/234 [00:04<00:00, 48.93 examples/s]
Tokenizing train dataset:   3%|▎         | 156/6112 [00:04<02:53, 34.29 examples/s]
Tokenizing eval dataset:  89%|████████▉ | 209/234 [00:04<00:00, 46.10 examples/s]
Tokenizing train dataset:   3%|▎         | 160/6112 [00:04<03:02, 32.69 examples/s]
Tokenizing eval dataset:  92%|█████████▏| 215/234 [00:04<00:00, 45.08 examples/s]
Tokenizing train dataset:   3%|▎         | 164/6112 [00:04<03:07, 31.68 examples/s]
Tokenizing eval dataset:  94%|█████████▍| 221/234 [00:04<00:00, 43.83 examples/s]
Tokenizing train dataset:   3%|▎         | 168/6112 [00:04<03:15, 30.39 examples/s]
Tokenizing eval dataset:  97%|█████████▋| 227/234 [00:04<00:00, 43.05 examples/s]
Tokenizing train dataset:   3%|▎         | 172/6112 [00:04<03:20, 29.64 examples/s]
Tokenizing eval dataset: 100%|█████████▉| 233/234 [00:04<00:00, 42.82 examples/s]
Tokenizing train dataset:   3%|▎         | 176/6112 [00:04<03:21, 29.51 examples/s]
Tokenizing train dataset:   3%|▎         | 180/6112 [00:04<03:22, 29.28 examples/s]
Tokenizing eval dataset: 100%|██████████| 234/234 [00:05<00:00, 46.79 examples/s]

Tokenizing train dataset:   3%|▎         | 184/6112 [00:05<03:23, 29.12 examples/s]
Tokenizing train dataset:   3%|▎         | 188/6112 [00:05<03:19, 29.63 examples/s]
Tokenizing train dataset:   3%|▎         | 192/6112 [00:05<03:17, 30.01 examples/s]
Tokenizing train dataset:   3%|▎         | 196/6112 [00:05<03:15, 30.33 examples/s]
Tokenizing train dataset:   3%|▎         | 200/6112 [00:05<03:12, 30.75 examples/s]
Tokenizing train dataset:   3%|▎         | 204/6112 [00:05<03:14, 30.43 examples/s]
Tokenizing train dataset:   3%|▎         | 208/6112 [00:05<03:12, 30.65 examples/s]
Tokenizing train dataset:   3%|▎         | 212/6112 [00:05<03:12, 30.66 examples/s]
Tokenizing train dataset:   4%|▎         | 216/6112 [00:06<03:14, 30.35 examples/s]
Tokenizing train dataset:   4%|▎         | 220/6112 [00:06<03:11, 30.75 examples/s]
Tokenizing train dataset:   4%|▎         | 224/6112 [00:06<03:13, 30.47 examples/s]
Tokenizing train dataset:   4%|▎         | 228/6112 [00:06<03:15, 30.04 examples/s]
Tokenizing train dataset:   4%|▍         | 232/6112 [00:06<03:13, 30.34 examples/s]
Tokenizing train dataset:   4%|▍         | 236/6112 [00:06<03:13, 30.35 examples/s]
Tokenizing train dataset:   4%|▍         | 240/6112 [00:06<03:12, 30.45 examples/s]
Tokenizing train dataset:   4%|▍         | 244/6112 [00:07<03:11, 30.71 examples/s]
Tokenizing train dataset:   4%|▍         | 248/6112 [00:07<03:10, 30.86 examples/s]
Tokenizing train dataset:   4%|▍         | 252/6112 [00:07<03:08, 31.06 examples/s]
Tokenizing train dataset:   4%|▍         | 256/6112 [00:07<03:08, 31.05 examples/s]
Tokenizing train dataset:   4%|▍         | 260/6112 [00:07<03:11, 30.61 examples/s]
Tokenizing train dataset:   4%|▍         | 264/6112 [00:07<03:08, 31.01 examples/s]
Tokenizing train dataset:   4%|▍         | 268/6112 [00:07<03:10, 30.61 examples/s]
Tokenizing train dataset:   4%|▍         | 272/6112 [00:07<03:10, 30.63 examples/s]
Tokenizing train dataset:   5%|▍         | 276/6112 [00:08<03:11, 30.44 examples/s]
Tokenizing train dataset:   5%|▍         | 280/6112 [00:08<03:11, 30.44 examples/s]
Tokenizing train dataset:   5%|▍         | 284/6112 [00:08<03:13, 30.07 examples/s]
Tokenizing train dataset:   5%|▍         | 288/6112 [00:08<03:11, 30.48 examples/s]
Tokenizing train dataset:   5%|▍         | 292/6112 [00:08<03:13, 30.05 examples/s]
Tokenizing train dataset:   5%|▍         | 296/6112 [00:08<03:11, 30.31 examples/s]
Tokenizing train dataset:   5%|▍         | 300/6112 [00:08<03:12, 30.18 examples/s]
Tokenizing train dataset:   5%|▍         | 304/6112 [00:09<03:16, 29.58 examples/s]
Tokenizing train dataset:   5%|▌         | 308/6112 [00:09<03:16, 29.56 examples/s]
Tokenizing train dataset:   5%|▌         | 312/6112 [00:09<03:13, 29.90 examples/s]
Tokenizing train dataset:   5%|▌         | 316/6112 [00:09<03:13, 29.89 examples/s]
Tokenizing train dataset:   5%|▌         | 320/6112 [00:09<03:12, 30.06 examples/s]
Tokenizing train dataset:   5%|▌         | 324/6112 [00:09<03:09, 30.48 examples/s]
Tokenizing train dataset:   5%|▌         | 328/6112 [00:09<03:12, 30.10 examples/s]
Tokenizing train dataset:   5%|▌         | 332/6112 [00:09<03:11, 30.20 examples/s]
Tokenizing train dataset:   5%|▌         | 336/6112 [00:10<03:14, 29.70 examples/s]
Tokenizing train dataset:   6%|▌         | 340/6112 [00:10<03:12, 30.02 examples/s]
Tokenizing train dataset:   6%|▌         | 344/6112 [00:10<03:12, 30.00 examples/s]
Tokenizing train dataset:   6%|▌         | 348/6112 [00:10<03:11, 30.06 examples/s]
Tokenizing train dataset:   6%|▌         | 352/6112 [00:10<03:14, 29.54 examples/s]
Tokenizing train dataset:   6%|▌         | 356/6112 [00:10<03:15, 29.49 examples/s]
Tokenizing train dataset:   6%|▌         | 360/6112 [00:10<03:18, 28.98 examples/s]
Tokenizing train dataset:   6%|▌         | 364/6112 [00:11<03:16, 29.20 examples/s]
Tokenizing train dataset:   6%|▌         | 368/6112 [00:11<03:18, 28.98 examples/s]
Tokenizing train dataset:   6%|▌         | 372/6112 [00:11<03:16, 29.25 examples/s]
Tokenizing train dataset:   6%|▌         | 376/6112 [00:11<03:16, 29.23 examples/s]
Tokenizing train dataset:   6%|▌         | 380/6112 [00:11<03:21, 28.38 examples/s]
Tokenizing train dataset:   6%|▋         | 384/6112 [00:11<03:21, 28.38 examples/s]
Tokenizing train dataset:   6%|▋         | 388/6112 [00:11<03:15, 29.32 examples/s]
Tokenizing train dataset:   6%|▋         | 392/6112 [00:12<03:16, 29.16 examples/s]
Tokenizing train dataset:   6%|▋         | 396/6112 [00:12<03:23, 28.12 examples/s]
Tokenizing train dataset:   7%|▋         | 400/6112 [00:12<03:22, 28.23 examples/s]
Tokenizing train dataset:   7%|▋         | 404/6112 [00:12<03:25, 27.79 examples/s]
Tokenizing train dataset:   7%|▋         | 408/6112 [00:12<03:22, 28.18 examples/s]
Tokenizing train dataset:   7%|▋         | 412/6112 [00:12<03:20, 28.43 examples/s]
Tokenizing train dataset:   7%|▋         | 416/6112 [00:12<03:16, 28.99 examples/s]
Tokenizing train dataset:   7%|▋         | 420/6112 [00:12<03:15, 29.19 examples/s]
Tokenizing train dataset:   7%|▋         | 424/6112 [00:13<03:15, 29.14 examples/s]
Tokenizing train dataset:   7%|▋         | 428/6112 [00:13<03:13, 29.43 examples/s]
Tokenizing train dataset:   7%|▋         | 432/6112 [00:13<03:11, 29.62 examples/s]
Tokenizing train dataset:   7%|▋         | 436/6112 [00:13<03:09, 29.90 examples/s]
Tokenizing train dataset:   7%|▋         | 440/6112 [00:13<03:09, 29.89 examples/s]
Tokenizing train dataset:   7%|▋         | 444/6112 [00:13<03:10, 29.71 examples/s]
Tokenizing train dataset:   7%|▋         | 448/6112 [00:13<03:09, 29.92 examples/s]
Tokenizing train dataset:   7%|▋         | 452/6112 [00:14<03:07, 30.20 examples/s]
Tokenizing train dataset:   7%|▋         | 456/6112 [00:14<03:09, 29.90 examples/s]
Tokenizing train dataset:   8%|▊         | 460/6112 [00:14<03:09, 29.75 examples/s]
Tokenizing train dataset:   8%|▊         | 464/6112 [00:14<03:11, 29.53 examples/s]
Tokenizing train dataset:   8%|▊         | 468/6112 [00:14<03:10, 29.70 examples/s]
Tokenizing train dataset:   8%|▊         | 472/6112 [00:14<03:10, 29.58 examples/s]
Tokenizing train dataset:   8%|▊         | 476/6112 [00:14<03:10, 29.58 examples/s]
Tokenizing train dataset:   8%|▊         | 480/6112 [00:15<03:11, 29.48 examples/s]
Tokenizing train dataset:   8%|▊         | 484/6112 [00:15<03:10, 29.58 examples/s]
Tokenizing train dataset:   8%|▊         | 488/6112 [00:15<03:11, 29.41 examples/s]
Tokenizing train dataset:   8%|▊         | 492/6112 [00:15<03:12, 29.16 examples/s]
Tokenizing train dataset:   8%|▊         | 496/6112 [00:15<03:18, 28.32 examples/s]
Tokenizing train dataset:   8%|▊         | 500/6112 [00:15<03:16, 28.59 examples/s]
Tokenizing train dataset:   8%|▊         | 504/6112 [00:15<03:19, 28.08 examples/s]
Tokenizing train dataset:   8%|▊         | 508/6112 [00:16<03:19, 28.14 examples/s]
Tokenizing train dataset:   8%|▊         | 512/6112 [00:16<03:20, 27.92 examples/s]
Tokenizing train dataset:   8%|▊         | 516/6112 [00:16<03:21, 27.78 examples/s]
Tokenizing train dataset:   9%|▊         | 520/6112 [00:16<03:21, 27.74 examples/s]
Tokenizing train dataset:   9%|▊         | 524/6112 [00:16<03:23, 27.45 examples/s]
Tokenizing train dataset:   9%|▊         | 527/6112 [00:16<03:37, 25.66 examples/s]
Tokenizing train dataset:   9%|▊         | 531/6112 [00:16<03:28, 26.79 examples/s]
Tokenizing train dataset:   9%|▉         | 535/6112 [00:17<03:27, 26.87 examples/s]
Tokenizing train dataset:   9%|▉         | 539/6112 [00:17<03:27, 26.80 examples/s]
Tokenizing train dataset:   9%|▉         | 543/6112 [00:17<03:19, 27.87 examples/s]
Tokenizing train dataset:   9%|▉         | 547/6112 [00:17<03:16, 28.35 examples/s]
Tokenizing train dataset:   9%|▉         | 551/6112 [00:17<03:10, 29.12 examples/s]
Tokenizing train dataset:   9%|▉         | 555/6112 [00:17<03:10, 29.22 examples/s]
Tokenizing train dataset:   9%|▉         | 559/6112 [00:17<03:07, 29.66 examples/s]
Tokenizing train dataset:   9%|▉         | 563/6112 [00:17<03:07, 29.62 examples/s]
Tokenizing train dataset:   9%|▉         | 567/6112 [00:18<03:06, 29.79 examples/s]
Tokenizing train dataset:   9%|▉         | 571/6112 [00:18<03:06, 29.65 examples/s]
Tokenizing train dataset:   9%|▉         | 575/6112 [00:18<03:07, 29.58 examples/s]
Tokenizing train dataset:   9%|▉         | 579/6112 [00:18<03:04, 29.93 examples/s]
Tokenizing train dataset:  10%|▉         | 583/6112 [00:18<03:02, 30.26 examples/s]
Tokenizing train dataset:  10%|▉         | 587/6112 [00:18<03:04, 30.01 examples/s]
Tokenizing train dataset:  10%|▉         | 591/6112 [00:18<03:03, 30.13 examples/s]
Tokenizing train dataset:  10%|▉         | 595/6112 [00:19<03:05, 29.76 examples/s]
Tokenizing train dataset:  10%|▉         | 599/6112 [00:19<03:01, 30.32 examples/s]
Tokenizing train dataset:  10%|▉         | 603/6112 [00:19<03:03, 30.10 examples/s]
Tokenizing train dataset:  10%|▉         | 607/6112 [00:19<03:03, 29.92 examples/s]
Tokenizing train dataset:  10%|▉         | 611/6112 [00:19<03:02, 30.13 examples/s]
Tokenizing train dataset:  10%|█         | 615/6112 [00:19<03:02, 30.07 examples/s]
Tokenizing train dataset:  10%|█         | 619/6112 [00:19<03:01, 30.30 examples/s]
Tokenizing train dataset:  10%|█         | 623/6112 [00:19<03:00, 30.39 examples/s]
Tokenizing train dataset:  10%|█         | 627/6112 [00:20<02:58, 30.80 examples/s]
Tokenizing train dataset:  10%|█         | 631/6112 [00:20<02:58, 30.66 examples/s]
Tokenizing train dataset:  10%|█         | 635/6112 [00:20<02:59, 30.51 examples/s]
Tokenizing train dataset:  10%|█         | 639/6112 [00:20<03:00, 30.33 examples/s]
Tokenizing train dataset:  11%|█         | 643/6112 [00:20<03:02, 30.04 examples/s]
Tokenizing train dataset:  11%|█         | 647/6112 [00:20<03:02, 29.88 examples/s]
Tokenizing train dataset:  11%|█         | 651/6112 [00:20<03:04, 29.62 examples/s]
Tokenizing train dataset:  11%|█         | 655/6112 [00:21<03:04, 29.54 examples/s]
Tokenizing train dataset:  11%|█         | 659/6112 [00:21<03:05, 29.46 examples/s]
Tokenizing train dataset:  11%|█         | 663/6112 [00:21<03:07, 29.01 examples/s]
Tokenizing train dataset:  11%|█         | 667/6112 [00:21<03:03, 29.63 examples/s]
Tokenizing train dataset:  11%|█         | 671/6112 [00:21<03:03, 29.66 examples/s]
Tokenizing train dataset:  11%|█         | 675/6112 [00:21<03:06, 29.23 examples/s]
Tokenizing train dataset:  11%|█         | 679/6112 [00:21<03:04, 29.52 examples/s]
Tokenizing train dataset:  11%|█         | 683/6112 [00:21<03:02, 29.74 examples/s]
Tokenizing train dataset:  11%|█         | 687/6112 [00:22<03:02, 29.72 examples/s]
Tokenizing train dataset:  11%|█▏        | 691/6112 [00:22<03:01, 29.85 examples/s]
Tokenizing train dataset:  11%|█▏        | 695/6112 [00:22<03:02, 29.73 examples/s]
Tokenizing train dataset:  11%|█▏        | 699/6112 [00:22<03:00, 30.02 examples/s]
Tokenizing train dataset:  12%|█▏        | 703/6112 [00:22<03:00, 29.91 examples/s]
Tokenizing train dataset:  12%|█▏        | 707/6112 [00:22<02:58, 30.27 examples/s]
Tokenizing train dataset:  12%|█▏        | 711/6112 [00:22<02:59, 30.05 examples/s]
Tokenizing train dataset:  12%|█▏        | 715/6112 [00:23<02:59, 30.03 examples/s]
Tokenizing train dataset:  12%|█▏        | 719/6112 [00:23<03:00, 29.88 examples/s]
Tokenizing train dataset:  12%|█▏        | 723/6112 [00:23<03:00, 29.91 examples/s]
Tokenizing train dataset:  12%|█▏        | 727/6112 [00:23<02:58, 30.09 examples/s]
Tokenizing train dataset:  12%|█▏        | 731/6112 [00:23<03:01, 29.65 examples/s]
Tokenizing train dataset:  12%|█▏        | 735/6112 [00:23<03:02, 29.46 examples/s]
Tokenizing train dataset:  12%|█▏        | 739/6112 [00:23<03:02, 29.48 examples/s]
Tokenizing train dataset:  12%|█▏        | 743/6112 [00:23<03:02, 29.38 examples/s]
Tokenizing train dataset:  12%|█▏        | 747/6112 [00:24<03:02, 29.32 examples/s]
Tokenizing train dataset:  12%|█▏        | 751/6112 [00:24<03:03, 29.24 examples/s]
Tokenizing train dataset:  12%|█▏        | 755/6112 [00:24<03:09, 28.25 examples/s]
Tokenizing train dataset:  12%|█▏        | 759/6112 [00:24<03:16, 27.31 examples/s]
Tokenizing train dataset:  12%|█▏        | 763/6112 [00:24<03:22, 26.45 examples/s]
Tokenizing train dataset:  13%|█▎        | 767/6112 [00:24<03:23, 26.27 examples/s]
Tokenizing train dataset:  13%|█▎        | 771/6112 [00:25<03:23, 26.20 examples/s]
Tokenizing train dataset:  13%|█▎        | 775/6112 [00:25<03:25, 25.96 examples/s]
Tokenizing train dataset:  13%|█▎        | 779/6112 [00:25<03:24, 26.04 examples/s]
Tokenizing train dataset:  13%|█▎        | 783/6112 [00:25<03:24, 26.06 examples/s]
Tokenizing train dataset:  13%|█▎        | 787/6112 [00:25<03:24, 26.06 examples/s]
Tokenizing train dataset:  13%|█▎        | 791/6112 [00:25<03:23, 26.17 examples/s]
Tokenizing train dataset:  13%|█▎        | 795/6112 [00:25<03:24, 25.95 examples/s]
Tokenizing train dataset:  13%|█▎        | 799/6112 [00:26<03:19, 26.59 examples/s]
Tokenizing train dataset:  13%|█▎        | 803/6112 [00:26<03:14, 27.36 examples/s]
Tokenizing train dataset:  13%|█▎        | 807/6112 [00:26<03:06, 28.39 examples/s]
Tokenizing train dataset:  13%|█▎        | 811/6112 [00:26<03:03, 28.85 examples/s]
Tokenizing train dataset:  13%|█▎        | 815/6112 [00:26<03:03, 28.88 examples/s]
Tokenizing train dataset:  13%|█▎        | 819/6112 [00:26<03:00, 29.33 examples/s]
Tokenizing train dataset:  13%|█▎        | 823/6112 [00:26<02:59, 29.41 examples/s]
Tokenizing train dataset:  14%|█▎        | 827/6112 [00:27<02:55, 30.09 examples/s]
Tokenizing train dataset:  14%|█▎        | 831/6112 [00:27<02:54, 30.18 examples/s]
Tokenizing train dataset:  14%|█▎        | 835/6112 [00:27<02:56, 29.86 examples/s]
Tokenizing train dataset:  14%|█▎        | 839/6112 [00:27<02:56, 29.88 examples/s]
Tokenizing train dataset:  14%|█▍        | 843/6112 [00:27<02:57, 29.64 examples/s]
Tokenizing train dataset:  14%|█▍        | 847/6112 [00:27<02:58, 29.50 examples/s]
Tokenizing train dataset:  14%|█▍        | 851/6112 [00:27<02:59, 29.37 examples/s]
Tokenizing train dataset:  14%|█▍        | 855/6112 [00:27<02:59, 29.36 examples/s]
Tokenizing train dataset:  14%|█▍        | 859/6112 [00:28<02:58, 29.48 examples/s]
Tokenizing train dataset:  14%|█▍        | 863/6112 [00:28<02:59, 29.29 examples/s]
Tokenizing train dataset:  14%|█▍        | 867/6112 [00:28<02:57, 29.54 examples/s]
Tokenizing train dataset:  14%|█▍        | 871/6112 [00:28<02:56, 29.72 examples/s]
Tokenizing train dataset:  14%|█▍        | 875/6112 [00:28<02:55, 29.80 examples/s]
Tokenizing train dataset:  14%|█▍        | 879/6112 [00:28<02:55, 29.76 examples/s]
Tokenizing train dataset:  14%|█▍        | 883/6112 [00:28<02:56, 29.66 examples/s]
Tokenizing train dataset:  15%|█▍        | 887/6112 [00:29<02:56, 29.65 examples/s]
Tokenizing train dataset:  15%|█▍        | 891/6112 [00:29<02:56, 29.59 examples/s]
Tokenizing train dataset:  15%|█▍        | 895/6112 [00:29<02:55, 29.69 examples/s]
Tokenizing train dataset:  15%|█▍        | 899/6112 [00:29<02:55, 29.69 examples/s]
Tokenizing train dataset:  15%|█▍        | 903/6112 [00:29<02:58, 29.20 examples/s]
Tokenizing train dataset:  15%|█▍        | 907/6112 [00:29<02:57, 29.31 examples/s]
Tokenizing train dataset:  15%|█▍        | 911/6112 [00:29<02:59, 28.92 examples/s]
Tokenizing train dataset:  15%|█▍        | 915/6112 [00:30<03:00, 28.82 examples/s]
Tokenizing train dataset:  15%|█▌        | 919/6112 [00:30<03:00, 28.77 examples/s]
Tokenizing train dataset:  15%|█▌        | 923/6112 [00:30<03:04, 28.18 examples/s]
Tokenizing train dataset:  15%|█▌        | 927/6112 [00:30<03:05, 27.93 examples/s]
Tokenizing train dataset:  15%|█▌        | 931/6112 [00:30<03:05, 27.88 examples/s]
Tokenizing train dataset:  15%|█▌        | 935/6112 [00:30<03:01, 28.60 examples/s]
Tokenizing train dataset:  15%|█▌        | 939/6112 [00:30<02:56, 29.39 examples/s]
Tokenizing train dataset:  15%|█▌        | 943/6112 [00:31<02:58, 28.94 examples/s]
Tokenizing train dataset:  15%|█▌        | 947/6112 [00:31<02:55, 29.35 examples/s]
Tokenizing train dataset:  16%|█▌        | 951/6112 [00:31<02:53, 29.70 examples/s]
Tokenizing train dataset:  16%|█▌        | 955/6112 [00:31<02:54, 29.62 examples/s]
Tokenizing train dataset:  16%|█▌        | 959/6112 [00:31<02:52, 29.88 examples/s]
Tokenizing train dataset:  16%|█▌        | 963/6112 [00:31<02:51, 30.03 examples/s]
Tokenizing train dataset:  16%|█▌        | 967/6112 [00:31<02:51, 29.93 examples/s]
Tokenizing train dataset:  16%|█▌        | 971/6112 [00:31<02:50, 30.11 examples/s]
Tokenizing train dataset:  16%|█▌        | 975/6112 [00:32<02:51, 30.04 examples/s]
Tokenizing train dataset:  16%|█▌        | 979/6112 [00:32<02:53, 29.67 examples/s]
Tokenizing train dataset:  16%|█▌        | 983/6112 [00:32<02:55, 29.27 examples/s]
Tokenizing train dataset:  16%|█▌        | 987/6112 [00:32<02:56, 28.99 examples/s]
Tokenizing train dataset:  16%|█▌        | 991/6112 [00:32<02:56, 28.94 examples/s]
Tokenizing train dataset:  16%|█▋        | 995/6112 [00:32<02:55, 29.10 examples/s]
Tokenizing train dataset:  16%|█▋        | 999/6112 [00:32<02:58, 28.62 examples/s]
Tokenizing train dataset:  16%|█▋        | 1002/6112 [00:33<08:22, 10.18 examples/s]
Tokenizing train dataset:  16%|█▋        | 1006/6112 [00:33<06:36, 12.87 examples/s]
Tokenizing train dataset:  17%|█▋        | 1010/6112 [00:34<05:28, 15.51 examples/s]
Tokenizing train dataset:  17%|█▋        | 1014/6112 [00:34<04:42, 18.06 examples/s]
Tokenizing train dataset:  17%|█▋        | 1018/6112 [00:34<04:07, 20.54 examples/s]
Tokenizing train dataset:  17%|█▋        | 1022/6112 [00:34<03:44, 22.69 examples/s]
Tokenizing train dataset:  17%|█▋        | 1026/6112 [00:34<03:27, 24.55 examples/s]
Tokenizing train dataset:  17%|█▋        | 1030/6112 [00:34<03:18, 25.65 examples/s]
Tokenizing train dataset:  17%|█▋        | 1034/6112 [00:34<03:12, 26.42 examples/s]
Tokenizing train dataset:  17%|█▋        | 1038/6112 [00:35<03:06, 27.18 examples/s]
Tokenizing train dataset:  17%|█▋        | 1042/6112 [00:35<03:03, 27.63 examples/s]
Tokenizing train dataset:  17%|█▋        | 1046/6112 [00:35<03:01, 27.90 examples/s]
Tokenizing train dataset:  17%|█▋        | 1050/6112 [00:35<02:59, 28.17 examples/s]
Tokenizing train dataset:  17%|█▋        | 1054/6112 [00:35<02:56, 28.70 examples/s]
Tokenizing train dataset:  17%|█▋        | 1058/6112 [00:35<02:56, 28.55 examples/s]
Tokenizing train dataset:  17%|█▋        | 1062/6112 [00:35<02:54, 28.89 examples/s]
Tokenizing train dataset:  17%|█▋        | 1066/6112 [00:36<02:58, 28.22 examples/s]
Tokenizing train dataset:  18%|█▊        | 1070/6112 [00:36<02:59, 28.02 examples/s]
Tokenizing train dataset:  18%|█▊        | 1074/6112 [00:36<02:56, 28.49 examples/s]
Tokenizing train dataset:  18%|█▊        | 1078/6112 [00:36<02:56, 28.59 examples/s]
Tokenizing train dataset:  18%|█▊        | 1082/6112 [00:36<02:52, 29.11 examples/s]
Tokenizing train dataset:  18%|█▊        | 1086/6112 [00:36<02:52, 29.09 examples/s]
Tokenizing train dataset:  18%|█▊        | 1090/6112 [00:36<02:51, 29.29 examples/s]
Tokenizing train dataset:  18%|█▊        | 1094/6112 [00:36<02:53, 29.00 examples/s]
Tokenizing train dataset:  18%|█▊        | 1098/6112 [00:37<02:59, 27.86 examples/s]
Tokenizing train dataset:  18%|█▊        | 1102/6112 [00:37<02:57, 28.26 examples/s]
Tokenizing train dataset:  18%|█▊        | 1106/6112 [00:37<02:55, 28.48 examples/s]
Tokenizing train dataset:  18%|█▊        | 1110/6112 [00:37<02:56, 28.35 examples/s]
Tokenizing train dataset:  18%|█▊        | 1114/6112 [00:37<02:56, 28.29 examples/s]
Tokenizing train dataset:  18%|█▊        | 1118/6112 [00:37<02:53, 28.80 examples/s]
Tokenizing train dataset:  18%|█▊        | 1122/6112 [00:37<02:53, 28.76 examples/s]
Tokenizing train dataset:  18%|█▊        | 1126/6112 [00:38<02:50, 29.29 examples/s]
Tokenizing train dataset:  18%|█▊        | 1130/6112 [00:38<02:52, 28.89 examples/s]
Tokenizing train dataset:  19%|█▊        | 1134/6112 [00:38<02:53, 28.67 examples/s]
Tokenizing train dataset:  19%|█▊        | 1138/6112 [00:38<02:56, 28.20 examples/s]
Tokenizing train dataset:  19%|█▊        | 1142/6112 [00:38<02:54, 28.52 examples/s]
Tokenizing train dataset:  19%|█▉        | 1146/6112 [00:38<02:55, 28.29 examples/s]
Tokenizing train dataset:  19%|█▉        | 1150/6112 [00:38<02:52, 28.77 examples/s]
Tokenizing train dataset:  19%|█▉        | 1154/6112 [00:39<02:51, 28.95 examples/s]
Tokenizing train dataset:  19%|█▉        | 1158/6112 [00:39<02:49, 29.27 examples/s]
Tokenizing train dataset:  19%|█▉        | 1162/6112 [00:39<02:45, 29.84 examples/s]
Tokenizing train dataset:  19%|█▉        | 1166/6112 [00:39<02:44, 30.10 examples/s]
Tokenizing train dataset:  19%|█▉        | 1170/6112 [00:39<02:42, 30.49 examples/s]
Tokenizing train dataset:  19%|█▉        | 1174/6112 [00:39<02:42, 30.32 examples/s]
Tokenizing train dataset:  19%|█▉        | 1178/6112 [00:39<02:35, 31.79 examples/s]
Tokenizing train dataset:  19%|█▉        | 1182/6112 [00:39<02:38, 31.05 examples/s]
Tokenizing train dataset:  19%|█▉        | 1186/6112 [00:40<02:40, 30.65 examples/s]
Tokenizing train dataset:  19%|█▉        | 1190/6112 [00:40<02:42, 30.37 examples/s]
Tokenizing train dataset:  20%|█▉        | 1194/6112 [00:40<02:43, 30.17 examples/s]
Tokenizing train dataset:  20%|█▉        | 1198/6112 [00:40<02:43, 30.14 examples/s]
Tokenizing train dataset:  20%|█▉        | 1202/6112 [00:40<02:43, 30.09 examples/s]
Tokenizing train dataset:  20%|█▉        | 1206/6112 [00:40<02:41, 30.32 examples/s]
Tokenizing train dataset:  20%|█▉        | 1210/6112 [00:40<02:42, 30.20 examples/s]
Tokenizing train dataset:  20%|█▉        | 1214/6112 [00:41<02:44, 29.73 examples/s]
Tokenizing train dataset:  20%|█▉        | 1218/6112 [00:41<02:45, 29.53 examples/s]
Tokenizing train dataset:  20%|█▉        | 1222/6112 [00:41<02:43, 29.82 examples/s]
Tokenizing train dataset:  20%|██        | 1226/6112 [00:41<02:42, 30.08 examples/s]
Tokenizing train dataset:  20%|██        | 1230/6112 [00:41<02:42, 29.99 examples/s]
Tokenizing train dataset:  20%|██        | 1234/6112 [00:41<02:42, 29.93 examples/s]
Tokenizing train dataset:  20%|██        | 1238/6112 [00:41<02:41, 30.10 examples/s]
Tokenizing train dataset:  20%|██        | 1242/6112 [00:41<02:41, 30.07 examples/s]
Tokenizing train dataset:  20%|██        | 1246/6112 [00:42<02:41, 30.09 examples/s]
Tokenizing train dataset:  20%|██        | 1250/6112 [00:42<02:41, 30.08 examples/s]
Tokenizing train dataset:  21%|██        | 1254/6112 [00:42<02:41, 30.17 examples/s]
Tokenizing train dataset:  21%|██        | 1258/6112 [00:42<02:41, 30.11 examples/s]
Tokenizing train dataset:  21%|██        | 1262/6112 [00:42<02:42, 29.90 examples/s]
Tokenizing train dataset:  21%|██        | 1266/6112 [00:42<02:40, 30.13 examples/s]
Tokenizing train dataset:  21%|██        | 1270/6112 [00:42<02:42, 29.73 examples/s]
Tokenizing train dataset:  21%|██        | 1274/6112 [00:43<02:43, 29.54 examples/s]
Tokenizing train dataset:  21%|██        | 1278/6112 [00:43<02:44, 29.47 examples/s]
Tokenizing train dataset:  21%|██        | 1282/6112 [00:43<02:44, 29.41 examples/s]
Tokenizing train dataset:  21%|██        | 1286/6112 [00:43<02:43, 29.52 examples/s]
Tokenizing train dataset:  21%|██        | 1290/6112 [00:43<02:41, 29.94 examples/s]
Tokenizing train dataset:  21%|██        | 1294/6112 [00:43<02:39, 30.15 examples/s]
Tokenizing train dataset:  21%|██        | 1298/6112 [00:43<02:41, 29.75 examples/s]
Tokenizing train dataset:  21%|██▏       | 1302/6112 [00:43<02:41, 29.80 examples/s]
Tokenizing train dataset:  21%|██▏       | 1306/6112 [00:44<02:41, 29.68 examples/s]
Tokenizing train dataset:  21%|██▏       | 1310/6112 [00:44<02:39, 30.03 examples/s]
Tokenizing train dataset:  21%|██▏       | 1314/6112 [00:44<02:39, 30.02 examples/s]
Tokenizing train dataset:  22%|██▏       | 1318/6112 [00:44<02:40, 29.88 examples/s]
Tokenizing train dataset:  22%|██▏       | 1322/6112 [00:44<02:38, 30.13 examples/s]
Tokenizing train dataset:  22%|██▏       | 1326/6112 [00:44<02:37, 30.42 examples/s]
Tokenizing train dataset:  22%|██▏       | 1330/6112 [00:44<02:37, 30.28 examples/s]
Tokenizing train dataset:  22%|██▏       | 1334/6112 [00:45<02:37, 30.35 examples/s]
Tokenizing train dataset:  22%|██▏       | 1338/6112 [00:45<02:46, 28.71 examples/s]
Tokenizing train dataset:  22%|██▏       | 1342/6112 [00:45<02:43, 29.22 examples/s]
Tokenizing train dataset:  22%|██▏       | 1346/6112 [00:45<02:42, 29.25 examples/s]
Tokenizing train dataset:  22%|██▏       | 1350/6112 [00:45<02:40, 29.61 examples/s]
Tokenizing train dataset:  22%|██▏       | 1354/6112 [00:45<02:40, 29.71 examples/s]
Tokenizing train dataset:  22%|██▏       | 1358/6112 [00:45<02:39, 29.87 examples/s]
Tokenizing train dataset:  22%|██▏       | 1362/6112 [00:46<02:38, 29.88 examples/s]
Tokenizing train dataset:  22%|██▏       | 1366/6112 [00:46<02:38, 29.93 examples/s]
Tokenizing train dataset:  22%|██▏       | 1370/6112 [00:46<02:38, 29.96 examples/s]
Tokenizing train dataset:  22%|██▏       | 1374/6112 [00:46<02:39, 29.79 examples/s]
Tokenizing train dataset:  23%|██▎       | 1378/6112 [00:46<02:38, 29.92 examples/s]
Tokenizing train dataset:  23%|██▎       | 1382/6112 [00:46<02:40, 29.53 examples/s]
Tokenizing train dataset:  23%|██▎       | 1386/6112 [00:46<02:39, 29.55 examples/s]
Tokenizing train dataset:  23%|██▎       | 1390/6112 [00:46<02:37, 29.99 examples/s]
Tokenizing train dataset:  23%|██▎       | 1394/6112 [00:47<02:38, 29.82 examples/s]
Tokenizing train dataset:  23%|██▎       | 1398/6112 [00:47<02:38, 29.82 examples/s]
Tokenizing train dataset:  23%|██▎       | 1402/6112 [00:47<02:38, 29.66 examples/s]
Tokenizing train dataset:  23%|██▎       | 1406/6112 [00:47<02:39, 29.50 examples/s]
Tokenizing train dataset:  23%|██▎       | 1410/6112 [00:47<02:38, 29.65 examples/s]
Tokenizing train dataset:  23%|██▎       | 1414/6112 [00:47<02:37, 29.85 examples/s]
Tokenizing train dataset:  23%|██▎       | 1418/6112 [00:47<02:34, 30.48 examples/s]
Tokenizing train dataset:  23%|██▎       | 1422/6112 [00:48<02:34, 30.32 examples/s]
Tokenizing train dataset:  23%|██▎       | 1426/6112 [00:48<02:33, 30.53 examples/s]
Tokenizing train dataset:  23%|██▎       | 1430/6112 [00:48<02:34, 30.33 examples/s]
Tokenizing train dataset:  23%|██▎       | 1434/6112 [00:48<02:34, 30.25 examples/s]
Tokenizing train dataset:  24%|██▎       | 1438/6112 [00:48<02:34, 30.27 examples/s]
Tokenizing train dataset:  24%|██▎       | 1442/6112 [00:48<02:34, 30.22 examples/s]
Tokenizing train dataset:  24%|██▎       | 1446/6112 [00:48<02:35, 29.93 examples/s]
Tokenizing train dataset:  24%|██▎       | 1450/6112 [00:48<02:36, 29.88 examples/s]
Tokenizing train dataset:  24%|██▍       | 1454/6112 [00:49<02:37, 29.59 examples/s]
Tokenizing train dataset:  24%|██▍       | 1458/6112 [00:49<02:38, 29.40 examples/s]
Tokenizing train dataset:  24%|██▍       | 1462/6112 [00:49<02:35, 29.98 examples/s]
Tokenizing train dataset:  24%|██▍       | 1466/6112 [00:49<02:36, 29.72 examples/s]
Tokenizing train dataset:  24%|██▍       | 1470/6112 [00:49<02:38, 29.36 examples/s]
Tokenizing train dataset:  24%|██▍       | 1474/6112 [00:49<02:36, 29.60 examples/s]
Tokenizing train dataset:  24%|██▍       | 1478/6112 [00:49<02:33, 30.10 examples/s]
Tokenizing train dataset:  24%|██▍       | 1482/6112 [00:50<02:34, 29.96 examples/s]
Tokenizing train dataset:  24%|██▍       | 1486/6112 [00:50<02:34, 29.95 examples/s]
Tokenizing train dataset:  24%|██▍       | 1490/6112 [00:50<02:35, 29.80 examples/s]
Tokenizing train dataset:  24%|██▍       | 1494/6112 [00:50<02:35, 29.77 examples/s]
Tokenizing train dataset:  25%|██▍       | 1498/6112 [00:50<02:34, 29.84 examples/s]
Tokenizing train dataset:  25%|██▍       | 1502/6112 [00:50<02:34, 29.90 examples/s]
Tokenizing train dataset:  25%|██▍       | 1506/6112 [00:50<02:32, 30.29 examples/s]
Tokenizing train dataset:  25%|██▍       | 1510/6112 [00:50<02:33, 30.03 examples/s]
Tokenizing train dataset:  25%|██▍       | 1514/6112 [00:51<02:29, 30.69 examples/s]
Tokenizing train dataset:  25%|██▍       | 1518/6112 [00:51<02:30, 30.57 examples/s]
Tokenizing train dataset:  25%|██▍       | 1522/6112 [00:51<02:32, 30.19 examples/s]
Tokenizing train dataset:  25%|██▍       | 1526/6112 [00:51<02:32, 30.05 examples/s]
Tokenizing train dataset:  25%|██▌       | 1530/6112 [00:51<02:32, 30.09 examples/s]
Tokenizing train dataset:  25%|██▌       | 1534/6112 [00:51<02:33, 29.88 examples/s]
Tokenizing train dataset:  25%|██▌       | 1538/6112 [00:51<02:35, 29.32 examples/s]
Tokenizing train dataset:  25%|██▌       | 1542/6112 [00:52<02:35, 29.42 examples/s]
Tokenizing train dataset:  25%|██▌       | 1546/6112 [00:52<02:32, 29.87 examples/s]
Tokenizing train dataset:  25%|██▌       | 1550/6112 [00:52<02:33, 29.70 examples/s]
Tokenizing train dataset:  25%|██▌       | 1554/6112 [00:52<02:33, 29.75 examples/s]
Tokenizing train dataset:  25%|██▌       | 1558/6112 [00:52<02:32, 29.93 examples/s]
Tokenizing train dataset:  26%|██▌       | 1562/6112 [00:52<02:32, 29.90 examples/s]
Tokenizing train dataset:  26%|██▌       | 1566/6112 [00:52<02:29, 30.51 examples/s]
Tokenizing train dataset:  26%|██▌       | 1570/6112 [00:52<02:30, 30.16 examples/s]
Tokenizing train dataset:  26%|██▌       | 1574/6112 [00:53<02:30, 30.24 examples/s]
Tokenizing train dataset:  26%|██▌       | 1578/6112 [00:53<02:28, 30.47 examples/s]
Tokenizing train dataset:  26%|██▌       | 1582/6112 [00:53<02:29, 30.23 examples/s]
Tokenizing train dataset:  26%|██▌       | 1586/6112 [00:53<02:30, 30.05 examples/s]
Tokenizing train dataset:  26%|██▌       | 1590/6112 [00:53<02:29, 30.17 examples/s]
Tokenizing train dataset:  26%|██▌       | 1594/6112 [00:53<02:30, 29.99 examples/s]
Tokenizing train dataset:  26%|██▌       | 1598/6112 [00:53<02:28, 30.39 examples/s]
Tokenizing train dataset:  26%|██▌       | 1602/6112 [00:54<02:29, 30.24 examples/s]
Tokenizing train dataset:  26%|██▋       | 1606/6112 [00:54<02:30, 29.86 examples/s]
Tokenizing train dataset:  26%|██▋       | 1610/6112 [00:54<02:30, 29.99 examples/s]
Tokenizing train dataset:  26%|██▋       | 1614/6112 [00:54<02:31, 29.74 examples/s]
Tokenizing train dataset:  26%|██▋       | 1618/6112 [00:54<02:30, 29.92 examples/s]
Tokenizing train dataset:  27%|██▋       | 1622/6112 [00:54<02:29, 30.04 examples/s]
Tokenizing train dataset:  27%|██▋       | 1626/6112 [00:54<02:28, 30.18 examples/s]
Tokenizing train dataset:  27%|██▋       | 1630/6112 [00:54<02:26, 30.56 examples/s]
Tokenizing train dataset:  27%|██▋       | 1634/6112 [00:55<02:25, 30.79 examples/s]
Tokenizing train dataset:  27%|██▋       | 1638/6112 [00:55<02:26, 30.52 examples/s]
Tokenizing train dataset:  27%|██▋       | 1642/6112 [00:55<02:30, 29.78 examples/s]
Tokenizing train dataset:  27%|██▋       | 1646/6112 [00:55<02:26, 30.49 examples/s]
Tokenizing train dataset:  27%|██▋       | 1650/6112 [00:55<02:24, 30.79 examples/s]
Tokenizing train dataset:  27%|██▋       | 1654/6112 [00:55<02:23, 31.08 examples/s]
Tokenizing train dataset:  27%|██▋       | 1658/6112 [00:55<02:24, 30.84 examples/s]
Tokenizing train dataset:  27%|██▋       | 1662/6112 [00:55<02:22, 31.23 examples/s]
Tokenizing train dataset:  27%|██▋       | 1666/6112 [00:56<02:24, 30.72 examples/s]
Tokenizing train dataset:  27%|██▋       | 1670/6112 [00:56<02:24, 30.75 examples/s]
Tokenizing train dataset:  27%|██▋       | 1674/6112 [00:56<02:28, 29.97 examples/s]
Tokenizing train dataset:  27%|██▋       | 1678/6112 [00:56<02:26, 30.26 examples/s]
Tokenizing train dataset:  28%|██▊       | 1682/6112 [00:56<02:26, 30.17 examples/s]
Tokenizing train dataset:  28%|██▊       | 1686/6112 [00:56<02:25, 30.34 examples/s]
Tokenizing train dataset:  28%|██▊       | 1690/6112 [00:56<02:25, 30.31 examples/s]
Tokenizing train dataset:  28%|██▊       | 1694/6112 [00:57<02:26, 30.16 examples/s]
Tokenizing train dataset:  28%|██▊       | 1698/6112 [00:57<02:32, 28.97 examples/s]
Tokenizing train dataset:  28%|██▊       | 1702/6112 [00:57<02:30, 29.35 examples/s]
Tokenizing train dataset:  28%|██▊       | 1706/6112 [00:57<02:29, 29.53 examples/s]
Tokenizing train dataset:  28%|██▊       | 1710/6112 [00:57<02:28, 29.64 examples/s]
Tokenizing train dataset:  28%|██▊       | 1714/6112 [00:57<02:29, 29.39 examples/s]
Tokenizing train dataset:  28%|██▊       | 1718/6112 [00:57<02:27, 29.79 examples/s]
Tokenizing train dataset:  28%|██▊       | 1722/6112 [00:57<02:28, 29.61 examples/s]
Tokenizing train dataset:  28%|██▊       | 1726/6112 [00:58<02:26, 29.96 examples/s]
Tokenizing train dataset:  28%|██▊       | 1730/6112 [00:58<02:24, 30.33 examples/s]
Tokenizing train dataset:  28%|██▊       | 1734/6112 [00:58<02:24, 30.23 examples/s]
Tokenizing train dataset:  28%|██▊       | 1738/6112 [00:58<02:27, 29.74 examples/s]
Tokenizing train dataset:  29%|██▊       | 1742/6112 [00:58<02:28, 29.43 examples/s]
Tokenizing train dataset:  29%|██▊       | 1746/6112 [00:58<02:28, 29.49 examples/s]
Tokenizing train dataset:  29%|██▊       | 1750/6112 [00:58<02:26, 29.78 examples/s]
Tokenizing train dataset:  29%|██▊       | 1754/6112 [00:59<02:26, 29.68 examples/s]
Tokenizing train dataset:  29%|██▉       | 1758/6112 [00:59<02:28, 29.36 examples/s]
Tokenizing train dataset:  29%|██▉       | 1762/6112 [00:59<02:27, 29.50 examples/s]
Tokenizing train dataset:  29%|██▉       | 1766/6112 [00:59<02:25, 29.78 examples/s]
Tokenizing train dataset:  29%|██▉       | 1770/6112 [00:59<02:25, 29.89 examples/s]
Tokenizing train dataset:  29%|██▉       | 1774/6112 [00:59<02:26, 29.65 examples/s]
Tokenizing train dataset:  29%|██▉       | 1778/6112 [00:59<02:23, 30.10 examples/s]
Tokenizing train dataset:  29%|██▉       | 1782/6112 [01:00<02:22, 30.33 examples/s]
Tokenizing train dataset:  29%|██▉       | 1786/6112 [01:00<02:22, 30.26 examples/s]
Tokenizing train dataset:  29%|██▉       | 1790/6112 [01:00<02:24, 29.99 examples/s]
Tokenizing train dataset:  29%|██▉       | 1794/6112 [01:00<02:24, 29.98 examples/s]
Tokenizing train dataset:  29%|██▉       | 1798/6112 [01:00<02:26, 29.53 examples/s]
Tokenizing train dataset:  29%|██▉       | 1802/6112 [01:00<02:25, 29.62 examples/s]
Tokenizing train dataset:  30%|██▉       | 1806/6112 [01:00<02:28, 29.04 examples/s]
Tokenizing train dataset:  30%|██▉       | 1810/6112 [01:00<02:31, 28.35 examples/s]
Tokenizing train dataset:  30%|██▉       | 1814/6112 [01:01<02:33, 28.02 examples/s]
Tokenizing train dataset:  30%|██▉       | 1818/6112 [01:01<02:34, 27.88 examples/s]
Tokenizing train dataset:  30%|██▉       | 1822/6112 [01:01<02:36, 27.34 examples/s]
Tokenizing train dataset:  30%|██▉       | 1826/6112 [01:01<02:37, 27.18 examples/s]
Tokenizing train dataset:  30%|██▉       | 1830/6112 [01:01<02:35, 27.52 examples/s]
Tokenizing train dataset:  30%|███       | 1834/6112 [01:01<02:35, 27.58 examples/s]
Tokenizing train dataset:  30%|███       | 1838/6112 [01:02<02:36, 27.25 examples/s]
Tokenizing train dataset:  30%|███       | 1842/6112 [01:02<02:33, 27.74 examples/s]
Tokenizing train dataset:  30%|███       | 1846/6112 [01:02<02:33, 27.74 examples/s]
Tokenizing train dataset:  30%|███       | 1850/6112 [01:02<02:31, 28.14 examples/s]
Tokenizing train dataset:  30%|███       | 1854/6112 [01:02<02:29, 28.47 examples/s]
Tokenizing train dataset:  30%|███       | 1858/6112 [01:02<02:25, 29.26 examples/s]
Tokenizing train dataset:  30%|███       | 1862/6112 [01:02<02:24, 29.39 examples/s]
Tokenizing train dataset:  31%|███       | 1866/6112 [01:02<02:24, 29.41 examples/s]
Tokenizing train dataset:  31%|███       | 1870/6112 [01:03<02:22, 29.70 examples/s]
Tokenizing train dataset:  31%|███       | 1874/6112 [01:03<02:22, 29.65 examples/s]
Tokenizing train dataset:  31%|███       | 1878/6112 [01:03<02:21, 30.02 examples/s]
Tokenizing train dataset:  31%|███       | 1882/6112 [01:03<02:18, 30.50 examples/s]
Tokenizing train dataset:  31%|███       | 1886/6112 [01:03<02:18, 30.53 examples/s]
Tokenizing train dataset:  31%|███       | 1890/6112 [01:03<02:16, 30.96 examples/s]
Tokenizing train dataset:  31%|███       | 1894/6112 [01:03<02:16, 30.82 examples/s]
Tokenizing train dataset:  31%|███       | 1898/6112 [01:03<02:15, 31.21 examples/s]
Tokenizing train dataset:  31%|███       | 1902/6112 [01:04<02:15, 31.09 examples/s]
Tokenizing train dataset:  31%|███       | 1906/6112 [01:04<02:15, 31.04 examples/s]
Tokenizing train dataset:  31%|███▏      | 1910/6112 [01:04<02:17, 30.54 examples/s]
Tokenizing train dataset:  31%|███▏      | 1914/6112 [01:04<02:22, 29.51 examples/s]
Tokenizing train dataset:  31%|███▏      | 1918/6112 [01:04<02:25, 28.73 examples/s]
Tokenizing train dataset:  31%|███▏      | 1922/6112 [01:04<02:28, 28.16 examples/s]
Tokenizing train dataset:  32%|███▏      | 1926/6112 [01:04<02:31, 27.70 examples/s]
Tokenizing train dataset:  32%|███▏      | 1930/6112 [01:05<02:30, 27.81 examples/s]
Tokenizing train dataset:  32%|███▏      | 1934/6112 [01:05<02:32, 27.41 examples/s]
Tokenizing train dataset:  32%|███▏      | 1938/6112 [01:05<02:34, 27.05 examples/s]
Tokenizing train dataset:  32%|███▏      | 1942/6112 [01:05<02:35, 26.78 examples/s]
Tokenizing train dataset:  32%|███▏      | 1946/6112 [01:05<02:32, 27.28 examples/s]
Tokenizing train dataset:  32%|███▏      | 1950/6112 [01:05<02:29, 27.80 examples/s]
Tokenizing train dataset:  32%|███▏      | 1954/6112 [01:05<02:26, 28.35 examples/s]
Tokenizing train dataset:  32%|███▏      | 1958/6112 [01:06<02:23, 28.91 examples/s]
Tokenizing train dataset:  32%|███▏      | 1962/6112 [01:06<02:20, 29.51 examples/s]
Tokenizing train dataset:  32%|███▏      | 1966/6112 [01:06<02:19, 29.62 examples/s]
Tokenizing train dataset:  32%|███▏      | 1970/6112 [01:06<02:20, 29.43 examples/s]
Tokenizing train dataset:  32%|███▏      | 1974/6112 [01:06<02:20, 29.43 examples/s]
Tokenizing train dataset:  32%|███▏      | 1978/6112 [01:06<02:20, 29.45 examples/s]
Tokenizing train dataset:  32%|███▏      | 1982/6112 [01:06<02:20, 29.47 examples/s]
Tokenizing train dataset:  32%|███▏      | 1986/6112 [01:07<02:19, 29.66 examples/s]
Tokenizing train dataset:  33%|███▎      | 1990/6112 [01:07<02:19, 29.60 examples/s]
Tokenizing train dataset:  33%|███▎      | 1994/6112 [01:07<02:20, 29.32 examples/s]
Tokenizing train dataset:  33%|███▎      | 1998/6112 [01:07<02:19, 29.44 examples/s]
Tokenizing train dataset:  33%|███▎      | 2002/6112 [01:07<04:14, 16.16 examples/s]
Tokenizing train dataset:  33%|███▎      | 2006/6112 [01:08<03:39, 18.69 examples/s]
Tokenizing train dataset:  33%|███▎      | 2010/6112 [01:08<03:16, 20.86 examples/s]
Tokenizing train dataset:  33%|███▎      | 2014/6112 [01:08<03:00, 22.69 examples/s]
Tokenizing train dataset:  33%|███▎      | 2018/6112 [01:08<02:48, 24.29 examples/s]
Tokenizing train dataset:  33%|███▎      | 2022/6112 [01:08<02:42, 25.24 examples/s]
Tokenizing train dataset:  33%|███▎      | 2026/6112 [01:08<02:34, 26.50 examples/s]
Tokenizing train dataset:  33%|███▎      | 2030/6112 [01:08<02:29, 27.37 examples/s]
Tokenizing train dataset:  33%|███▎      | 2034/6112 [01:09<02:25, 27.99 examples/s]
Tokenizing train dataset:  33%|███▎      | 2038/6112 [01:09<02:23, 28.40 examples/s]
Tokenizing train dataset:  33%|███▎      | 2042/6112 [01:09<02:21, 28.78 examples/s]
Tokenizing train dataset:  33%|███▎      | 2046/6112 [01:09<02:21, 28.73 examples/s]
Tokenizing train dataset:  34%|███▎      | 2050/6112 [01:09<02:20, 28.98 examples/s]
Tokenizing train dataset:  34%|███▎      | 2054/6112 [01:09<02:19, 29.14 examples/s]
Tokenizing train dataset:  34%|███▎      | 2058/6112 [01:09<02:18, 29.21 examples/s]
Tokenizing train dataset:  34%|███▎      | 2062/6112 [01:10<02:18, 29.20 examples/s]
Tokenizing train dataset:  34%|███▍      | 2066/6112 [01:10<02:17, 29.51 examples/s]
Tokenizing train dataset:  34%|███▍      | 2070/6112 [01:10<02:17, 29.46 examples/s]
Tokenizing train dataset:  34%|███▍      | 2074/6112 [01:10<02:16, 29.50 examples/s]
Tokenizing train dataset:  34%|███▍      | 2078/6112 [01:10<02:17, 29.38 examples/s]
Tokenizing train dataset:  34%|███▍      | 2082/6112 [01:10<02:15, 29.79 examples/s]
Tokenizing train dataset:  34%|███▍      | 2086/6112 [01:10<02:15, 29.80 examples/s]
Tokenizing train dataset:  34%|███▍      | 2090/6112 [01:10<02:15, 29.75 examples/s]
Tokenizing train dataset:  34%|███▍      | 2094/6112 [01:11<02:14, 29.78 examples/s]
Tokenizing train dataset:  34%|███▍      | 2098/6112 [01:11<02:12, 30.25 examples/s]
Tokenizing train dataset:  34%|███▍      | 2102/6112 [01:11<02:10, 30.63 examples/s]
Tokenizing train dataset:  34%|███▍      | 2106/6112 [01:11<02:08, 31.22 examples/s]
Tokenizing train dataset:  35%|███▍      | 2110/6112 [01:11<02:09, 30.96 examples/s]
Tokenizing train dataset:  35%|███▍      | 2114/6112 [01:11<02:10, 30.64 examples/s]
Tokenizing train dataset:  35%|███▍      | 2118/6112 [01:11<02:11, 30.33 examples/s]
Tokenizing train dataset:  35%|███▍      | 2122/6112 [01:12<02:12, 30.22 examples/s]
Tokenizing train dataset:  35%|███▍      | 2126/6112 [01:12<02:11, 30.37 examples/s]
Tokenizing train dataset:  35%|███▍      | 2130/6112 [01:12<02:11, 30.19 examples/s]
Tokenizing train dataset:  35%|███▍      | 2134/6112 [01:12<02:13, 29.87 examples/s]
Tokenizing train dataset:  35%|███▍      | 2138/6112 [01:12<02:14, 29.62 examples/s]
Tokenizing train dataset:  35%|███▌      | 2142/6112 [01:12<02:13, 29.80 examples/s]
Tokenizing train dataset:  35%|███▌      | 2146/6112 [01:12<02:12, 30.02 examples/s]
Tokenizing train dataset:  35%|███▌      | 2150/6112 [01:12<02:12, 29.90 examples/s]
Tokenizing train dataset:  35%|███▌      | 2154/6112 [01:13<02:11, 30.05 examples/s]
Tokenizing train dataset:  35%|███▌      | 2158/6112 [01:13<02:10, 30.27 examples/s]
Tokenizing train dataset:  35%|███▌      | 2162/6112 [01:13<02:10, 30.20 examples/s]
Tokenizing train dataset:  35%|███▌      | 2166/6112 [01:13<02:10, 30.20 examples/s]
Tokenizing train dataset:  36%|███▌      | 2170/6112 [01:13<02:10, 30.16 examples/s]
Tokenizing train dataset:  36%|███▌      | 2174/6112 [01:13<02:11, 29.91 examples/s]
Tokenizing train dataset:  36%|███▌      | 2178/6112 [01:13<02:12, 29.73 examples/s]
Tokenizing train dataset:  36%|███▌      | 2182/6112 [01:14<02:12, 29.66 examples/s]
Tokenizing train dataset:  36%|███▌      | 2186/6112 [01:14<02:11, 29.93 examples/s]
Tokenizing train dataset:  36%|███▌      | 2190/6112 [01:14<02:09, 30.39 examples/s]
Tokenizing train dataset:  36%|███▌      | 2194/6112 [01:14<02:10, 29.98 examples/s]
Tokenizing train dataset:  36%|███▌      | 2198/6112 [01:14<02:10, 30.10 examples/s]
Tokenizing train dataset:  36%|███▌      | 2202/6112 [01:14<02:12, 29.51 examples/s]
Tokenizing train dataset:  36%|███▌      | 2206/6112 [01:14<02:10, 29.92 examples/s]
Tokenizing train dataset:  36%|███▌      | 2210/6112 [01:14<02:09, 30.17 examples/s]
Tokenizing train dataset:  36%|███▌      | 2214/6112 [01:15<02:08, 30.42 examples/s]
Tokenizing train dataset:  36%|███▋      | 2218/6112 [01:15<02:09, 30.18 examples/s]
Tokenizing train dataset:  36%|███▋      | 2222/6112 [01:15<02:08, 30.27 examples/s]
Tokenizing train dataset:  36%|███▋      | 2226/6112 [01:15<02:09, 30.07 examples/s]
Tokenizing train dataset:  36%|███▋      | 2230/6112 [01:15<02:10, 29.79 examples/s]
Tokenizing train dataset:  37%|███▋      | 2234/6112 [01:15<02:09, 29.91 examples/s]
Tokenizing train dataset:  37%|███▋      | 2238/6112 [01:15<02:08, 30.05 examples/s]
Tokenizing train dataset:  37%|███▋      | 2242/6112 [01:16<02:07, 30.45 examples/s]
Tokenizing train dataset:  37%|███▋      | 2246/6112 [01:16<02:06, 30.51 examples/s]
Tokenizing train dataset:  37%|███▋      | 2250/6112 [01:16<02:04, 30.95 examples/s]
Tokenizing train dataset:  37%|███▋      | 2254/6112 [01:16<02:04, 30.97 examples/s]
Tokenizing train dataset:  37%|███▋      | 2258/6112 [01:16<02:04, 31.05 examples/s]
Tokenizing train dataset:  37%|███▋      | 2262/6112 [01:16<02:06, 30.46 examples/s]
Tokenizing train dataset:  37%|███▋      | 2266/6112 [01:16<02:06, 30.29 examples/s]
Tokenizing train dataset:  37%|███▋      | 2270/6112 [01:16<02:08, 29.91 examples/s]
Tokenizing train dataset:  37%|███▋      | 2274/6112 [01:17<02:07, 30.13 examples/s]
Tokenizing train dataset:  37%|███▋      | 2278/6112 [01:17<02:06, 30.27 examples/s]
Tokenizing train dataset:  37%|███▋      | 2282/6112 [01:17<02:07, 30.07 examples/s]
Tokenizing train dataset:  37%|███▋      | 2286/6112 [01:17<02:05, 30.61 examples/s]
Tokenizing train dataset:  37%|███▋      | 2290/6112 [01:17<02:05, 30.45 examples/s]
Tokenizing train dataset:  38%|███▊      | 2294/6112 [01:17<02:09, 29.47 examples/s]
Tokenizing train dataset:  38%|███▊      | 2298/6112 [01:17<02:11, 28.93 examples/s]
Tokenizing train dataset:  38%|███▊      | 2302/6112 [01:18<02:10, 29.14 examples/s]
Tokenizing train dataset:  38%|███▊      | 2306/6112 [01:18<02:10, 29.24 examples/s]
Tokenizing train dataset:  38%|███▊      | 2310/6112 [01:18<02:10, 29.07 examples/s]
Tokenizing train dataset:  38%|███▊      | 2314/6112 [01:18<02:08, 29.54 examples/s]
Tokenizing train dataset:  38%|███▊      | 2318/6112 [01:18<02:08, 29.58 examples/s]
Tokenizing train dataset:  38%|███▊      | 2322/6112 [01:18<02:06, 29.99 examples/s]
Tokenizing train dataset:  38%|███▊      | 2326/6112 [01:18<02:05, 30.23 examples/s]
Tokenizing train dataset:  38%|███▊      | 2330/6112 [01:18<02:06, 29.98 examples/s]
Tokenizing train dataset:  38%|███▊      | 2334/6112 [01:19<02:05, 30.10 examples/s]
Tokenizing train dataset:  38%|███▊      | 2338/6112 [01:19<02:04, 30.23 examples/s]
Tokenizing train dataset:  38%|███▊      | 2342/6112 [01:19<02:03, 30.52 examples/s]
Tokenizing train dataset:  38%|███▊      | 2346/6112 [01:19<02:04, 30.37 examples/s]
Tokenizing train dataset:  38%|███▊      | 2350/6112 [01:19<02:03, 30.38 examples/s]
Tokenizing train dataset:  39%|███▊      | 2354/6112 [01:19<02:04, 30.16 examples/s]
Tokenizing train dataset:  39%|███▊      | 2358/6112 [01:19<02:04, 30.20 examples/s]
Tokenizing train dataset:  39%|███▊      | 2362/6112 [01:19<02:02, 30.58 examples/s]
Tokenizing train dataset:  39%|███▊      | 2366/6112 [01:20<02:02, 30.64 examples/s]
Tokenizing train dataset:  39%|███▉      | 2370/6112 [01:20<02:02, 30.65 examples/s]
Tokenizing train dataset:  39%|███▉      | 2374/6112 [01:20<02:02, 30.45 examples/s]
Tokenizing train dataset:  39%|███▉      | 2378/6112 [01:20<02:04, 30.05 examples/s]
Tokenizing train dataset:  39%|███▉      | 2382/6112 [01:20<02:02, 30.44 examples/s]
Tokenizing train dataset:  39%|███▉      | 2386/6112 [01:20<02:02, 30.33 examples/s]
Tokenizing train dataset:  39%|███▉      | 2390/6112 [01:20<02:00, 30.78 examples/s]
Tokenizing train dataset:  39%|███▉      | 2394/6112 [01:21<02:00, 30.84 examples/s]
Tokenizing train dataset:  39%|███▉      | 2398/6112 [01:21<01:59, 30.99 examples/s]
Tokenizing train dataset:  39%|███▉      | 2402/6112 [01:21<01:59, 31.04 examples/s]
Tokenizing train dataset:  39%|███▉      | 2406/6112 [01:21<02:00, 30.71 examples/s]
Tokenizing train dataset:  39%|███▉      | 2410/6112 [01:21<02:02, 30.30 examples/s]
Tokenizing train dataset:  39%|███▉      | 2414/6112 [01:21<02:01, 30.38 examples/s]
Tokenizing train dataset:  40%|███▉      | 2418/6112 [01:21<02:01, 30.33 examples/s]
Tokenizing train dataset:  40%|███▉      | 2422/6112 [01:21<02:01, 30.41 examples/s]
Tokenizing train dataset:  40%|███▉      | 2426/6112 [01:22<02:02, 30.06 examples/s]
Tokenizing train dataset:  40%|███▉      | 2430/6112 [01:22<02:01, 30.31 examples/s]
Tokenizing train dataset:  40%|███▉      | 2434/6112 [01:22<02:02, 29.93 examples/s]
Tokenizing train dataset:  40%|███▉      | 2438/6112 [01:22<02:04, 29.58 examples/s]
Tokenizing train dataset:  40%|███▉      | 2442/6112 [01:22<02:06, 29.02 examples/s]
Tokenizing train dataset:  40%|████      | 2446/6112 [01:22<02:06, 29.05 examples/s]
Tokenizing train dataset:  40%|████      | 2450/6112 [01:22<02:04, 29.31 examples/s]
Tokenizing train dataset:  40%|████      | 2454/6112 [01:23<02:03, 29.67 examples/s]
Tokenizing train dataset:  40%|████      | 2458/6112 [01:23<02:02, 29.78 examples/s]
Tokenizing train dataset:  40%|████      | 2462/6112 [01:23<02:03, 29.57 examples/s]
Tokenizing train dataset:  40%|████      | 2466/6112 [01:23<02:03, 29.59 examples/s]
Tokenizing train dataset:  40%|████      | 2470/6112 [01:23<02:02, 29.67 examples/s]
Tokenizing train dataset:  40%|████      | 2474/6112 [01:23<02:02, 29.72 examples/s]
Tokenizing train dataset:  41%|████      | 2478/6112 [01:23<02:00, 30.07 examples/s]
Tokenizing train dataset:  41%|████      | 2482/6112 [01:23<02:01, 29.76 examples/s]
Tokenizing train dataset:  41%|████      | 2486/6112 [01:24<02:01, 29.77 examples/s]
Tokenizing train dataset:  41%|████      | 2490/6112 [01:24<02:00, 30.14 examples/s]
Tokenizing train dataset:  41%|████      | 2494/6112 [01:24<02:00, 30.07 examples/s]
Tokenizing train dataset:  41%|████      | 2498/6112 [01:24<02:00, 30.07 examples/s]
Tokenizing train dataset:  41%|████      | 2502/6112 [01:24<01:59, 30.15 examples/s]
Tokenizing train dataset:  41%|████      | 2506/6112 [01:24<02:01, 29.76 examples/s]
Tokenizing train dataset:  41%|████      | 2510/6112 [01:24<02:01, 29.75 examples/s]
Tokenizing train dataset:  41%|████      | 2514/6112 [01:25<02:00, 29.74 examples/s]
Tokenizing train dataset:  41%|████      | 2518/6112 [01:25<02:01, 29.63 examples/s]
Tokenizing train dataset:  41%|████▏     | 2522/6112 [01:25<02:01, 29.61 examples/s]
Tokenizing train dataset:  41%|████▏     | 2526/6112 [01:25<01:59, 29.93 examples/s]
Tokenizing train dataset:  41%|████▏     | 2530/6112 [01:25<01:58, 30.18 examples/s]
Tokenizing train dataset:  41%|████▏     | 2534/6112 [01:25<01:58, 30.32 examples/s]
Tokenizing train dataset:  42%|████▏     | 2538/6112 [01:25<02:00, 29.57 examples/s]
Tokenizing train dataset:  42%|████▏     | 2542/6112 [01:25<01:59, 29.96 examples/s]
Tokenizing train dataset:  42%|████▏     | 2546/6112 [01:26<01:58, 30.09 examples/s]
Tokenizing train dataset:  42%|████▏     | 2550/6112 [01:26<01:58, 30.03 examples/s]
Tokenizing train dataset:  42%|████▏     | 2554/6112 [01:26<01:57, 30.18 examples/s]
Tokenizing train dataset:  42%|████▏     | 2558/6112 [01:26<01:57, 30.19 examples/s]
Tokenizing train dataset:  42%|████▏     | 2562/6112 [01:26<01:56, 30.47 examples/s]
Tokenizing train dataset:  42%|████▏     | 2566/6112 [01:26<01:56, 30.34 examples/s]
Tokenizing train dataset:  42%|████▏     | 2570/6112 [01:26<01:55, 30.56 examples/s]
Tokenizing train dataset:  42%|████▏     | 2574/6112 [01:27<01:55, 30.53 examples/s]
Tokenizing train dataset:  42%|████▏     | 2578/6112 [01:27<01:56, 30.41 examples/s]
Tokenizing train dataset:  42%|████▏     | 2582/6112 [01:27<01:56, 30.31 examples/s]
Tokenizing train dataset:  42%|████▏     | 2586/6112 [01:27<01:55, 30.58 examples/s]
Tokenizing train dataset:  42%|████▏     | 2590/6112 [01:27<01:54, 30.72 examples/s]
Tokenizing train dataset:  42%|████▏     | 2594/6112 [01:27<01:55, 30.53 examples/s]
Tokenizing train dataset:  43%|████▎     | 2598/6112 [01:27<01:55, 30.48 examples/s]
Tokenizing train dataset:  43%|████▎     | 2602/6112 [01:27<01:55, 30.37 examples/s]
Tokenizing train dataset:  43%|████▎     | 2606/6112 [01:28<01:56, 30.12 examples/s]
Tokenizing train dataset:  43%|████▎     | 2610/6112 [01:28<01:55, 30.38 examples/s]
Tokenizing train dataset:  43%|████▎     | 2614/6112 [01:28<01:55, 30.28 examples/s]
Tokenizing train dataset:  43%|████▎     | 2618/6112 [01:28<01:56, 30.11 examples/s]
Tokenizing train dataset:  43%|████▎     | 2622/6112 [01:28<01:55, 30.16 examples/s]
Tokenizing train dataset:  43%|████▎     | 2626/6112 [01:28<01:55, 30.21 examples/s]
Tokenizing train dataset:  43%|████▎     | 2630/6112 [01:28<01:53, 30.64 examples/s]
Tokenizing train dataset:  43%|████▎     | 2634/6112 [01:29<01:53, 30.67 examples/s]
Tokenizing train dataset:  43%|████▎     | 2638/6112 [01:29<01:53, 30.58 examples/s]
Tokenizing train dataset:  43%|████▎     | 2642/6112 [01:29<01:54, 30.21 examples/s]
Tokenizing train dataset:  43%|████▎     | 2646/6112 [01:29<01:54, 30.37 examples/s]
Tokenizing train dataset:  43%|████▎     | 2650/6112 [01:29<01:53, 30.38 examples/s]
Tokenizing train dataset:  43%|████▎     | 2654/6112 [01:29<01:53, 30.38 examples/s]
Tokenizing train dataset:  43%|████▎     | 2658/6112 [01:29<01:55, 29.98 examples/s]
Tokenizing train dataset:  44%|████▎     | 2662/6112 [01:29<01:54, 30.26 examples/s]
Tokenizing train dataset:  44%|████▎     | 2666/6112 [01:30<01:53, 30.23 examples/s]
Tokenizing train dataset:  44%|████▎     | 2670/6112 [01:30<01:53, 30.25 examples/s]
Tokenizing train dataset:  44%|████▍     | 2674/6112 [01:30<01:54, 29.99 examples/s]
Tokenizing train dataset:  44%|████▍     | 2678/6112 [01:30<01:56, 29.57 examples/s]
Tokenizing train dataset:  44%|████▍     | 2682/6112 [01:30<01:54, 29.85 examples/s]
Tokenizing train dataset:  44%|████▍     | 2686/6112 [01:30<01:55, 29.79 examples/s]
Tokenizing train dataset:  44%|████▍     | 2690/6112 [01:30<01:54, 29.93 examples/s]
Tokenizing train dataset:  44%|████▍     | 2694/6112 [01:31<01:54, 29.97 examples/s]
Tokenizing train dataset:  44%|████▍     | 2698/6112 [01:31<01:53, 30.00 examples/s]
Tokenizing train dataset:  44%|████▍     | 2702/6112 [01:31<01:52, 30.22 examples/s]
Tokenizing train dataset:  44%|████▍     | 2706/6112 [01:31<01:52, 30.36 examples/s]
Tokenizing train dataset:  44%|████▍     | 2710/6112 [01:31<01:51, 30.42 examples/s]
Tokenizing train dataset:  44%|████▍     | 2714/6112 [01:31<01:51, 30.56 examples/s]
Tokenizing train dataset:  44%|████▍     | 2718/6112 [01:31<01:53, 30.00 examples/s]
Tokenizing train dataset:  45%|████▍     | 2722/6112 [01:31<01:54, 29.65 examples/s]
Tokenizing train dataset:  45%|████▍     | 2726/6112 [01:32<01:53, 29.96 examples/s]
Tokenizing train dataset:  45%|████▍     | 2730/6112 [01:32<01:53, 29.88 examples/s]
Tokenizing train dataset:  45%|████▍     | 2734/6112 [01:32<01:54, 29.61 examples/s]
Tokenizing train dataset:  45%|████▍     | 2738/6112 [01:32<01:54, 29.47 examples/s]
Tokenizing train dataset:  45%|████▍     | 2742/6112 [01:32<01:53, 29.74 examples/s]
Tokenizing train dataset:  45%|████▍     | 2746/6112 [01:32<01:53, 29.78 examples/s]
Tokenizing train dataset:  45%|████▍     | 2750/6112 [01:32<01:52, 29.87 examples/s]
Tokenizing train dataset:  45%|████▌     | 2754/6112 [01:33<01:51, 30.13 examples/s]
Tokenizing train dataset:  45%|████▌     | 2758/6112 [01:33<01:51, 30.18 examples/s]
Tokenizing train dataset:  45%|████▌     | 2762/6112 [01:33<01:50, 30.44 examples/s]
Tokenizing train dataset:  45%|████▌     | 2766/6112 [01:33<01:49, 30.54 examples/s]
Tokenizing train dataset:  45%|████▌     | 2770/6112 [01:33<01:50, 30.16 examples/s]
Tokenizing train dataset:  45%|████▌     | 2774/6112 [01:33<01:51, 29.90 examples/s]
Tokenizing train dataset:  45%|████▌     | 2778/6112 [01:33<01:51, 29.92 examples/s]
Tokenizing train dataset:  46%|████▌     | 2782/6112 [01:33<01:51, 29.90 examples/s]
Tokenizing train dataset:  46%|████▌     | 2786/6112 [01:34<01:51, 29.88 examples/s]
Tokenizing train dataset:  46%|████▌     | 2790/6112 [01:34<01:50, 29.93 examples/s]
Tokenizing train dataset:  46%|████▌     | 2794/6112 [01:34<01:51, 29.74 examples/s]
Tokenizing train dataset:  46%|████▌     | 2798/6112 [01:34<01:51, 29.70 examples/s]
Tokenizing train dataset:  46%|████▌     | 2802/6112 [01:34<01:54, 29.00 examples/s]
Tokenizing train dataset:  46%|████▌     | 2806/6112 [01:34<01:55, 28.57 examples/s]
Tokenizing train dataset:  46%|████▌     | 2810/6112 [01:34<01:55, 28.47 examples/s]
Tokenizing train dataset:  46%|████▌     | 2814/6112 [01:35<01:55, 28.47 examples/s]
Tokenizing train dataset:  46%|████▌     | 2818/6112 [01:35<01:55, 28.51 examples/s]
Tokenizing train dataset:  46%|████▌     | 2822/6112 [01:35<01:55, 28.61 examples/s]
Tokenizing train dataset:  46%|████▌     | 2826/6112 [01:35<01:54, 28.68 examples/s]
Tokenizing train dataset:  46%|████▋     | 2830/6112 [01:35<01:52, 29.14 examples/s]
Tokenizing train dataset:  46%|████▋     | 2834/6112 [01:35<01:51, 29.30 examples/s]
Tokenizing train dataset:  46%|████▋     | 2838/6112 [01:35<01:52, 29.07 examples/s]
Tokenizing train dataset:  46%|████▋     | 2842/6112 [01:36<01:52, 29.08 examples/s]
Tokenizing train dataset:  47%|████▋     | 2846/6112 [01:36<01:52, 28.93 examples/s]
Tokenizing train dataset:  47%|████▋     | 2850/6112 [01:36<01:53, 28.77 examples/s]
Tokenizing train dataset:  47%|████▋     | 2854/6112 [01:36<01:53, 28.77 examples/s]
Tokenizing train dataset:  47%|████▋     | 2858/6112 [01:36<01:53, 28.73 examples/s]
Tokenizing train dataset:  47%|████▋     | 2862/6112 [01:36<01:53, 28.57 examples/s]
Tokenizing train dataset:  47%|████▋     | 2866/6112 [01:36<01:55, 28.22 examples/s]
Tokenizing train dataset:  47%|████▋     | 2870/6112 [01:37<01:53, 28.67 examples/s]
Tokenizing train dataset:  47%|████▋     | 2874/6112 [01:37<01:53, 28.44 examples/s]
Tokenizing train dataset:  47%|████▋     | 2878/6112 [01:37<01:54, 28.21 examples/s]
Tokenizing train dataset:  47%|████▋     | 2882/6112 [01:37<01:57, 27.48 examples/s]
Tokenizing train dataset:  47%|████▋     | 2886/6112 [01:37<01:57, 27.51 examples/s]
Tokenizing train dataset:  47%|████▋     | 2890/6112 [01:37<01:56, 27.57 examples/s]
Tokenizing train dataset:  47%|████▋     | 2894/6112 [01:37<01:58, 27.08 examples/s]
Tokenizing train dataset:  47%|████▋     | 2898/6112 [01:38<01:58, 27.19 examples/s]
Tokenizing train dataset:  47%|████▋     | 2902/6112 [01:38<01:58, 27.18 examples/s]
Tokenizing train dataset:  48%|████▊     | 2906/6112 [01:38<02:00, 26.59 examples/s]
Tokenizing train dataset:  48%|████▊     | 2910/6112 [01:38<02:01, 26.39 examples/s]
Tokenizing train dataset:  48%|████▊     | 2914/6112 [01:38<02:00, 26.51 examples/s]
Tokenizing train dataset:  48%|████▊     | 2918/6112 [01:38<02:00, 26.54 examples/s]
Tokenizing train dataset:  48%|████▊     | 2922/6112 [01:38<01:59, 26.64 examples/s]
Tokenizing train dataset:  48%|████▊     | 2926/6112 [01:39<02:00, 26.45 examples/s]
Tokenizing train dataset:  48%|████▊     | 2930/6112 [01:39<01:56, 27.35 examples/s]
Tokenizing train dataset:  48%|████▊     | 2934/6112 [01:39<01:59, 26.52 examples/s]
Tokenizing train dataset:  48%|████▊     | 2938/6112 [01:39<01:57, 26.95 examples/s]
Tokenizing train dataset:  48%|████▊     | 2942/6112 [01:39<01:55, 27.39 examples/s]
Tokenizing train dataset:  48%|████▊     | 2946/6112 [01:39<01:53, 28.01 examples/s]
Tokenizing train dataset:  48%|████▊     | 2950/6112 [01:39<01:50, 28.54 examples/s]
Tokenizing train dataset:  48%|████▊     | 2954/6112 [01:40<01:51, 28.33 examples/s]
Tokenizing train dataset:  48%|████▊     | 2958/6112 [01:40<01:50, 28.53 examples/s]
Tokenizing train dataset:  48%|████▊     | 2962/6112 [01:40<01:49, 28.65 examples/s]
Tokenizing train dataset:  49%|████▊     | 2966/6112 [01:40<01:50, 28.39 examples/s]
Tokenizing train dataset:  49%|████▊     | 2970/6112 [01:40<01:50, 28.54 examples/s]
Tokenizing train dataset:  49%|████▊     | 2974/6112 [01:40<01:50, 28.52 examples/s]
Tokenizing train dataset:  49%|████▊     | 2978/6112 [01:40<01:48, 28.83 examples/s]
Tokenizing train dataset:  49%|████▉     | 2982/6112 [01:41<01:47, 29.05 examples/s]
Tokenizing train dataset:  49%|████▉     | 2986/6112 [01:41<01:46, 29.47 examples/s]
Tokenizing train dataset:  49%|████▉     | 2990/6112 [01:41<01:46, 29.42 examples/s]
Tokenizing train dataset:  49%|████▉     | 2994/6112 [01:41<01:45, 29.66 examples/s]
Tokenizing train dataset:  49%|████▉     | 2998/6112 [01:41<01:45, 29.54 examples/s]
Tokenizing train dataset:  49%|████▉     | 3002/6112 [01:42<03:04, 16.82 examples/s]
Tokenizing train dataset:  49%|████▉     | 3006/6112 [01:42<02:45, 18.78 examples/s]
Tokenizing train dataset:  49%|████▉     | 3010/6112 [01:42<02:32, 20.38 examples/s]
Tokenizing train dataset:  49%|████▉     | 3014/6112 [01:42<02:23, 21.65 examples/s]
Tokenizing train dataset:  49%|████▉     | 3018/6112 [01:42<02:16, 22.71 examples/s]
Tokenizing train dataset:  49%|████▉     | 3022/6112 [01:42<02:11, 23.42 examples/s]
Tokenizing train dataset:  50%|████▉     | 3026/6112 [01:43<02:07, 24.16 examples/s]
Tokenizing train dataset:  50%|████▉     | 3030/6112 [01:43<02:06, 24.44 examples/s]
Tokenizing train dataset:  50%|████▉     | 3034/6112 [01:43<02:03, 24.84 examples/s]
Tokenizing train dataset:  50%|████▉     | 3038/6112 [01:43<01:59, 25.69 examples/s]
Tokenizing train dataset:  50%|████▉     | 3042/6112 [01:43<01:58, 25.80 examples/s]
Tokenizing train dataset:  50%|████▉     | 3046/6112 [01:43<01:56, 26.21 examples/s]
Tokenizing train dataset:  50%|████▉     | 3050/6112 [01:43<01:58, 25.81 examples/s]
Tokenizing train dataset:  50%|████▉     | 3054/6112 [01:44<01:57, 26.11 examples/s]
Tokenizing train dataset:  50%|█████     | 3058/6112 [01:44<01:56, 26.17 examples/s]
Tokenizing train dataset:  50%|█████     | 3062/6112 [01:44<01:53, 26.76 examples/s]
Tokenizing train dataset:  50%|█████     | 3066/6112 [01:44<01:51, 27.30 examples/s]
Tokenizing train dataset:  50%|█████     | 3070/6112 [01:44<01:51, 27.24 examples/s]
Tokenizing train dataset:  50%|█████     | 3074/6112 [01:44<01:49, 27.67 examples/s]
Tokenizing train dataset:  50%|█████     | 3078/6112 [01:44<01:47, 28.16 examples/s]
Tokenizing train dataset:  50%|█████     | 3082/6112 [01:45<01:45, 28.80 examples/s]
Tokenizing train dataset:  50%|█████     | 3086/6112 [01:45<01:45, 28.69 examples/s]
Tokenizing train dataset:  51%|█████     | 3090/6112 [01:45<01:45, 28.55 examples/s]
Tokenizing train dataset:  51%|█████     | 3094/6112 [01:45<01:46, 28.44 examples/s]
Tokenizing train dataset:  51%|█████     | 3098/6112 [01:45<01:44, 28.94 examples/s]
Tokenizing train dataset:  51%|█████     | 3102/6112 [01:45<01:42, 29.39 examples/s]
Tokenizing train dataset:  51%|█████     | 3106/6112 [01:45<01:42, 29.24 examples/s]
Tokenizing train dataset:  51%|█████     | 3110/6112 [01:46<01:41, 29.64 examples/s]
Tokenizing train dataset:  51%|█████     | 3114/6112 [01:46<01:40, 29.74 examples/s]
Tokenizing train dataset:  51%|█████     | 3118/6112 [01:46<01:41, 29.57 examples/s]
Tokenizing train dataset:  51%|█████     | 3122/6112 [01:46<01:40, 29.68 examples/s]
Tokenizing train dataset:  51%|█████     | 3126/6112 [01:46<01:40, 29.64 examples/s]
Tokenizing train dataset:  51%|█████     | 3130/6112 [01:46<01:41, 29.38 examples/s]
Tokenizing train dataset:  51%|█████▏    | 3134/6112 [01:46<01:40, 29.64 examples/s]
Tokenizing train dataset:  51%|█████▏    | 3138/6112 [01:46<01:41, 29.44 examples/s]
Tokenizing train dataset:  51%|█████▏    | 3142/6112 [01:47<01:40, 29.55 examples/s]
Tokenizing train dataset:  51%|█████▏    | 3146/6112 [01:47<01:39, 29.67 examples/s]
Tokenizing train dataset:  52%|█████▏    | 3150/6112 [01:47<01:41, 29.27 examples/s]
Tokenizing train dataset:  52%|█████▏    | 3154/6112 [01:47<01:41, 29.18 examples/s]
Tokenizing train dataset:  52%|█████▏    | 3158/6112 [01:47<01:41, 29.09 examples/s]
Tokenizing train dataset:  52%|█████▏    | 3162/6112 [01:47<01:41, 28.97 examples/s]
Tokenizing train dataset:  52%|█████▏    | 3166/6112 [01:47<01:41, 29.14 examples/s]
Tokenizing train dataset:  52%|█████▏    | 3170/6112 [01:48<01:40, 29.26 examples/s]
Tokenizing train dataset:  52%|█████▏    | 3174/6112 [01:48<01:39, 29.40 examples/s]
Tokenizing train dataset:  52%|█████▏    | 3178/6112 [01:48<01:42, 28.75 examples/s]
Tokenizing train dataset:  52%|█████▏    | 3182/6112 [01:48<01:39, 29.39 examples/s]
Tokenizing train dataset:  52%|█████▏    | 3186/6112 [01:48<01:41, 28.96 examples/s]
Tokenizing train dataset:  52%|█████▏    | 3190/6112 [01:48<01:41, 28.93 examples/s]
Tokenizing train dataset:  52%|█████▏    | 3194/6112 [01:48<01:40, 29.02 examples/s]
Tokenizing train dataset:  52%|█████▏    | 3198/6112 [01:49<01:39, 29.18 examples/s]
Tokenizing train dataset:  52%|█████▏    | 3202/6112 [01:49<01:39, 29.25 examples/s]
Tokenizing train dataset:  52%|█████▏    | 3206/6112 [01:49<01:39, 29.31 examples/s]
Tokenizing train dataset:  53%|█████▎    | 3210/6112 [01:49<01:39, 29.25 examples/s]
Tokenizing train dataset:  53%|█████▎    | 3214/6112 [01:49<01:37, 29.62 examples/s]
Tokenizing train dataset:  53%|█████▎    | 3218/6112 [01:49<01:38, 29.32 examples/s]
Tokenizing train dataset:  53%|█████▎    | 3222/6112 [01:49<01:38, 29.31 examples/s]
Tokenizing train dataset:  53%|█████▎    | 3226/6112 [01:49<01:38, 29.29 examples/s]
Tokenizing train dataset:  53%|█████▎    | 3230/6112 [01:50<01:40, 28.62 examples/s]
Tokenizing train dataset:  53%|█████▎    | 3234/6112 [01:50<01:41, 28.35 examples/s]
Tokenizing train dataset:  53%|█████▎    | 3238/6112 [01:50<01:40, 28.60 examples/s]
Tokenizing train dataset:  53%|█████▎    | 3242/6112 [01:50<01:39, 28.82 examples/s]
Tokenizing train dataset:  53%|█████▎    | 3246/6112 [01:50<01:41, 28.10 examples/s]
Tokenizing train dataset:  53%|█████▎    | 3250/6112 [01:50<01:41, 28.18 examples/s]
Tokenizing train dataset:  53%|█████▎    | 3254/6112 [01:50<01:40, 28.41 examples/s]
Tokenizing train dataset:  53%|█████▎    | 3258/6112 [01:51<01:39, 28.75 examples/s]
Tokenizing train dataset:  53%|█████▎    | 3262/6112 [01:51<01:38, 29.08 examples/s]
Tokenizing train dataset:  53%|█████▎    | 3266/6112 [01:51<01:36, 29.60 examples/s]
Tokenizing train dataset:  54%|█████▎    | 3270/6112 [01:51<01:36, 29.37 examples/s]
Tokenizing train dataset:  54%|█████▎    | 3274/6112 [01:51<01:37, 28.97 examples/s]
Tokenizing train dataset:  54%|█████▎    | 3278/6112 [01:51<01:37, 29.16 examples/s]
Tokenizing train dataset:  54%|█████▎    | 3282/6112 [01:51<01:36, 29.35 examples/s]
Tokenizing train dataset:  54%|█████▍    | 3286/6112 [01:52<01:38, 28.66 examples/s]
Tokenizing train dataset:  54%|█████▍    | 3290/6112 [01:52<01:37, 28.80 examples/s]
Tokenizing train dataset:  54%|█████▍    | 3294/6112 [01:52<01:36, 29.10 examples/s]
Tokenizing train dataset:  54%|█████▍    | 3298/6112 [01:52<01:35, 29.43 examples/s]
Tokenizing train dataset:  54%|█████▍    | 3302/6112 [01:52<01:35, 29.49 examples/s]
Tokenizing train dataset:  54%|█████▍    | 3306/6112 [01:52<01:35, 29.37 examples/s]
Tokenizing train dataset:  54%|█████▍    | 3310/6112 [01:52<01:35, 29.31 examples/s]
Tokenizing train dataset:  54%|█████▍    | 3314/6112 [01:53<01:36, 28.97 examples/s]
Tokenizing train dataset:  54%|█████▍    | 3318/6112 [01:53<01:35, 29.14 examples/s]
Tokenizing train dataset:  54%|█████▍    | 3322/6112 [01:53<01:36, 29.00 examples/s]
Tokenizing train dataset:  54%|█████▍    | 3326/6112 [01:53<01:35, 29.22 examples/s]
Tokenizing train dataset:  54%|█████▍    | 3330/6112 [01:53<01:34, 29.39 examples/s]
Tokenizing train dataset:  55%|█████▍    | 3334/6112 [01:53<01:33, 29.56 examples/s]
Tokenizing train dataset:  55%|█████▍    | 3338/6112 [01:53<01:34, 29.28 examples/s]
Tokenizing train dataset:  55%|█████▍    | 3342/6112 [01:53<01:33, 29.73 examples/s]
Tokenizing train dataset:  55%|█████▍    | 3346/6112 [01:54<01:33, 29.65 examples/s]
Tokenizing train dataset:  55%|█████▍    | 3350/6112 [01:54<01:33, 29.39 examples/s]
Tokenizing train dataset:  55%|█████▍    | 3354/6112 [01:54<01:33, 29.43 examples/s]
Tokenizing train dataset:  55%|█████▍    | 3358/6112 [01:54<01:33, 29.56 examples/s]
Tokenizing train dataset:  55%|█████▌    | 3362/6112 [01:54<01:33, 29.52 examples/s]
Tokenizing train dataset:  55%|█████▌    | 3366/6112 [01:54<01:33, 29.24 examples/s]
Tokenizing train dataset:  55%|█████▌    | 3370/6112 [01:54<01:34, 29.14 examples/s]
Tokenizing train dataset:  55%|█████▌    | 3374/6112 [01:55<01:33, 29.37 examples/s]
Tokenizing train dataset:  55%|█████▌    | 3378/6112 [01:55<01:32, 29.46 examples/s]
Tokenizing train dataset:  55%|█████▌    | 3382/6112 [01:55<01:34, 28.87 examples/s]
Tokenizing train dataset:  55%|█████▌    | 3386/6112 [01:55<01:33, 29.07 examples/s]
Tokenizing train dataset:  55%|█████▌    | 3390/6112 [01:55<01:33, 29.14 examples/s]
Tokenizing train dataset:  56%|█████▌    | 3394/6112 [01:55<01:33, 29.10 examples/s]
Tokenizing train dataset:  56%|█████▌    | 3398/6112 [01:55<01:33, 29.12 examples/s]
Tokenizing train dataset:  56%|█████▌    | 3402/6112 [01:56<01:35, 28.49 examples/s]
Tokenizing train dataset:  56%|█████▌    | 3406/6112 [01:56<01:34, 28.52 examples/s]
Tokenizing train dataset:  56%|█████▌    | 3410/6112 [01:56<01:33, 28.91 examples/s]
Tokenizing train dataset:  56%|█████▌    | 3414/6112 [01:56<01:33, 28.90 examples/s]
Tokenizing train dataset:  56%|█████▌    | 3418/6112 [01:56<01:33, 28.95 examples/s]
Tokenizing train dataset:  56%|█████▌    | 3422/6112 [01:56<01:31, 29.26 examples/s]
Tokenizing train dataset:  56%|█████▌    | 3426/6112 [01:56<01:31, 29.46 examples/s]
Tokenizing train dataset:  56%|█████▌    | 3430/6112 [01:56<01:30, 29.60 examples/s]
Tokenizing train dataset:  56%|█████▌    | 3434/6112 [01:57<01:29, 29.96 examples/s]
Tokenizing train dataset:  56%|█████▋    | 3438/6112 [01:57<01:30, 29.44 examples/s]
Tokenizing train dataset:  56%|█████▋    | 3442/6112 [01:57<01:30, 29.56 examples/s]
Tokenizing train dataset:  56%|█████▋    | 3446/6112 [01:57<01:30, 29.46 examples/s]
Tokenizing train dataset:  56%|█████▋    | 3450/6112 [01:57<01:29, 29.71 examples/s]
Tokenizing train dataset:  57%|█████▋    | 3454/6112 [01:57<01:29, 29.75 examples/s]
Tokenizing train dataset:  57%|█████▋    | 3458/6112 [01:57<01:28, 29.94 examples/s]
Tokenizing train dataset:  57%|█████▋    | 3462/6112 [01:58<01:27, 30.22 examples/s]
Tokenizing train dataset:  57%|█████▋    | 3466/6112 [01:58<01:27, 30.21 examples/s]
Tokenizing train dataset:  57%|█████▋    | 3470/6112 [01:58<01:27, 30.26 examples/s]
Tokenizing train dataset:  57%|█████▋    | 3474/6112 [01:58<01:27, 30.04 examples/s]
Tokenizing train dataset:  57%|█████▋    | 3478/6112 [01:58<01:28, 29.90 examples/s]
Tokenizing train dataset:  57%|█████▋    | 3482/6112 [01:58<01:28, 29.79 examples/s]
Tokenizing train dataset:  57%|█████▋    | 3486/6112 [01:58<01:27, 30.00 examples/s]
Tokenizing train dataset:  57%|█████▋    | 3490/6112 [01:58<01:26, 30.38 examples/s]
Tokenizing train dataset:  57%|█████▋    | 3494/6112 [01:59<01:27, 30.07 examples/s]
Tokenizing train dataset:  57%|█████▋    | 3498/6112 [01:59<01:26, 30.39 examples/s]
Tokenizing train dataset:  57%|█████▋    | 3502/6112 [01:59<01:26, 30.30 examples/s]
Tokenizing train dataset:  57%|█████▋    | 3506/6112 [01:59<01:26, 30.20 examples/s]
Tokenizing train dataset:  57%|█████▋    | 3510/6112 [01:59<01:25, 30.30 examples/s]
Tokenizing train dataset:  57%|█████▋    | 3514/6112 [01:59<01:25, 30.43 examples/s]
Tokenizing train dataset:  58%|█████▊    | 3518/6112 [01:59<01:24, 30.83 examples/s]
Tokenizing train dataset:  58%|█████▊    | 3522/6112 [02:00<01:24, 30.60 examples/s]
Tokenizing train dataset:  58%|█████▊    | 3526/6112 [02:00<01:25, 30.29 examples/s]
Tokenizing train dataset:  58%|█████▊    | 3530/6112 [02:00<01:24, 30.44 examples/s]
Tokenizing train dataset:  58%|█████▊    | 3534/6112 [02:00<01:24, 30.64 examples/s]
Tokenizing train dataset:  58%|█████▊    | 3538/6112 [02:00<01:24, 30.28 examples/s]
Tokenizing train dataset:  58%|█████▊    | 3542/6112 [02:00<01:24, 30.36 examples/s]
Tokenizing train dataset:  58%|█████▊    | 3546/6112 [02:00<01:24, 30.20 examples/s]
Tokenizing train dataset:  58%|█████▊    | 3550/6112 [02:00<01:24, 30.30 examples/s]
Tokenizing train dataset:  58%|█████▊    | 3554/6112 [02:01<01:24, 30.42 examples/s]
Tokenizing train dataset:  58%|█████▊    | 3558/6112 [02:01<01:25, 29.97 examples/s]
Tokenizing train dataset:  58%|█████▊    | 3562/6112 [02:01<01:24, 30.10 examples/s]
Tokenizing train dataset:  58%|█████▊    | 3566/6112 [02:01<01:26, 29.60 examples/s]
Tokenizing train dataset:  58%|█████▊    | 3570/6112 [02:01<01:28, 28.73 examples/s]
Tokenizing train dataset:  58%|█████▊    | 3574/6112 [02:01<01:28, 28.70 examples/s]
Tokenizing train dataset:  59%|█████▊    | 3578/6112 [02:01<01:30, 28.10 examples/s]
Tokenizing train dataset:  59%|█████▊    | 3582/6112 [02:02<01:29, 28.40 examples/s]
Tokenizing train dataset:  59%|█████▊    | 3586/6112 [02:02<01:27, 28.86 examples/s]
Tokenizing train dataset:  59%|█████▊    | 3590/6112 [02:02<01:25, 29.34 examples/s]
Tokenizing train dataset:  59%|█████▉    | 3594/6112 [02:02<01:28, 28.35 examples/s]
Tokenizing train dataset:  59%|█████▉    | 3598/6112 [02:02<01:28, 28.45 examples/s]
Tokenizing train dataset:  59%|█████▉    | 3602/6112 [02:02<01:27, 28.69 examples/s]
Tokenizing train dataset:  59%|█████▉    | 3606/6112 [02:02<01:27, 28.70 examples/s]
Tokenizing train dataset:  59%|█████▉    | 3610/6112 [02:03<01:26, 29.07 examples/s]
Tokenizing train dataset:  59%|█████▉    | 3614/6112 [02:03<01:25, 29.37 examples/s]
Tokenizing train dataset:  59%|█████▉    | 3618/6112 [02:03<01:25, 29.13 examples/s]
Tokenizing train dataset:  59%|█████▉    | 3622/6112 [02:03<01:23, 29.69 examples/s]
Tokenizing train dataset:  59%|█████▉    | 3626/6112 [02:03<01:23, 29.70 examples/s]
Tokenizing train dataset:  59%|█████▉    | 3630/6112 [02:03<01:22, 30.05 examples/s]
Tokenizing train dataset:  59%|█████▉    | 3634/6112 [02:03<01:22, 29.90 examples/s]
Tokenizing train dataset:  60%|█████▉    | 3638/6112 [02:03<01:23, 29.66 examples/s]
Tokenizing train dataset:  60%|█████▉    | 3642/6112 [02:04<01:23, 29.75 examples/s]
Tokenizing train dataset:  60%|█████▉    | 3646/6112 [02:04<01:22, 29.86 examples/s]
Tokenizing train dataset:  60%|█████▉    | 3650/6112 [02:04<01:22, 29.75 examples/s]
Tokenizing train dataset:  60%|█████▉    | 3654/6112 [02:04<01:21, 30.28 examples/s]
Tokenizing train dataset:  60%|█████▉    | 3658/6112 [02:04<01:21, 30.12 examples/s]
Tokenizing train dataset:  60%|█████▉    | 3662/6112 [02:04<01:21, 30.20 examples/s]
Tokenizing train dataset:  60%|█████▉    | 3666/6112 [02:04<01:20, 30.36 examples/s]
Tokenizing train dataset:  60%|██████    | 3670/6112 [02:05<01:22, 29.60 examples/s]
Tokenizing train dataset:  60%|██████    | 3674/6112 [02:05<01:22, 29.59 examples/s]
Tokenizing train dataset:  60%|██████    | 3678/6112 [02:05<01:22, 29.40 examples/s]
Tokenizing train dataset:  60%|██████    | 3682/6112 [02:05<01:21, 29.65 examples/s]
Tokenizing train dataset:  60%|██████    | 3686/6112 [02:05<01:21, 29.68 examples/s]
Tokenizing train dataset:  60%|██████    | 3690/6112 [02:05<01:22, 29.31 examples/s]
Tokenizing train dataset:  60%|██████    | 3694/6112 [02:05<01:22, 29.45 examples/s]
Tokenizing train dataset:  61%|██████    | 3698/6112 [02:06<01:22, 29.28 examples/s]
Tokenizing train dataset:  61%|██████    | 3702/6112 [02:06<01:21, 29.45 examples/s]
Tokenizing train dataset:  61%|██████    | 3706/6112 [02:06<01:21, 29.65 examples/s]
Tokenizing train dataset:  61%|██████    | 3710/6112 [02:06<01:20, 29.95 examples/s]
Tokenizing train dataset:  61%|██████    | 3714/6112 [02:06<01:20, 29.87 examples/s]
Tokenizing train dataset:  61%|██████    | 3718/6112 [02:06<01:20, 29.75 examples/s]
Tokenizing train dataset:  61%|██████    | 3722/6112 [02:06<01:20, 29.83 examples/s]
Tokenizing train dataset:  61%|██████    | 3726/6112 [02:06<01:20, 29.47 examples/s]
Tokenizing train dataset:  61%|██████    | 3730/6112 [02:07<01:21, 29.23 examples/s]
Tokenizing train dataset:  61%|██████    | 3734/6112 [02:07<01:23, 28.62 examples/s]
Tokenizing train dataset:  61%|██████    | 3738/6112 [02:07<01:25, 27.76 examples/s]
Tokenizing train dataset:  61%|██████    | 3742/6112 [02:07<01:23, 28.33 examples/s]
Tokenizing train dataset:  61%|██████▏   | 3746/6112 [02:07<01:22, 28.62 examples/s]
Tokenizing train dataset:  61%|██████▏   | 3750/6112 [02:07<01:20, 29.24 examples/s]
Tokenizing train dataset:  61%|██████▏   | 3754/6112 [02:07<01:19, 29.48 examples/s]
Tokenizing train dataset:  61%|██████▏   | 3758/6112 [02:08<01:21, 28.81 examples/s]
Tokenizing train dataset:  62%|██████▏   | 3762/6112 [02:08<01:21, 28.73 examples/s]
Tokenizing train dataset:  62%|██████▏   | 3766/6112 [02:08<01:21, 28.64 examples/s]
Tokenizing train dataset:  62%|██████▏   | 3770/6112 [02:08<01:21, 28.87 examples/s]
Tokenizing train dataset:  62%|██████▏   | 3774/6112 [02:08<01:20, 29.13 examples/s]
Tokenizing train dataset:  62%|██████▏   | 3778/6112 [02:08<01:19, 29.43 examples/s]
Tokenizing train dataset:  62%|██████▏   | 3782/6112 [02:08<01:19, 29.18 examples/s]
Tokenizing train dataset:  62%|██████▏   | 3786/6112 [02:09<01:21, 28.62 examples/s]
Tokenizing train dataset:  62%|██████▏   | 3790/6112 [02:09<01:20, 28.70 examples/s]
Tokenizing train dataset:  62%|██████▏   | 3794/6112 [02:09<01:19, 29.17 examples/s]
Tokenizing train dataset:  62%|██████▏   | 3798/6112 [02:09<01:19, 29.01 examples/s]
Tokenizing train dataset:  62%|██████▏   | 3802/6112 [02:09<01:19, 28.99 examples/s]
Tokenizing train dataset:  62%|██████▏   | 3806/6112 [02:09<01:19, 29.06 examples/s]
Tokenizing train dataset:  62%|██████▏   | 3810/6112 [02:09<01:17, 29.59 examples/s]
Tokenizing train dataset:  62%|██████▏   | 3814/6112 [02:09<01:16, 29.92 examples/s]
Tokenizing train dataset:  62%|██████▏   | 3818/6112 [02:10<01:16, 30.15 examples/s]
Tokenizing train dataset:  63%|██████▎   | 3822/6112 [02:10<01:15, 30.34 examples/s]
Tokenizing train dataset:  63%|██████▎   | 3826/6112 [02:10<01:17, 29.69 examples/s]
Tokenizing train dataset:  63%|██████▎   | 3830/6112 [02:10<01:16, 29.64 examples/s]
Tokenizing train dataset:  63%|██████▎   | 3834/6112 [02:10<01:17, 29.43 examples/s]
Tokenizing train dataset:  63%|██████▎   | 3838/6112 [02:10<01:17, 29.33 examples/s]
Tokenizing train dataset:  63%|██████▎   | 3842/6112 [02:10<01:18, 28.98 examples/s]
Tokenizing train dataset:  63%|██████▎   | 3846/6112 [02:11<01:18, 28.89 examples/s]
Tokenizing train dataset:  63%|██████▎   | 3850/6112 [02:11<01:17, 29.03 examples/s]
Tokenizing train dataset:  63%|██████▎   | 3854/6112 [02:11<01:18, 28.92 examples/s]
Tokenizing train dataset:  63%|██████▎   | 3858/6112 [02:11<01:17, 28.94 examples/s]
Tokenizing train dataset:  63%|██████▎   | 3862/6112 [02:11<01:16, 29.24 examples/s]
Tokenizing train dataset:  63%|██████▎   | 3866/6112 [02:11<01:17, 29.10 examples/s]
Tokenizing train dataset:  63%|██████▎   | 3870/6112 [02:11<01:17, 28.92 examples/s]
Tokenizing train dataset:  63%|██████▎   | 3874/6112 [02:12<01:26, 25.81 examples/s]
Tokenizing train dataset:  63%|██████▎   | 3878/6112 [02:12<01:23, 26.87 examples/s]
Tokenizing train dataset:  64%|██████▎   | 3882/6112 [02:12<01:20, 27.66 examples/s]
Tokenizing train dataset:  64%|██████▎   | 3886/6112 [02:12<01:17, 28.57 examples/s]
Tokenizing train dataset:  64%|██████▎   | 3890/6112 [02:12<01:16, 29.01 examples/s]
Tokenizing train dataset:  64%|██████▎   | 3894/6112 [02:12<01:15, 29.37 examples/s]
Tokenizing train dataset:  64%|██████▍   | 3898/6112 [02:12<01:15, 29.43 examples/s]
Tokenizing train dataset:  64%|██████▍   | 3902/6112 [02:13<01:13, 30.06 examples/s]
Tokenizing train dataset:  64%|██████▍   | 3906/6112 [02:13<01:13, 29.96 examples/s]
Tokenizing train dataset:  64%|██████▍   | 3910/6112 [02:13<01:14, 29.67 examples/s]
Tokenizing train dataset:  64%|██████▍   | 3914/6112 [02:13<01:13, 29.75 examples/s]
Tokenizing train dataset:  64%|██████▍   | 3918/6112 [02:13<01:14, 29.54 examples/s]
Tokenizing train dataset:  64%|██████▍   | 3922/6112 [02:13<01:14, 29.47 examples/s]
Tokenizing train dataset:  64%|██████▍   | 3926/6112 [02:13<01:13, 29.86 examples/s]
Tokenizing train dataset:  64%|██████▍   | 3930/6112 [02:13<01:12, 30.12 examples/s]
Tokenizing train dataset:  64%|██████▍   | 3934/6112 [02:14<01:13, 29.79 examples/s]
Tokenizing train dataset:  64%|██████▍   | 3938/6112 [02:14<01:14, 29.29 examples/s]
Tokenizing train dataset:  64%|██████▍   | 3942/6112 [02:14<01:15, 28.56 examples/s]
Tokenizing train dataset:  65%|██████▍   | 3946/6112 [02:14<01:15, 28.54 examples/s]
Tokenizing train dataset:  65%|██████▍   | 3950/6112 [02:14<01:14, 28.84 examples/s]
Tokenizing train dataset:  65%|██████▍   | 3954/6112 [02:14<01:14, 29.13 examples/s]
Tokenizing train dataset:  65%|██████▍   | 3958/6112 [02:14<01:13, 29.13 examples/s]
Tokenizing train dataset:  65%|██████▍   | 3962/6112 [02:15<01:13, 29.18 examples/s]
Tokenizing train dataset:  65%|██████▍   | 3966/6112 [02:15<01:12, 29.41 examples/s]
Tokenizing train dataset:  65%|██████▍   | 3970/6112 [02:15<01:13, 28.98 examples/s]
Tokenizing train dataset:  65%|██████▌   | 3974/6112 [02:15<01:13, 28.98 examples/s]
Tokenizing train dataset:  65%|██████▌   | 3978/6112 [02:15<01:13, 28.85 examples/s]
Tokenizing train dataset:  65%|██████▌   | 3982/6112 [02:15<01:12, 29.41 examples/s]
Tokenizing train dataset:  65%|██████▌   | 3986/6112 [02:15<01:12, 29.13 examples/s]
Tokenizing train dataset:  65%|██████▌   | 3990/6112 [02:16<01:13, 28.99 examples/s]
Tokenizing train dataset:  65%|██████▌   | 3994/6112 [02:16<01:12, 29.32 examples/s]
Tokenizing train dataset:  65%|██████▌   | 3998/6112 [02:16<01:12, 29.11 examples/s]
Tokenizing train dataset:  65%|██████▌   | 4002/6112 [02:16<02:19, 15.09 examples/s]
Tokenizing train dataset:  66%|██████▌   | 4006/6112 [02:17<01:59, 17.58 examples/s]
Tokenizing train dataset:  66%|██████▌   | 4010/6112 [02:17<01:46, 19.70 examples/s]
Tokenizing train dataset:  66%|██████▌   | 4014/6112 [02:17<01:37, 21.45 examples/s]
Tokenizing train dataset:  66%|██████▌   | 4018/6112 [02:17<01:29, 23.36 examples/s]
Tokenizing train dataset:  66%|██████▌   | 4022/6112 [02:17<01:24, 24.68 examples/s]
Tokenizing train dataset:  66%|██████▌   | 4026/6112 [02:17<01:20, 25.94 examples/s]
Tokenizing train dataset:  66%|██████▌   | 4030/6112 [02:17<01:16, 27.07 examples/s]
Tokenizing train dataset:  66%|██████▌   | 4034/6112 [02:17<01:14, 27.78 examples/s]
Tokenizing train dataset:  66%|██████▌   | 4038/6112 [02:18<01:12, 28.51 examples/s]
Tokenizing train dataset:  66%|██████▌   | 4042/6112 [02:18<01:12, 28.50 examples/s]
Tokenizing train dataset:  66%|██████▌   | 4046/6112 [02:18<01:11, 28.90 examples/s]
Tokenizing train dataset:  66%|██████▋   | 4050/6112 [02:18<01:11, 28.95 examples/s]
Tokenizing train dataset:  66%|██████▋   | 4054/6112 [02:18<01:10, 29.09 examples/s]
Tokenizing train dataset:  66%|██████▋   | 4058/6112 [02:18<01:10, 29.19 examples/s]
Tokenizing train dataset:  66%|██████▋   | 4062/6112 [02:18<01:10, 29.11 examples/s]
Tokenizing train dataset:  67%|██████▋   | 4066/6112 [02:19<01:09, 29.38 examples/s]
Tokenizing train dataset:  67%|██████▋   | 4070/6112 [02:19<01:09, 29.33 examples/s]
Tokenizing train dataset:  67%|██████▋   | 4074/6112 [02:19<01:08, 29.65 examples/s]
Tokenizing train dataset:  67%|██████▋   | 4078/6112 [02:19<01:08, 29.56 examples/s]
Tokenizing train dataset:  67%|██████▋   | 4082/6112 [02:19<01:08, 29.81 examples/s]
Tokenizing train dataset:  67%|██████▋   | 4086/6112 [02:19<01:08, 29.39 examples/s]
Tokenizing train dataset:  67%|██████▋   | 4090/6112 [02:19<01:07, 29.77 examples/s]
Tokenizing train dataset:  67%|██████▋   | 4094/6112 [02:20<01:07, 29.70 examples/s]
Tokenizing train dataset:  67%|██████▋   | 4098/6112 [02:20<01:07, 30.06 examples/s]
Tokenizing train dataset:  67%|██████▋   | 4102/6112 [02:20<01:06, 30.20 examples/s]
Tokenizing train dataset:  67%|██████▋   | 4106/6112 [02:20<01:06, 30.26 examples/s]
Tokenizing train dataset:  67%|██████▋   | 4110/6112 [02:20<01:06, 30.20 examples/s]
Tokenizing train dataset:  67%|██████▋   | 4114/6112 [02:20<01:06, 29.97 examples/s]
Tokenizing train dataset:  67%|██████▋   | 4118/6112 [02:20<01:05, 30.23 examples/s]
Tokenizing train dataset:  67%|██████▋   | 4122/6112 [02:20<01:09, 28.79 examples/s]
Tokenizing train dataset:  68%|██████▊   | 4126/6112 [02:21<01:08, 28.89 examples/s]
Tokenizing train dataset:  68%|██████▊   | 4130/6112 [02:21<01:10, 27.98 examples/s]
Tokenizing train dataset:  68%|██████▊   | 4134/6112 [02:21<01:12, 27.33 examples/s]
Tokenizing train dataset:  68%|██████▊   | 4138/6112 [02:21<01:12, 27.11 examples/s]
Tokenizing train dataset:  68%|██████▊   | 4142/6112 [02:21<01:10, 27.98 examples/s]
Tokenizing train dataset:  68%|██████▊   | 4146/6112 [02:21<01:09, 28.29 examples/s]
Tokenizing train dataset:  68%|██████▊   | 4150/6112 [02:21<01:09, 28.33 examples/s]
Tokenizing train dataset:  68%|██████▊   | 4154/6112 [02:22<01:10, 27.73 examples/s]
Tokenizing train dataset:  68%|██████▊   | 4158/6112 [02:22<01:09, 28.28 examples/s]
Tokenizing train dataset:  68%|██████▊   | 4162/6112 [02:22<01:08, 28.47 examples/s]
Tokenizing train dataset:  68%|██████▊   | 4166/6112 [02:22<01:06, 29.10 examples/s]
Tokenizing train dataset:  68%|██████▊   | 4170/6112 [02:22<01:06, 29.28 examples/s]
Tokenizing train dataset:  68%|██████▊   | 4174/6112 [02:22<01:05, 29.47 examples/s]
Tokenizing train dataset:  68%|██████▊   | 4178/6112 [02:22<01:05, 29.31 examples/s]
Tokenizing train dataset:  68%|██████▊   | 4182/6112 [02:23<01:05, 29.29 examples/s]
Tokenizing train dataset:  68%|██████▊   | 4186/6112 [02:23<01:05, 29.48 examples/s]
Tokenizing train dataset:  69%|██████▊   | 4190/6112 [02:23<01:05, 29.38 examples/s]
Tokenizing train dataset:  69%|██████▊   | 4194/6112 [02:23<01:04, 29.72 examples/s]
Tokenizing train dataset:  69%|██████▊   | 4198/6112 [02:23<01:04, 29.67 examples/s]
Tokenizing train dataset:  69%|██████▉   | 4202/6112 [02:23<01:05, 29.22 examples/s]
Tokenizing train dataset:  69%|██████▉   | 4206/6112 [02:23<01:05, 29.08 examples/s]
Tokenizing train dataset:  69%|██████▉   | 4210/6112 [02:24<01:05, 28.93 examples/s]
Tokenizing train dataset:  69%|██████▉   | 4214/6112 [02:24<01:05, 28.99 examples/s]
Tokenizing train dataset:  69%|██████▉   | 4218/6112 [02:24<01:05, 29.06 examples/s]
Tokenizing train dataset:  69%|██████▉   | 4222/6112 [02:24<01:04, 29.13 examples/s]
Tokenizing train dataset:  69%|██████▉   | 4226/6112 [02:24<01:04, 29.44 examples/s]
Tokenizing train dataset:  69%|██████▉   | 4230/6112 [02:24<01:05, 28.87 examples/s]
Tokenizing train dataset:  69%|██████▉   | 4234/6112 [02:24<01:05, 28.72 examples/s]
Tokenizing train dataset:  69%|██████▉   | 4238/6112 [02:24<01:04, 28.85 examples/s]
Tokenizing train dataset:  69%|██████▉   | 4242/6112 [02:25<01:03, 29.28 examples/s]
Tokenizing train dataset:  69%|██████▉   | 4246/6112 [02:25<01:03, 29.49 examples/s]
Tokenizing train dataset:  70%|██████▉   | 4250/6112 [02:25<01:03, 29.20 examples/s]
Tokenizing train dataset:  70%|██████▉   | 4254/6112 [02:25<01:03, 29.04 examples/s]
Tokenizing train dataset:  70%|██████▉   | 4258/6112 [02:25<01:03, 29.31 examples/s]
Tokenizing train dataset:  70%|██████▉   | 4262/6112 [02:25<01:02, 29.60 examples/s]
Tokenizing train dataset:  70%|██████▉   | 4266/6112 [02:25<01:02, 29.48 examples/s]
Tokenizing train dataset:  70%|██████▉   | 4270/6112 [02:26<01:03, 28.93 examples/s]
Tokenizing train dataset:  70%|██████▉   | 4274/6112 [02:26<01:03, 29.05 examples/s]
Tokenizing train dataset:  70%|██████▉   | 4278/6112 [02:26<01:02, 29.27 examples/s]
Tokenizing train dataset:  70%|███████   | 4282/6112 [02:26<01:02, 29.50 examples/s]
Tokenizing train dataset:  70%|███████   | 4286/6112 [02:26<01:02, 29.12 examples/s]
Tokenizing train dataset:  70%|███████   | 4290/6112 [02:26<01:01, 29.39 examples/s]
Tokenizing train dataset:  70%|███████   | 4294/6112 [02:26<01:01, 29.36 examples/s]
Tokenizing train dataset:  70%|███████   | 4298/6112 [02:27<01:02, 29.20 examples/s]
Tokenizing train dataset:  70%|███████   | 4302/6112 [02:27<01:01, 29.61 examples/s]
Tokenizing train dataset:  70%|███████   | 4306/6112 [02:27<01:00, 29.63 examples/s]
Tokenizing train dataset:  71%|███████   | 4310/6112 [02:27<01:00, 29.89 examples/s]
Tokenizing train dataset:  71%|███████   | 4314/6112 [02:27<00:59, 30.17 examples/s]
Tokenizing train dataset:  71%|███████   | 4318/6112 [02:27<00:59, 29.98 examples/s]
Tokenizing train dataset:  71%|███████   | 4322/6112 [02:27<00:59, 29.87 examples/s]
Tokenizing train dataset:  71%|███████   | 4326/6112 [02:27<01:00, 29.34 examples/s]
Tokenizing train dataset:  71%|███████   | 4330/6112 [02:28<00:59, 29.71 examples/s]
Tokenizing train dataset:  71%|███████   | 4334/6112 [02:28<01:02, 28.63 examples/s]
Tokenizing train dataset:  71%|███████   | 4338/6112 [02:28<01:04, 27.38 examples/s]
Tokenizing train dataset:  71%|███████   | 4342/6112 [02:28<01:05, 26.90 examples/s]
Tokenizing train dataset:  71%|███████   | 4346/6112 [02:28<01:05, 26.95 examples/s]
Tokenizing train dataset:  71%|███████   | 4350/6112 [02:28<01:05, 27.08 examples/s]
Tokenizing train dataset:  71%|███████   | 4354/6112 [02:29<01:05, 26.90 examples/s]
Tokenizing train dataset:  71%|███████▏  | 4358/6112 [02:29<01:05, 26.92 examples/s]
Tokenizing train dataset:  71%|███████▏  | 4362/6112 [02:29<01:04, 27.25 examples/s]
Tokenizing train dataset:  71%|███████▏  | 4366/6112 [02:29<01:04, 27.15 examples/s]
Tokenizing train dataset:  71%|███████▏  | 4370/6112 [02:29<01:03, 27.25 examples/s]
Tokenizing train dataset:  72%|███████▏  | 4374/6112 [02:29<01:04, 27.07 examples/s]
Tokenizing train dataset:  72%|███████▏  | 4378/6112 [02:29<01:03, 27.39 examples/s]
Tokenizing train dataset:  72%|███████▏  | 4382/6112 [02:30<01:02, 27.69 examples/s]
Tokenizing train dataset:  72%|███████▏  | 4386/6112 [02:30<01:01, 28.28 examples/s]
Tokenizing train dataset:  72%|███████▏  | 4390/6112 [02:30<00:59, 29.12 examples/s]
Tokenizing train dataset:  72%|███████▏  | 4394/6112 [02:30<00:58, 29.24 examples/s]
Tokenizing train dataset:  72%|███████▏  | 4398/6112 [02:30<00:57, 29.93 examples/s]
Tokenizing train dataset:  72%|███████▏  | 4402/6112 [02:30<00:56, 30.23 examples/s]
Tokenizing train dataset:  72%|███████▏  | 4406/6112 [02:30<00:57, 29.62 examples/s]
Tokenizing train dataset:  72%|███████▏  | 4410/6112 [02:30<00:57, 29.86 examples/s]
Tokenizing train dataset:  72%|███████▏  | 4414/6112 [02:31<00:56, 30.20 examples/s]
Tokenizing train dataset:  72%|███████▏  | 4418/6112 [02:31<00:56, 30.05 examples/s]
Tokenizing train dataset:  72%|███████▏  | 4422/6112 [02:31<00:56, 30.09 examples/s]
Tokenizing train dataset:  72%|███████▏  | 4426/6112 [02:31<00:56, 30.03 examples/s]
Tokenizing train dataset:  72%|███████▏  | 4430/6112 [02:31<00:56, 29.90 examples/s]
Tokenizing train dataset:  73%|███████▎  | 4434/6112 [02:31<00:56, 29.95 examples/s]
Tokenizing train dataset:  73%|███████▎  | 4438/6112 [02:31<00:55, 29.91 examples/s]
Tokenizing train dataset:  73%|███████▎  | 4442/6112 [02:32<00:55, 29.97 examples/s]
Tokenizing train dataset:  73%|███████▎  | 4446/6112 [02:32<00:55, 29.82 examples/s]
Tokenizing train dataset:  73%|███████▎  | 4450/6112 [02:32<00:57, 28.97 examples/s]
Tokenizing train dataset:  73%|███████▎  | 4454/6112 [02:32<00:56, 29.25 examples/s]
Tokenizing train dataset:  73%|███████▎  | 4458/6112 [02:32<00:56, 29.16 examples/s]
Tokenizing train dataset:  73%|███████▎  | 4462/6112 [02:32<00:55, 29.60 examples/s]
Tokenizing train dataset:  73%|███████▎  | 4466/6112 [02:32<00:55, 29.53 examples/s]
Tokenizing train dataset:  73%|███████▎  | 4470/6112 [02:32<00:55, 29.51 examples/s]
Tokenizing train dataset:  73%|███████▎  | 4474/6112 [02:33<00:57, 28.64 examples/s]
Tokenizing train dataset:  73%|███████▎  | 4478/6112 [02:33<00:58, 28.09 examples/s]
Tokenizing train dataset:  73%|███████▎  | 4482/6112 [02:33<00:58, 27.78 examples/s]
Tokenizing train dataset:  73%|███████▎  | 4486/6112 [02:33<00:58, 27.59 examples/s]
Tokenizing train dataset:  73%|███████▎  | 4490/6112 [02:33<00:59, 27.22 examples/s]
Tokenizing train dataset:  74%|███████▎  | 4494/6112 [02:33<00:59, 27.22 examples/s]
Tokenizing train dataset:  74%|███████▎  | 4498/6112 [02:34<00:59, 27.19 examples/s]
Tokenizing train dataset:  74%|███████▎  | 4502/6112 [02:34<01:00, 26.77 examples/s]
Tokenizing train dataset:  74%|███████▎  | 4506/6112 [02:34<00:59, 26.79 examples/s]
Tokenizing train dataset:  74%|███████▍  | 4510/6112 [02:34<01:00, 26.46 examples/s]
Tokenizing train dataset:  74%|███████▍  | 4514/6112 [02:34<01:00, 26.60 examples/s]
Tokenizing train dataset:  74%|███████▍  | 4518/6112 [02:34<01:00, 26.41 examples/s]
Tokenizing train dataset:  74%|███████▍  | 4522/6112 [02:34<01:00, 26.20 examples/s]
Tokenizing train dataset:  74%|███████▍  | 4526/6112 [02:35<00:58, 27.09 examples/s]
Tokenizing train dataset:  74%|███████▍  | 4530/6112 [02:35<00:57, 27.44 examples/s]
Tokenizing train dataset:  74%|███████▍  | 4534/6112 [02:35<00:55, 28.37 examples/s]
Tokenizing train dataset:  74%|███████▍  | 4538/6112 [02:35<00:55, 28.31 examples/s]
Tokenizing train dataset:  74%|███████▍  | 4542/6112 [02:35<00:55, 28.36 examples/s]
Tokenizing train dataset:  74%|███████▍  | 4546/6112 [02:35<00:54, 28.98 examples/s]
Tokenizing train dataset:  74%|███████▍  | 4550/6112 [02:35<00:53, 29.13 examples/s]
Tokenizing train dataset:  75%|███████▍  | 4554/6112 [02:36<00:53, 29.22 examples/s]
Tokenizing train dataset:  75%|███████▍  | 4558/6112 [02:36<00:53, 29.21 examples/s]
Tokenizing train dataset:  75%|███████▍  | 4562/6112 [02:36<00:52, 29.28 examples/s]
Tokenizing train dataset:  75%|███████▍  | 4566/6112 [02:36<00:52, 29.29 examples/s]
Tokenizing train dataset:  75%|███████▍  | 4570/6112 [02:36<00:52, 29.18 examples/s]
Tokenizing train dataset:  75%|███████▍  | 4574/6112 [02:36<00:52, 29.52 examples/s]
Tokenizing train dataset:  75%|███████▍  | 4578/6112 [02:36<00:52, 29.17 examples/s]
Tokenizing train dataset:  75%|███████▍  | 4582/6112 [02:36<00:52, 28.97 examples/s]
Tokenizing train dataset:  75%|███████▌  | 4586/6112 [02:37<00:52, 29.14 examples/s]
Tokenizing train dataset:  75%|███████▌  | 4590/6112 [02:37<00:51, 29.72 examples/s]
Tokenizing train dataset:  75%|███████▌  | 4594/6112 [02:37<00:51, 29.45 examples/s]
Tokenizing train dataset:  75%|███████▌  | 4598/6112 [02:37<00:52, 29.04 examples/s]
Tokenizing train dataset:  75%|███████▌  | 4602/6112 [02:37<00:52, 29.00 examples/s]
Tokenizing train dataset:  75%|███████▌  | 4606/6112 [02:37<00:52, 28.84 examples/s]
Tokenizing train dataset:  75%|███████▌  | 4610/6112 [02:37<00:51, 28.97 examples/s]
Tokenizing train dataset:  75%|███████▌  | 4614/6112 [02:38<00:51, 29.33 examples/s]
Tokenizing train dataset:  76%|███████▌  | 4618/6112 [02:38<00:49, 30.00 examples/s]
Tokenizing train dataset:  76%|███████▌  | 4622/6112 [02:38<00:49, 29.80 examples/s]
Tokenizing train dataset:  76%|███████▌  | 4626/6112 [02:38<00:49, 29.86 examples/s]
Tokenizing train dataset:  76%|███████▌  | 4630/6112 [02:38<00:50, 29.39 examples/s]
Tokenizing train dataset:  76%|███████▌  | 4634/6112 [02:38<00:50, 29.08 examples/s]
Tokenizing train dataset:  76%|███████▌  | 4638/6112 [02:38<00:50, 29.14 examples/s]
Tokenizing train dataset:  76%|███████▌  | 4642/6112 [02:39<00:50, 29.05 examples/s]
Tokenizing train dataset:  76%|███████▌  | 4646/6112 [02:39<00:50, 28.82 examples/s]
Tokenizing train dataset:  76%|███████▌  | 4650/6112 [02:39<00:50, 29.03 examples/s]
Tokenizing train dataset:  76%|███████▌  | 4654/6112 [02:39<00:50, 28.69 examples/s]
Tokenizing train dataset:  76%|███████▌  | 4658/6112 [02:39<00:50, 28.61 examples/s]
Tokenizing train dataset:  76%|███████▋  | 4662/6112 [02:39<00:50, 28.82 examples/s]
Tokenizing train dataset:  76%|███████▋  | 4666/6112 [02:39<00:50, 28.47 examples/s]
Tokenizing train dataset:  76%|███████▋  | 4670/6112 [02:40<00:50, 28.46 examples/s]
Tokenizing train dataset:  76%|███████▋  | 4674/6112 [02:40<00:52, 27.44 examples/s]
Tokenizing train dataset:  77%|███████▋  | 4678/6112 [02:40<00:51, 27.90 examples/s]
Tokenizing train dataset:  77%|███████▋  | 4682/6112 [02:40<00:52, 27.33 examples/s]
Tokenizing train dataset:  77%|███████▋  | 4686/6112 [02:40<00:52, 27.24 examples/s]
Tokenizing train dataset:  77%|███████▋  | 4690/6112 [02:40<00:52, 27.05 examples/s]
Tokenizing train dataset:  77%|███████▋  | 4694/6112 [02:40<00:51, 27.70 examples/s]
Tokenizing train dataset:  77%|███████▋  | 4698/6112 [02:41<00:50, 28.17 examples/s]
Tokenizing train dataset:  77%|███████▋  | 4702/6112 [02:41<00:49, 28.25 examples/s]
Tokenizing train dataset:  77%|███████▋  | 4706/6112 [02:41<00:51, 27.55 examples/s]
Tokenizing train dataset:  77%|███████▋  | 4710/6112 [02:41<00:49, 28.15 examples/s]
Tokenizing train dataset:  77%|███████▋  | 4714/6112 [02:41<00:50, 27.66 examples/s]
Tokenizing train dataset:  77%|███████▋  | 4718/6112 [02:41<00:50, 27.79 examples/s]
Tokenizing train dataset:  77%|███████▋  | 4722/6112 [02:41<00:49, 28.07 examples/s]
Tokenizing train dataset:  77%|███████▋  | 4726/6112 [02:42<00:49, 28.22 examples/s]
Tokenizing train dataset:  77%|███████▋  | 4730/6112 [02:42<00:48, 28.68 examples/s]
Tokenizing train dataset:  77%|███████▋  | 4734/6112 [02:42<00:47, 28.75 examples/s]
Tokenizing train dataset:  78%|███████▊  | 4738/6112 [02:42<00:53, 25.49 examples/s]
Tokenizing train dataset:  78%|███████▊  | 4742/6112 [02:42<00:51, 26.41 examples/s]
Tokenizing train dataset:  78%|███████▊  | 4746/6112 [02:42<00:50, 27.24 examples/s]
Tokenizing train dataset:  78%|███████▊  | 4750/6112 [02:42<00:48, 28.13 examples/s]
Tokenizing train dataset:  78%|███████▊  | 4754/6112 [02:43<00:47, 28.56 examples/s]
Tokenizing train dataset:  78%|███████▊  | 4758/6112 [02:43<00:47, 28.59 examples/s]
Tokenizing train dataset:  78%|███████▊  | 4762/6112 [02:43<00:47, 28.62 examples/s]
Tokenizing train dataset:  78%|███████▊  | 4766/6112 [02:43<00:46, 28.72 examples/s]
Tokenizing train dataset:  78%|███████▊  | 4770/6112 [02:43<00:45, 29.20 examples/s]
Tokenizing train dataset:  78%|███████▊  | 4774/6112 [02:43<00:45, 29.44 examples/s]
Tokenizing train dataset:  78%|███████▊  | 4778/6112 [02:43<00:45, 29.47 examples/s]
Tokenizing train dataset:  78%|███████▊  | 4782/6112 [02:44<00:45, 29.42 examples/s]
Tokenizing train dataset:  78%|███████▊  | 4786/6112 [02:44<00:45, 29.25 examples/s]
Tokenizing train dataset:  78%|███████▊  | 4790/6112 [02:44<00:44, 29.51 examples/s]
Tokenizing train dataset:  78%|███████▊  | 4794/6112 [02:44<00:44, 29.75 examples/s]
Tokenizing train dataset:  79%|███████▊  | 4798/6112 [02:44<00:44, 29.63 examples/s]
Tokenizing train dataset:  79%|███████▊  | 4802/6112 [02:44<00:43, 29.82 examples/s]
Tokenizing train dataset:  79%|███████▊  | 4806/6112 [02:44<00:44, 29.30 examples/s]
Tokenizing train dataset:  79%|███████▊  | 4810/6112 [02:44<00:45, 28.70 examples/s]
Tokenizing train dataset:  79%|███████▉  | 4814/6112 [02:45<00:45, 28.66 examples/s]
Tokenizing train dataset:  79%|███████▉  | 4818/6112 [02:45<00:44, 29.15 examples/s]
Tokenizing train dataset:  79%|███████▉  | 4822/6112 [02:45<00:43, 29.37 examples/s]
Tokenizing train dataset:  79%|███████▉  | 4826/6112 [02:45<00:43, 29.53 examples/s]
Tokenizing train dataset:  79%|███████▉  | 4830/6112 [02:45<00:43, 29.57 examples/s]
Tokenizing train dataset:  79%|███████▉  | 4834/6112 [02:45<00:43, 29.63 examples/s]
Tokenizing train dataset:  79%|███████▉  | 4838/6112 [02:45<00:43, 29.58 examples/s]
Tokenizing train dataset:  79%|███████▉  | 4842/6112 [02:46<00:43, 29.52 examples/s]
Tokenizing train dataset:  79%|███████▉  | 4846/6112 [02:46<00:42, 29.48 examples/s]
Tokenizing train dataset:  79%|███████▉  | 4850/6112 [02:46<00:43, 29.15 examples/s]
Tokenizing train dataset:  79%|███████▉  | 4854/6112 [02:46<00:42, 29.79 examples/s]
Tokenizing train dataset:  79%|███████▉  | 4858/6112 [02:46<00:42, 29.81 examples/s]
Tokenizing train dataset:  80%|███████▉  | 4862/6112 [02:46<00:42, 29.73 examples/s]
Tokenizing train dataset:  80%|███████▉  | 4866/6112 [02:46<00:42, 29.65 examples/s]
Tokenizing train dataset:  80%|███████▉  | 4870/6112 [02:46<00:41, 29.60 examples/s]
Tokenizing train dataset:  80%|███████▉  | 4874/6112 [02:47<00:42, 29.26 examples/s]
Tokenizing train dataset:  80%|███████▉  | 4878/6112 [02:47<00:41, 29.47 examples/s]
Tokenizing train dataset:  80%|███████▉  | 4882/6112 [02:47<00:41, 29.52 examples/s]
Tokenizing train dataset:  80%|███████▉  | 4886/6112 [02:47<00:42, 29.04 examples/s]
Tokenizing train dataset:  80%|████████  | 4890/6112 [02:47<00:42, 28.63 examples/s]
Tokenizing train dataset:  80%|████████  | 4894/6112 [02:47<00:42, 28.89 examples/s]
Tokenizing train dataset:  80%|████████  | 4898/6112 [02:47<00:41, 29.21 examples/s]
Tokenizing train dataset:  80%|████████  | 4902/6112 [02:48<00:41, 28.94 examples/s]
Tokenizing train dataset:  80%|████████  | 4906/6112 [02:48<00:42, 28.33 examples/s]
Tokenizing train dataset:  80%|████████  | 4910/6112 [02:48<00:42, 28.44 examples/s]
Tokenizing train dataset:  80%|████████  | 4914/6112 [02:48<00:43, 27.61 examples/s]
Tokenizing train dataset:  80%|████████  | 4918/6112 [02:48<00:43, 27.37 examples/s]
Tokenizing train dataset:  81%|████████  | 4922/6112 [02:48<00:42, 27.75 examples/s]
Tokenizing train dataset:  81%|████████  | 4926/6112 [02:48<00:43, 26.96 examples/s]
Tokenizing train dataset:  81%|████████  | 4930/6112 [02:49<00:44, 26.54 examples/s]
Tokenizing train dataset:  81%|████████  | 4934/6112 [02:49<00:44, 26.34 examples/s]
Tokenizing train dataset:  81%|████████  | 4938/6112 [02:49<00:44, 26.44 examples/s]
Tokenizing train dataset:  81%|████████  | 4942/6112 [02:49<00:44, 26.15 examples/s]
Tokenizing train dataset:  81%|████████  | 4946/6112 [02:49<00:45, 25.74 examples/s]
Tokenizing train dataset:  81%|████████  | 4950/6112 [02:49<00:44, 26.06 examples/s]
Tokenizing train dataset:  81%|████████  | 4954/6112 [02:50<00:44, 26.17 examples/s]
Tokenizing train dataset:  81%|████████  | 4958/6112 [02:50<00:43, 26.39 examples/s]
Tokenizing train dataset:  81%|████████  | 4962/6112 [02:50<00:43, 26.37 examples/s]
Tokenizing train dataset:  81%|████████▏ | 4966/6112 [02:50<00:42, 26.92 examples/s]
Tokenizing train dataset:  81%|████████▏ | 4970/6112 [02:50<00:42, 27.10 examples/s]
Tokenizing train dataset:  81%|████████▏ | 4974/6112 [02:50<00:41, 27.50 examples/s]
Tokenizing train dataset:  81%|████████▏ | 4978/6112 [02:50<00:40, 27.92 examples/s]
Tokenizing train dataset:  82%|████████▏ | 4982/6112 [02:51<00:39, 28.37 examples/s]
Tokenizing train dataset:  82%|████████▏ | 4986/6112 [02:51<00:39, 28.82 examples/s]
Tokenizing train dataset:  82%|████████▏ | 4990/6112 [02:51<00:39, 28.76 examples/s]
Tokenizing train dataset:  82%|████████▏ | 4994/6112 [02:51<00:38, 28.83 examples/s]
Tokenizing train dataset:  82%|████████▏ | 4998/6112 [02:51<00:38, 28.78 examples/s]
Tokenizing train dataset:  82%|████████▏ | 5002/6112 [02:52<01:05, 16.95 examples/s]
Tokenizing train dataset:  82%|████████▏ | 5006/6112 [02:52<00:57, 19.14 examples/s]
Tokenizing train dataset:  82%|████████▏ | 5010/6112 [02:52<00:52, 21.16 examples/s]
Tokenizing train dataset:  82%|████████▏ | 5014/6112 [02:52<00:47, 23.11 examples/s]
Tokenizing train dataset:  82%|████████▏ | 5018/6112 [02:52<00:45, 24.25 examples/s]
Tokenizing train dataset:  82%|████████▏ | 5022/6112 [02:52<00:43, 25.11 examples/s]
Tokenizing train dataset:  82%|████████▏ | 5026/6112 [02:52<00:43, 25.03 examples/s]
Tokenizing train dataset:  82%|████████▏ | 5030/6112 [02:53<00:42, 25.38 examples/s]
Tokenizing train dataset:  82%|████████▏ | 5034/6112 [02:53<00:42, 25.08 examples/s]
Tokenizing train dataset:  82%|████████▏ | 5038/6112 [02:53<00:42, 25.26 examples/s]
Tokenizing train dataset:  82%|████████▏ | 5042/6112 [02:53<00:42, 25.15 examples/s]
Tokenizing train dataset:  83%|████████▎ | 5046/6112 [02:53<00:41, 25.60 examples/s]
Tokenizing train dataset:  83%|████████▎ | 5050/6112 [02:53<00:41, 25.31 examples/s]
Tokenizing train dataset:  83%|████████▎ | 5054/6112 [02:54<00:42, 24.98 examples/s]
Tokenizing train dataset:  83%|████████▎ | 5058/6112 [02:54<00:41, 25.52 examples/s]
Tokenizing train dataset:  83%|████████▎ | 5062/6112 [02:54<00:41, 25.44 examples/s]
Tokenizing train dataset:  83%|████████▎ | 5066/6112 [02:54<00:40, 25.56 examples/s]
Tokenizing train dataset:  83%|████████▎ | 5070/6112 [02:54<00:39, 26.33 examples/s]
Tokenizing train dataset:  83%|████████▎ | 5074/6112 [02:54<00:38, 27.20 examples/s]
Tokenizing train dataset:  83%|████████▎ | 5078/6112 [02:54<00:37, 27.38 examples/s]
Tokenizing train dataset:  83%|████████▎ | 5082/6112 [02:55<00:36, 27.92 examples/s]
Tokenizing train dataset:  83%|████████▎ | 5086/6112 [02:55<00:36, 28.38 examples/s]
Tokenizing train dataset:  83%|████████▎ | 5090/6112 [02:55<00:35, 28.71 examples/s]
Tokenizing train dataset:  83%|████████▎ | 5094/6112 [02:55<00:35, 28.83 examples/s]
Tokenizing train dataset:  83%|████████▎ | 5098/6112 [02:55<00:34, 29.44 examples/s]
Tokenizing train dataset:  83%|████████▎ | 5102/6112 [02:55<00:34, 29.41 examples/s]
Tokenizing train dataset:  84%|████████▎ | 5106/6112 [02:55<00:34, 29.37 examples/s]
Tokenizing train dataset:  84%|████████▎ | 5110/6112 [02:56<00:33, 29.53 examples/s]
Tokenizing train dataset:  84%|████████▎ | 5114/6112 [02:56<00:33, 29.84 examples/s]
Tokenizing train dataset:  84%|████████▎ | 5118/6112 [02:56<00:33, 29.79 examples/s]
Tokenizing train dataset:  84%|████████▍ | 5122/6112 [02:56<00:33, 29.57 examples/s]
Tokenizing train dataset:  84%|████████▍ | 5126/6112 [02:56<00:33, 29.64 examples/s]
Tokenizing train dataset:  84%|████████▍ | 5130/6112 [02:56<00:32, 29.76 examples/s]
Tokenizing train dataset:  84%|████████▍ | 5134/6112 [02:56<00:32, 30.08 examples/s]
Tokenizing train dataset:  84%|████████▍ | 5138/6112 [02:56<00:33, 29.31 examples/s]
Tokenizing train dataset:  84%|████████▍ | 5142/6112 [02:57<00:32, 29.48 examples/s]
Tokenizing train dataset:  84%|████████▍ | 5146/6112 [02:57<00:32, 29.56 examples/s]
Tokenizing train dataset:  84%|████████▍ | 5150/6112 [02:57<00:32, 29.49 examples/s]
Tokenizing train dataset:  84%|████████▍ | 5154/6112 [02:57<00:32, 29.70 examples/s]
Tokenizing train dataset:  84%|████████▍ | 5158/6112 [02:57<00:32, 29.48 examples/s]
Tokenizing train dataset:  84%|████████▍ | 5162/6112 [02:57<00:32, 29.08 examples/s]
Tokenizing train dataset:  85%|████████▍ | 5166/6112 [02:57<00:32, 29.26 examples/s]
Tokenizing train dataset:  85%|████████▍ | 5170/6112 [02:58<00:32, 29.25 examples/s]
Tokenizing train dataset:  85%|████████▍ | 5174/6112 [02:58<00:32, 29.31 examples/s]
Tokenizing train dataset:  85%|████████▍ | 5178/6112 [02:58<00:31, 29.34 examples/s]
Tokenizing train dataset:  85%|████████▍ | 5182/6112 [02:58<00:31, 29.54 examples/s]
Tokenizing train dataset:  85%|████████▍ | 5186/6112 [02:58<00:31, 29.32 examples/s]
Tokenizing train dataset:  85%|████████▍ | 5190/6112 [02:58<00:31, 29.70 examples/s]
Tokenizing train dataset:  85%|████████▍ | 5194/6112 [02:58<00:31, 29.55 examples/s]
Tokenizing train dataset:  85%|████████▌ | 5198/6112 [02:59<00:30, 29.56 examples/s]
Tokenizing train dataset:  85%|████████▌ | 5202/6112 [02:59<00:30, 29.36 examples/s]
Tokenizing train dataset:  85%|████████▌ | 5206/6112 [02:59<00:30, 29.57 examples/s]
Tokenizing train dataset:  85%|████████▌ | 5210/6112 [02:59<00:30, 29.62 examples/s]
Tokenizing train dataset:  85%|████████▌ | 5214/6112 [02:59<00:30, 29.48 examples/s]
Tokenizing train dataset:  85%|████████▌ | 5218/6112 [02:59<00:30, 29.67 examples/s]
Tokenizing train dataset:  85%|████████▌ | 5222/6112 [02:59<00:30, 29.21 examples/s]
Tokenizing train dataset:  86%|████████▌ | 5226/6112 [02:59<00:30, 29.37 examples/s]
Tokenizing train dataset:  86%|████████▌ | 5230/6112 [03:00<00:29, 29.61 examples/s]
Tokenizing train dataset:  86%|████████▌ | 5234/6112 [03:00<00:29, 29.41 examples/s]
Tokenizing train dataset:  86%|████████▌ | 5238/6112 [03:00<00:29, 29.85 examples/s]
Tokenizing train dataset:  86%|████████▌ | 5242/6112 [03:00<00:28, 30.16 examples/s]
Tokenizing train dataset:  86%|████████▌ | 5246/6112 [03:00<00:28, 29.92 examples/s]
Tokenizing train dataset:  86%|████████▌ | 5250/6112 [03:00<00:29, 29.49 examples/s]
Tokenizing train dataset:  86%|████████▌ | 5254/6112 [03:00<00:29, 29.57 examples/s]
Tokenizing train dataset:  86%|████████▌ | 5258/6112 [03:01<00:28, 29.88 examples/s]
Tokenizing train dataset:  86%|████████▌ | 5262/6112 [03:01<00:28, 29.50 examples/s]
Tokenizing train dataset:  86%|████████▌ | 5266/6112 [03:01<00:28, 29.40 examples/s]
Tokenizing train dataset:  86%|████████▌ | 5270/6112 [03:01<00:29, 28.98 examples/s]
Tokenizing train dataset:  86%|████████▋ | 5274/6112 [03:01<00:28, 29.93 examples/s]
Tokenizing train dataset:  86%|████████▋ | 5278/6112 [03:01<00:27, 29.92 examples/s]
Tokenizing train dataset:  86%|████████▋ | 5282/6112 [03:01<00:27, 29.70 examples/s]
Tokenizing train dataset:  86%|████████▋ | 5286/6112 [03:01<00:27, 29.78 examples/s]
Tokenizing train dataset:  87%|████████▋ | 5290/6112 [03:02<00:27, 29.62 examples/s]
Tokenizing train dataset:  87%|████████▋ | 5294/6112 [03:02<00:27, 29.39 examples/s]
Tokenizing train dataset:  87%|████████▋ | 5298/6112 [03:02<00:27, 29.45 examples/s]
Tokenizing train dataset:  87%|████████▋ | 5302/6112 [03:02<00:27, 29.56 examples/s]
Tokenizing train dataset:  87%|████████▋ | 5306/6112 [03:02<00:27, 29.12 examples/s]
Tokenizing train dataset:  87%|████████▋ | 5310/6112 [03:02<00:28, 28.41 examples/s]
Tokenizing train dataset:  87%|████████▋ | 5314/6112 [03:02<00:27, 28.85 examples/s]
Tokenizing train dataset:  87%|████████▋ | 5318/6112 [03:03<00:27, 28.65 examples/s]
Tokenizing train dataset:  87%|████████▋ | 5322/6112 [03:03<00:27, 29.01 examples/s]
Tokenizing train dataset:  87%|████████▋ | 5326/6112 [03:03<00:26, 29.28 examples/s]
Tokenizing train dataset:  87%|████████▋ | 5330/6112 [03:03<00:26, 29.06 examples/s]
Tokenizing train dataset:  87%|████████▋ | 5334/6112 [03:03<00:26, 29.27 examples/s]
Tokenizing train dataset:  87%|████████▋ | 5338/6112 [03:03<00:26, 29.51 examples/s]
Tokenizing train dataset:  87%|████████▋ | 5342/6112 [03:03<00:26, 29.44 examples/s]
Tokenizing train dataset:  87%|████████▋ | 5346/6112 [03:04<00:25, 29.80 examples/s]
Tokenizing train dataset:  88%|████████▊ | 5350/6112 [03:04<00:25, 29.81 examples/s]
Tokenizing train dataset:  88%|████████▊ | 5354/6112 [03:04<00:25, 29.92 examples/s]
Tokenizing train dataset:  88%|████████▊ | 5358/6112 [03:04<00:24, 30.36 examples/s]
Tokenizing train dataset:  88%|████████▊ | 5362/6112 [03:04<00:24, 30.52 examples/s]
Tokenizing train dataset:  88%|████████▊ | 5366/6112 [03:04<00:24, 30.36 examples/s]
Tokenizing train dataset:  88%|████████▊ | 5370/6112 [03:04<00:24, 30.18 examples/s]
Tokenizing train dataset:  88%|████████▊ | 5374/6112 [03:04<00:24, 29.68 examples/s]
Tokenizing train dataset:  88%|████████▊ | 5378/6112 [03:05<00:24, 29.73 examples/s]
Tokenizing train dataset:  88%|████████▊ | 5382/6112 [03:05<00:24, 29.87 examples/s]
Tokenizing train dataset:  88%|████████▊ | 5386/6112 [03:05<00:23, 30.28 examples/s]
Tokenizing train dataset:  88%|████████▊ | 5390/6112 [03:05<00:23, 30.78 examples/s]
Tokenizing train dataset:  88%|████████▊ | 5394/6112 [03:05<00:23, 30.74 examples/s]
Tokenizing train dataset:  88%|████████▊ | 5398/6112 [03:05<00:23, 30.57 examples/s]
Tokenizing train dataset:  88%|████████▊ | 5402/6112 [03:05<00:23, 30.70 examples/s]
Tokenizing train dataset:  88%|████████▊ | 5406/6112 [03:06<00:23, 29.55 examples/s]
Tokenizing train dataset:  89%|████████▊ | 5410/6112 [03:06<00:23, 29.57 examples/s]
Tokenizing train dataset:  89%|████████▊ | 5414/6112 [03:06<00:23, 29.73 examples/s]
Tokenizing train dataset:  89%|████████▊ | 5418/6112 [03:06<00:23, 29.76 examples/s]
Tokenizing train dataset:  89%|████████▊ | 5422/6112 [03:06<00:23, 29.94 examples/s]
Tokenizing train dataset:  89%|████████▉ | 5426/6112 [03:06<00:22, 30.45 examples/s]
Tokenizing train dataset:  89%|████████▉ | 5430/6112 [03:06<00:22, 30.18 examples/s]
Tokenizing train dataset:  89%|████████▉ | 5434/6112 [03:06<00:22, 30.40 examples/s]
Tokenizing train dataset:  89%|████████▉ | 5438/6112 [03:07<00:22, 29.85 examples/s]
Tokenizing train dataset:  89%|████████▉ | 5442/6112 [03:07<00:22, 29.66 examples/s]
Tokenizing train dataset:  89%|████████▉ | 5446/6112 [03:07<00:22, 29.85 examples/s]
Tokenizing train dataset:  89%|████████▉ | 5450/6112 [03:07<00:21, 30.17 examples/s]
Tokenizing train dataset:  89%|████████▉ | 5454/6112 [03:07<00:22, 29.10 examples/s]
Tokenizing train dataset:  89%|████████▉ | 5458/6112 [03:07<00:22, 28.83 examples/s]
Tokenizing train dataset:  89%|████████▉ | 5462/6112 [03:07<00:22, 28.36 examples/s]
Tokenizing train dataset:  89%|████████▉ | 5466/6112 [03:08<00:23, 28.03 examples/s]
Tokenizing train dataset:  89%|████████▉ | 5470/6112 [03:08<00:23, 27.51 examples/s]
Tokenizing train dataset:  90%|████████▉ | 5474/6112 [03:08<00:23, 27.39 examples/s]
Tokenizing train dataset:  90%|████████▉ | 5478/6112 [03:08<00:23, 27.55 examples/s]
Tokenizing train dataset:  90%|████████▉ | 5482/6112 [03:08<00:23, 27.28 examples/s]
Tokenizing train dataset:  90%|████████▉ | 5486/6112 [03:08<00:22, 27.23 examples/s]
Tokenizing train dataset:  90%|████████▉ | 5490/6112 [03:08<00:22, 27.19 examples/s]
Tokenizing train dataset:  90%|████████▉ | 5494/6112 [03:09<00:22, 27.65 examples/s]
Tokenizing train dataset:  90%|████████▉ | 5498/6112 [03:09<00:22, 27.76 examples/s]
Tokenizing train dataset:  90%|█████████ | 5502/6112 [03:09<00:21, 27.90 examples/s]
Tokenizing train dataset:  90%|█████████ | 5506/6112 [03:09<00:21, 27.70 examples/s]
Tokenizing train dataset:  90%|█████████ | 5510/6112 [03:09<00:21, 27.45 examples/s]
Tokenizing train dataset:  90%|█████████ | 5514/6112 [03:09<00:21, 28.02 examples/s]
Tokenizing train dataset:  90%|█████████ | 5518/6112 [03:09<00:20, 28.74 examples/s]
Tokenizing train dataset:  90%|█████████ | 5522/6112 [03:10<00:20, 29.16 examples/s]
Tokenizing train dataset:  90%|█████████ | 5526/6112 [03:10<00:19, 29.37 examples/s]
Tokenizing train dataset:  90%|█████████ | 5530/6112 [03:10<00:19, 29.62 examples/s]
Tokenizing train dataset:  91%|█████████ | 5534/6112 [03:10<00:19, 29.99 examples/s]
Tokenizing train dataset:  91%|█████████ | 5538/6112 [03:10<00:19, 29.44 examples/s]
Tokenizing train dataset:  91%|█████████ | 5542/6112 [03:10<00:19, 29.44 examples/s]
Tokenizing train dataset:  91%|█████████ | 5546/6112 [03:10<00:19, 29.45 examples/s]
Tokenizing train dataset:  91%|█████████ | 5550/6112 [03:11<00:19, 29.38 examples/s]
Tokenizing train dataset:  91%|█████████ | 5554/6112 [03:11<00:19, 29.33 examples/s]
Tokenizing train dataset:  91%|█████████ | 5558/6112 [03:11<00:18, 29.95 examples/s]
Tokenizing train dataset:  91%|█████████ | 5562/6112 [03:11<00:18, 29.96 examples/s]
Tokenizing train dataset:  91%|█████████ | 5566/6112 [03:11<00:18, 29.81 examples/s]
Tokenizing train dataset:  91%|█████████ | 5570/6112 [03:11<00:18, 29.96 examples/s]
Tokenizing train dataset:  91%|█████████ | 5574/6112 [03:11<00:17, 30.08 examples/s]
Tokenizing train dataset:  91%|█████████▏| 5578/6112 [03:11<00:17, 30.12 examples/s]
Tokenizing train dataset:  91%|█████████▏| 5582/6112 [03:12<00:17, 29.84 examples/s]
Tokenizing train dataset:  91%|█████████▏| 5586/6112 [03:12<00:17, 29.96 examples/s]
Tokenizing train dataset:  91%|█████████▏| 5590/6112 [03:12<00:17, 30.39 examples/s]
Tokenizing train dataset:  92%|█████████▏| 5594/6112 [03:12<00:17, 30.25 examples/s]
Tokenizing train dataset:  92%|█████████▏| 5598/6112 [03:12<00:17, 29.53 examples/s]
Tokenizing train dataset:  92%|█████████▏| 5602/6112 [03:12<00:17, 29.39 examples/s]
Tokenizing train dataset:  92%|█████████▏| 5606/6112 [03:12<00:18, 27.14 examples/s]
Tokenizing train dataset:  92%|█████████▏| 5610/6112 [03:13<00:18, 26.79 examples/s]
Tokenizing train dataset:  92%|█████████▏| 5614/6112 [03:13<00:18, 26.59 examples/s]
Tokenizing train dataset:  92%|█████████▏| 5618/6112 [03:13<00:18, 27.37 examples/s]
Tokenizing train dataset:  92%|█████████▏| 5622/6112 [03:13<00:17, 27.26 examples/s]
Tokenizing train dataset:  92%|█████████▏| 5626/6112 [03:13<00:17, 27.22 examples/s]
Tokenizing train dataset:  92%|█████████▏| 5630/6112 [03:13<00:17, 27.34 examples/s]
Tokenizing train dataset:  92%|█████████▏| 5634/6112 [03:13<00:17, 27.28 examples/s]
Tokenizing train dataset:  92%|█████████▏| 5638/6112 [03:14<00:17, 27.55 examples/s]
Tokenizing train dataset:  92%|█████████▏| 5642/6112 [03:14<00:17, 27.11 examples/s]
Tokenizing train dataset:  92%|█████████▏| 5646/6112 [03:14<00:17, 26.56 examples/s]
Tokenizing train dataset:  92%|█████████▏| 5650/6112 [03:14<00:16, 27.40 examples/s]
Tokenizing train dataset:  93%|█████████▎| 5654/6112 [03:14<00:16, 27.18 examples/s]
Tokenizing train dataset:  93%|█████████▎| 5658/6112 [03:14<00:16, 27.24 examples/s]
Tokenizing train dataset:  93%|█████████▎| 5662/6112 [03:14<00:15, 28.15 examples/s]
Tokenizing train dataset:  93%|█████████▎| 5666/6112 [03:15<00:15, 28.27 examples/s]
Tokenizing train dataset:  93%|█████████▎| 5670/6112 [03:15<00:15, 28.59 examples/s]
Tokenizing train dataset:  93%|█████████▎| 5674/6112 [03:15<00:15, 28.62 examples/s]
Tokenizing train dataset:  93%|█████████▎| 5678/6112 [03:15<00:14, 29.08 examples/s]
Tokenizing train dataset:  93%|█████████▎| 5682/6112 [03:15<00:14, 29.41 examples/s]
Tokenizing train dataset:  93%|█████████▎| 5686/6112 [03:15<00:14, 29.80 examples/s]
Tokenizing train dataset:  93%|█████████▎| 5690/6112 [03:15<00:14, 29.83 examples/s]
Tokenizing train dataset:  93%|█████████▎| 5694/6112 [03:16<00:13, 29.90 examples/s]
Tokenizing train dataset:  93%|█████████▎| 5698/6112 [03:16<00:13, 30.09 examples/s]
Tokenizing train dataset:  93%|█████████▎| 5702/6112 [03:16<00:13, 30.35 examples/s]
Tokenizing train dataset:  93%|█████████▎| 5706/6112 [03:16<00:13, 30.37 examples/s]
Tokenizing train dataset:  93%|█████████▎| 5710/6112 [03:16<00:13, 30.50 examples/s]
Tokenizing train dataset:  93%|█████████▎| 5714/6112 [03:16<00:13, 30.39 examples/s]
Tokenizing train dataset:  94%|█████████▎| 5718/6112 [03:16<00:12, 30.34 examples/s]
Tokenizing train dataset:  94%|█████████▎| 5722/6112 [03:16<00:12, 30.44 examples/s]
Tokenizing train dataset:  94%|█████████▎| 5726/6112 [03:17<00:12, 30.43 examples/s]
Tokenizing train dataset:  94%|█████████▍| 5730/6112 [03:17<00:12, 30.17 examples/s]
Tokenizing train dataset:  94%|█████████▍| 5734/6112 [03:17<00:12, 30.10 examples/s]
Tokenizing train dataset:  94%|█████████▍| 5738/6112 [03:17<00:12, 29.95 examples/s]
Tokenizing train dataset:  94%|█████████▍| 5742/6112 [03:17<00:12, 29.27 examples/s]
Tokenizing train dataset:  94%|█████████▍| 5746/6112 [03:17<00:12, 29.43 examples/s]
Tokenizing train dataset:  94%|█████████▍| 5750/6112 [03:17<00:12, 29.13 examples/s]
Tokenizing train dataset:  94%|█████████▍| 5754/6112 [03:18<00:12, 29.49 examples/s]
Tokenizing train dataset:  94%|█████████▍| 5758/6112 [03:18<00:12, 29.34 examples/s]
Tokenizing train dataset:  94%|█████████▍| 5762/6112 [03:18<00:11, 29.18 examples/s]
Tokenizing train dataset:  94%|█████████▍| 5766/6112 [03:18<00:11, 29.73 examples/s]
Tokenizing train dataset:  94%|█████████▍| 5770/6112 [03:18<00:11, 29.56 examples/s]
Tokenizing train dataset:  94%|█████████▍| 5774/6112 [03:18<00:11, 29.82 examples/s]
Tokenizing train dataset:  95%|█████████▍| 5778/6112 [03:18<00:11, 29.74 examples/s]
Tokenizing train dataset:  95%|█████████▍| 5782/6112 [03:19<00:11, 29.72 examples/s]
Tokenizing train dataset:  95%|█████████▍| 5786/6112 [03:19<00:10, 29.83 examples/s]
Tokenizing train dataset:  95%|█████████▍| 5790/6112 [03:19<00:10, 29.90 examples/s]
Tokenizing train dataset:  95%|█████████▍| 5794/6112 [03:19<00:10, 29.78 examples/s]
Tokenizing train dataset:  95%|█████████▍| 5798/6112 [03:19<00:10, 29.46 examples/s]
Tokenizing train dataset:  95%|█████████▍| 5802/6112 [03:19<00:10, 29.43 examples/s]
Tokenizing train dataset:  95%|█████████▍| 5806/6112 [03:19<00:10, 28.98 examples/s]
Tokenizing train dataset:  95%|█████████▌| 5810/6112 [03:19<00:10, 29.05 examples/s]
Tokenizing train dataset:  95%|█████████▌| 5814/6112 [03:20<00:10, 29.38 examples/s]
Tokenizing train dataset:  95%|█████████▌| 5818/6112 [03:20<00:10, 29.19 examples/s]
Tokenizing train dataset:  95%|█████████▌| 5822/6112 [03:20<00:09, 29.03 examples/s]
Tokenizing train dataset:  95%|█████████▌| 5826/6112 [03:20<00:09, 29.02 examples/s]
Tokenizing train dataset:  95%|█████████▌| 5830/6112 [03:20<00:09, 28.98 examples/s]
Tokenizing train dataset:  95%|█████████▌| 5834/6112 [03:20<00:09, 29.27 examples/s]
Tokenizing train dataset:  96%|█████████▌| 5838/6112 [03:20<00:09, 29.32 examples/s]
Tokenizing train dataset:  96%|█████████▌| 5842/6112 [03:21<00:09, 29.57 examples/s]
Tokenizing train dataset:  96%|█████████▌| 5846/6112 [03:21<00:09, 29.55 examples/s]
Tokenizing train dataset:  96%|█████████▌| 5850/6112 [03:21<00:08, 29.66 examples/s]
Tokenizing train dataset:  96%|█████████▌| 5854/6112 [03:21<00:08, 29.53 examples/s]
Tokenizing train dataset:  96%|█████████▌| 5858/6112 [03:21<00:08, 29.58 examples/s]
Tokenizing train dataset:  96%|█████████▌| 5862/6112 [03:21<00:08, 29.61 examples/s]
Tokenizing train dataset:  96%|█████████▌| 5866/6112 [03:21<00:08, 29.83 examples/s]
Tokenizing train dataset:  96%|█████████▌| 5870/6112 [03:21<00:08, 29.68 examples/s]
Tokenizing train dataset:  96%|█████████▌| 5874/6112 [03:22<00:08, 29.60 examples/s]
Tokenizing train dataset:  96%|█████████▌| 5878/6112 [03:22<00:07, 29.42 examples/s]
Tokenizing train dataset:  96%|█████████▌| 5882/6112 [03:22<00:07, 29.67 examples/s]
Tokenizing train dataset:  96%|█████████▋| 5886/6112 [03:22<00:07, 29.50 examples/s]
Tokenizing train dataset:  96%|█████████▋| 5890/6112 [03:22<00:07, 29.66 examples/s]
Tokenizing train dataset:  96%|█████████▋| 5894/6112 [03:22<00:07, 29.51 examples/s]
Tokenizing train dataset:  96%|█████████▋| 5898/6112 [03:22<00:07, 30.03 examples/s]
Tokenizing train dataset:  97%|█████████▋| 5902/6112 [03:23<00:06, 30.48 examples/s]
Tokenizing train dataset:  97%|█████████▋| 5906/6112 [03:23<00:06, 30.15 examples/s]
Tokenizing train dataset:  97%|█████████▋| 5910/6112 [03:23<00:06, 30.03 examples/s]
Tokenizing train dataset:  97%|█████████▋| 5914/6112 [03:23<00:06, 29.36 examples/s]
Tokenizing train dataset:  97%|█████████▋| 5918/6112 [03:23<00:06, 29.62 examples/s]
Tokenizing train dataset:  97%|█████████▋| 5922/6112 [03:23<00:06, 29.17 examples/s]
Tokenizing train dataset:  97%|█████████▋| 5926/6112 [03:23<00:06, 29.23 examples/s]
Tokenizing train dataset:  97%|█████████▋| 5930/6112 [03:24<00:06, 29.52 examples/s]
Tokenizing train dataset:  97%|█████████▋| 5934/6112 [03:24<00:06, 29.57 examples/s]
Tokenizing train dataset:  97%|█████████▋| 5938/6112 [03:24<00:05, 29.84 examples/s]
Tokenizing train dataset:  97%|█████████▋| 5942/6112 [03:24<00:05, 29.33 examples/s]
Tokenizing train dataset:  97%|█████████▋| 5946/6112 [03:24<00:05, 29.72 examples/s]
Tokenizing train dataset:  97%|█████████▋| 5950/6112 [03:24<00:05, 30.02 examples/s]
Tokenizing train dataset:  97%|█████████▋| 5954/6112 [03:24<00:05, 29.71 examples/s]
Tokenizing train dataset:  97%|█████████▋| 5958/6112 [03:24<00:05, 30.24 examples/s]
Tokenizing train dataset:  98%|█████████▊| 5962/6112 [03:25<00:04, 30.49 examples/s]
Tokenizing train dataset:  98%|█████████▊| 5966/6112 [03:25<00:04, 30.59 examples/s]
Tokenizing train dataset:  98%|█████████▊| 5970/6112 [03:25<00:04, 30.50 examples/s]
Tokenizing train dataset:  98%|█████████▊| 5974/6112 [03:25<00:04, 30.44 examples/s]
Tokenizing train dataset:  98%|█████████▊| 5978/6112 [03:25<00:04, 30.23 examples/s]
Tokenizing train dataset:  98%|█████████▊| 5982/6112 [03:25<00:04, 30.14 examples/s]
Tokenizing train dataset:  98%|█████████▊| 5986/6112 [03:25<00:04, 29.82 examples/s]
Tokenizing train dataset:  98%|█████████▊| 5990/6112 [03:26<00:04, 29.15 examples/s]
Tokenizing train dataset:  98%|█████████▊| 5994/6112 [03:26<00:04, 28.69 examples/s]
Tokenizing train dataset:  98%|█████████▊| 5998/6112 [03:26<00:03, 28.74 examples/s]
Tokenizing train dataset:  98%|█████████▊| 6002/6112 [03:26<00:06, 17.44 examples/s]
Tokenizing train dataset:  98%|█████████▊| 6006/6112 [03:26<00:05, 20.00 examples/s]
Tokenizing train dataset:  98%|█████████▊| 6010/6112 [03:27<00:04, 22.11 examples/s]
Tokenizing train dataset:  98%|█████████▊| 6014/6112 [03:27<00:04, 24.01 examples/s]
Tokenizing train dataset:  98%|█████████▊| 6018/6112 [03:27<00:03, 25.53 examples/s]
Tokenizing train dataset:  99%|█████████▊| 6022/6112 [03:27<00:03, 26.99 examples/s]
Tokenizing train dataset:  99%|█████████▊| 6026/6112 [03:27<00:03, 27.71 examples/s]
Tokenizing train dataset:  99%|█████████▊| 6030/6112 [03:27<00:02, 28.08 examples/s]
Tokenizing train dataset:  99%|█████████▊| 6034/6112 [03:27<00:02, 28.11 examples/s]
Tokenizing train dataset:  99%|█████████▉| 6038/6112 [03:27<00:02, 28.12 examples/s]
Tokenizing train dataset:  99%|█████████▉| 6042/6112 [03:28<00:02, 28.08 examples/s]
Tokenizing train dataset:  99%|█████████▉| 6046/6112 [03:28<00:02, 28.09 examples/s]
Tokenizing train dataset:  99%|█████████▉| 6050/6112 [03:28<00:02, 28.17 examples/s]
Tokenizing train dataset:  99%|█████████▉| 6054/6112 [03:28<00:02, 28.41 examples/s]
Tokenizing train dataset:  99%|█████████▉| 6058/6112 [03:28<00:01, 28.72 examples/s]
Tokenizing train dataset:  99%|█████████▉| 6062/6112 [03:28<00:01, 28.69 examples/s]
Tokenizing train dataset:  99%|█████████▉| 6066/6112 [03:28<00:01, 29.11 examples/s]
Tokenizing train dataset:  99%|█████████▉| 6070/6112 [03:29<00:01, 28.76 examples/s]
Tokenizing train dataset:  99%|█████████▉| 6074/6112 [03:29<00:01, 29.05 examples/s]
Tokenizing train dataset:  99%|█████████▉| 6078/6112 [03:29<00:01, 29.05 examples/s]
Tokenizing train dataset: 100%|█████████▉| 6082/6112 [03:29<00:01, 28.57 examples/s]
Tokenizing train dataset: 100%|█████████▉| 6086/6112 [03:29<00:00, 28.64 examples/s]
Tokenizing train dataset: 100%|█████████▉| 6090/6112 [03:29<00:00, 28.47 examples/s]
Tokenizing train dataset: 100%|█████████▉| 6094/6112 [03:29<00:00, 28.40 examples/s]
Tokenizing train dataset: 100%|█████████▉| 6098/6112 [03:30<00:00, 29.17 examples/s]
Tokenizing train dataset: 100%|█████████▉| 6102/6112 [03:30<00:00, 29.39 examples/s]
Tokenizing train dataset: 100%|█████████▉| 6106/6112 [03:30<00:00, 29.55 examples/s]
Tokenizing train dataset: 100%|█████████▉| 6110/6112 [03:30<00:00, 29.20 examples/s]
Tokenizing train dataset: 100%|██████████| 6112/6112 [03:30<00:00, 29.02 examples/s]

Tokenizing eval dataset:   0%|          | 0/234 [00:00<?, ? examples/s]
Tokenizing eval dataset:   2%|▏         | 4/234 [00:00<00:08, 28.47 examples/s]
Tokenizing eval dataset:   3%|▎         | 8/234 [00:00<00:08, 27.48 examples/s]
Tokenizing eval dataset:   5%|▌         | 12/234 [00:00<00:08, 27.39 examples/s]
Tokenizing eval dataset:   7%|▋         | 16/234 [00:00<00:07, 27.89 examples/s]
Tokenizing eval dataset:   9%|▊         | 20/234 [00:00<00:07, 27.76 examples/s]
Tokenizing eval dataset:  10%|█         | 24/234 [00:00<00:07, 27.62 examples/s]
Tokenizing eval dataset:  12%|█▏        | 28/234 [00:01<00:07, 28.35 examples/s]
Tokenizing eval dataset:  14%|█▎        | 32/234 [00:01<00:07, 28.08 examples/s]
Tokenizing eval dataset:  15%|█▌        | 36/234 [00:01<00:07, 28.28 examples/s]
Tokenizing eval dataset:  17%|█▋        | 40/234 [00:01<00:06, 27.74 examples/s]
Tokenizing eval dataset:  19%|█▉        | 44/234 [00:01<00:06, 27.97 examples/s]
Tokenizing eval dataset:  21%|██        | 48/234 [00:01<00:06, 28.00 examples/s]
Tokenizing eval dataset:  22%|██▏       | 52/234 [00:01<00:06, 26.51 examples/s]
Tokenizing eval dataset:  24%|██▍       | 56/234 [00:02<00:06, 26.00 examples/s]
Tokenizing eval dataset:  26%|██▌       | 60/234 [00:02<00:06, 25.89 examples/s]
Tokenizing eval dataset:  27%|██▋       | 64/234 [00:02<00:06, 25.30 examples/s]
Tokenizing eval dataset:  29%|██▉       | 68/234 [00:02<00:06, 24.51 examples/s]
Tokenizing eval dataset:  31%|███       | 72/234 [00:02<00:06, 24.35 examples/s]
Tokenizing eval dataset:  32%|███▏      | 76/234 [00:02<00:06, 24.41 examples/s]
Tokenizing eval dataset:  34%|███▍      | 80/234 [00:03<00:06, 24.49 examples/s]
Tokenizing eval dataset:  36%|███▌      | 84/234 [00:03<00:06, 24.42 examples/s]Starting DPO training...
[transformers] The tokenizer has new PAD/BOS/EOS tokens that differ from the model config and generation config. The model config and generation config were aligned accordingly, being updated with the tokenizer's values. Updated tokens: {'bos_token_id': None, 'pad_token_id': 151643}.

Tokenizing eval dataset:  38%|███▊      | 88/234 [00:03<00:05, 25.15 examples/s]
Tokenizing eval dataset:  39%|███▉      | 92/234 [00:03<00:05, 24.98 examples/s]
Tokenizing eval dataset:  41%|████      | 96/234 [00:03<00:05, 25.11 examples/s]
Tokenizing eval dataset:  43%|████▎     | 100/234 [00:03<00:05, 25.88 examples/s]
Tokenizing eval dataset:  44%|████▍     | 104/234 [00:03<00:04, 26.28 examples/s]
Tokenizing eval dataset:  46%|████▌     | 108/234 [00:04<00:04, 27.21 examples/s]
Tokenizing eval dataset:  48%|████▊     | 112/234 [00:04<00:04, 28.09 examples/s]
Tokenizing eval dataset:  50%|████▉     | 116/234 [00:04<00:04, 29.05 examples/s]
Tokenizing eval dataset:  51%|█████▏    | 120/234 [00:04<00:03, 29.83 examples/s]
Tokenizing eval dataset:  53%|█████▎    | 124/234 [00:04<00:03, 29.89 examples/s]
Tokenizing eval dataset:  55%|█████▍    | 128/234 [00:04<00:03, 29.95 examples/s]
Tokenizing eval dataset:  56%|█████▋    | 132/234 [00:04<00:03, 29.88 examples/s]
Tokenizing eval dataset:  58%|█████▊    | 136/234 [00:05<00:03, 30.12 examples/s]
Tokenizing eval dataset:  60%|█████▉    | 140/234 [00:05<00:03, 30.25 examples/s]
Tokenizing eval dataset:  62%|██████▏   | 144/234 [00:05<00:02, 30.41 examples/s]
Tokenizing eval dataset:  63%|██████▎   | 148/234 [00:05<00:02, 30.48 examples/s]
Tokenizing eval dataset:  65%|██████▍   | 152/234 [00:05<00:02, 30.48 examples/s]
Tokenizing eval dataset:  67%|██████▋   | 156/234 [00:05<00:02, 30.44 examples/s]
Tokenizing eval dataset:  68%|██████▊   | 160/234 [00:05<00:02, 30.50 examples/s]
Tokenizing eval dataset:  70%|███████   | 164/234 [00:05<00:02, 30.69 examples/s]
Tokenizing eval dataset:  72%|███████▏  | 168/234 [00:06<00:02, 30.53 examples/s]
Tokenizing eval dataset:  74%|███████▎  | 172/234 [00:06<00:02, 30.38 examples/s]
Tokenizing eval dataset:  75%|███████▌  | 176/234 [00:06<00:01, 30.19 examples/s]
Tokenizing eval dataset:  77%|███████▋  | 180/234 [00:06<00:01, 29.15 examples/s]
Tokenizing eval dataset:  79%|███████▊  | 184/234 [00:06<00:01, 29.65 examples/s]
Tokenizing eval dataset:  80%|████████  | 188/234 [00:06<00:01, 29.55 examples/s]
Tokenizing eval dataset:  82%|████████▏ | 192/234 [00:06<00:01, 29.68 examples/s]
Tokenizing eval dataset:  84%|████████▍ | 196/234 [00:07<00:01, 29.02 examples/s]
Tokenizing eval dataset:  85%|████████▌ | 200/234 [00:07<00:01, 28.98 examples/s]
Tokenizing eval dataset:  87%|████████▋ | 204/234 [00:07<00:01, 29.58 examples/s]
Tokenizing eval dataset:  89%|████████▉ | 208/234 [00:07<00:00, 29.61 examples/s]
Tokenizing eval dataset:  91%|█████████ | 212/234 [00:07<00:00, 29.80 examples/s]
Tokenizing eval dataset:  92%|█████████▏| 216/234 [00:07<00:00, 30.50 examples/s]
Tokenizing eval dataset:  94%|█████████▍| 220/234 [00:07<00:00, 30.82 examples/s]
Tokenizing eval dataset:  96%|█████████▌| 224/234 [00:07<00:00, 30.91 examples/s]
Tokenizing eval dataset:  97%|█████████▋| 228/234 [00:08<00:00, 30.95 examples/s]
Tokenizing eval dataset:  99%|█████████▉| 232/234 [00:08<00:00, 30.75 examples/s]
Tokenizing eval dataset: 100%|██████████| 234/234 [00:08<00:00, 27.74 examples/s]
Starting DPO training...
[transformers] The tokenizer has new PAD/BOS/EOS tokens that differ from the model config and generation config. The model config and generation config were aligned accordingly, being updated with the tokenizer's values. Updated tokens: {'bos_token_id': None, 'pad_token_id': 151643}.

  0%|          | 0/764 [00:00<?, ?it/s][rank0]:[W505 15:34:50.996462811 reducer.cpp:1502] Warning: find_unused_parameters=True was specified in DDP constructor, but did not find any unused parameters in the forward pass. This flag results in an extra traversal of the autograd graph every iteration,  which can adversely affect performance. If your model indeed never has any unused parameters in the forward pass, consider turning this flag off. Note that this warning may be a false positive if your model has flow control causing later iterations to have unused parameters. (function operator())
[rank1]:[W505 15:34:50.045341388 reducer.cpp:1502] Warning: find_unused_parameters=True was specified in DDP constructor, but did not find any unused parameters in the forward pass. This flag results in an extra traversal of the autograd graph every iteration,  which can adversely affect performance. If your model indeed never has any unused parameters in the forward pass, consider turning this flag off. Note that this warning may be a false positive if your model has flow control causing later iterations to have unused parameters. (function operator())

  0%|          | 1/764 [00:08<1:44:25,  8.21s/it]
  0%|          | 2/764 [00:14<1:31:31,  7.21s/it]
  0%|          | 3/764 [00:21<1:26:50,  6.85s/it]
  1%|          | 4/764 [00:27<1:23:52,  6.62s/it]
  1%|          | 5/764 [00:34<1:26:06,  6.81s/it]
  1%|          | 6/764 [00:40<1:24:28,  6.69s/it]
  1%|          | 7/764 [00:47<1:24:21,  6.69s/it]
  1%|          | 8/764 [00:54<1:23:14,  6.61s/it]
  1%|          | 9/764 [01:01<1:24:41,  6.73s/it]
  1%|▏         | 10/764 [01:07<1:23:13,  6.62s/it]
                                                  
{'loss': '0.6893', 'grad_norm': '12.42', 'learning_rate': '1.957e-07', 'entropy': '0.2823', 'num_tokens': '2.729e+05', 'logits/chosen': '-0.8491', 'logits/rejected': '-1.743', 'mean_token_accuracy': '0.5952', 'rewards/chosen': '0.009181', 'rewards/rejected': '0.0007105', 'rewards/accuracies': '0.4375', 'rewards/margins': '0.00847', 'logps/chosen': '-97.21', 'logps/rejected': '-6.614', 'epoch': '0.01309'}

  1%|▏         | 10/764 [01:07<1:23:13,  6.62s/it]
  1%|▏         | 11/764 [01:13<1:21:20,  6.48s/it]
  2%|▏         | 12/764 [01:19<1:20:11,  6.40s/it]
  2%|▏         | 13/764 [01:26<1:20:21,  6.42s/it]
  2%|▏         | 14/764 [01:33<1:22:12,  6.58s/it]
  2%|▏         | 15/764 [01:39<1:22:07,  6.58s/it]
  2%|▏         | 16/764 [01:46<1:20:25,  6.45s/it]
  2%|▏         | 17/764 [01:52<1:20:34,  6.47s/it]
  2%|▏         | 18/764 [01:58<1:19:26,  6.39s/it]
  2%|▏         | 19/764 [02:05<1:22:10,  6.62s/it]
  3%|▎         | 20/764 [02:12<1:20:30,  6.49s/it]
                                                  
{'loss': '0.6919', 'grad_norm': '13.12', 'learning_rate': '4.13e-07', 'entropy': '0.2825', 'num_tokens': '5.416e+05', 'logits/chosen': '-0.9298', 'logits/rejected': '-1.976', 'mean_token_accuracy': '0.5802', 'rewards/chosen': '0.008785', 'rewards/rejected': '0.004812', 'rewards/accuracies': '0.5125', 'rewards/margins': '0.003973', 'logps/chosen': '-107.9', 'logps/rejected': '-7.869', 'epoch': '0.02618'}

  3%|▎         | 20/764 [02:12<1:20:30,  6.49s/it]
  3%|▎         | 21/764 [02:18<1:19:33,  6.42s/it]
  3%|▎         | 22/764 [02:24<1:19:30,  6.43s/it]
  3%|▎         | 23/764 [02:31<1:21:17,  6.58s/it]
  3%|▎         | 24/764 [02:38<1:21:00,  6.57s/it]
  3%|▎         | 25/764 [02:44<1:20:01,  6.50s/it]
  3%|▎         | 26/764 [02:51<1:19:59,  6.50s/it]
  4%|▎         | 27/764 [02:57<1:20:36,  6.56s/it]
  4%|▎         | 28/764 [03:04<1:22:23,  6.72s/it]
  4%|▍         | 29/764 [03:11<1:21:03,  6.62s/it]
  4%|▍         | 30/764 [03:17<1:20:45,  6.60s/it]
                                                  
{'loss': '0.6872', 'grad_norm': '10.08', 'learning_rate': '4.999e-07', 'entropy': '0.2604', 'num_tokens': '8.138e+05', 'logits/chosen': '-0.8531', 'logits/rejected': '-1.951', 'mean_token_accuracy': '0.5924', 'rewards/chosen': '0.01024', 'rewards/rejected': '-0.003', 'rewards/accuracies': '0.575', 'rewards/margins': '0.01324', 'logps/chosen': '-97.68', 'logps/rejected': '-7.035', 'epoch': '0.03927'}

  4%|▍         | 30/764 [03:17<1:20:45,  6.60s/it]
  4%|▍         | 31/764 [03:24<1:20:38,  6.60s/it]
  4%|▍         | 32/764 [03:30<1:19:18,  6.50s/it]
  4%|▍         | 33/764 [03:37<1:20:35,  6.62s/it]
  4%|▍         | 34/764 [03:44<1:20:25,  6.61s/it]
  5%|▍         | 35/764 [03:50<1:18:58,  6.50s/it]
  5%|▍         | 36/764 [03:56<1:18:50,  6.50s/it]
  5%|▍         | 37/764 [04:03<1:20:40,  6.66s/it]
  5%|▍         | 38/764 [04:10<1:19:53,  6.60s/it]
  5%|▌         | 39/764 [04:16<1:19:17,  6.56s/it]
  5%|▌         | 40/764 [04:23<1:18:49,  6.53s/it]
                                                  
{'loss': '0.6817', 'grad_norm': '10.23', 'learning_rate': '4.994e-07', 'entropy': '0.2833', 'num_tokens': '1.086e+06', 'logits/chosen': '-0.8837', 'logits/rejected': '-1.982', 'mean_token_accuracy': '0.5851', 'rewards/chosen': '0.01976', 'rewards/rejected': '-0.004255', 'rewards/accuracies': '0.6375', 'rewards/margins': '0.02401', 'logps/chosen': '-105.7', 'logps/rejected': '-9.335', 'epoch': '0.05236'}

  5%|▌         | 40/764 [04:23<1:18:49,  6.53s/it]
  5%|▌         | 41/764 [04:30<1:20:15,  6.66s/it]
  5%|▌         | 42/764 [04:36<1:19:01,  6.57s/it]
  6%|▌         | 43/764 [04:43<1:18:24,  6.53s/it]
  6%|▌         | 44/764 [04:49<1:18:06,  6.51s/it]
  6%|▌         | 45/764 [04:56<1:18:30,  6.55s/it]
  6%|▌         | 46/764 [05:03<1:20:21,  6.71s/it]
  6%|▌         | 47/764 [05:09<1:19:32,  6.66s/it]
  6%|▋         | 48/764 [05:16<1:19:45,  6.68s/it]
  6%|▋         | 49/764 [05:23<1:19:11,  6.65s/it]
  7%|▋         | 50/764 [05:29<1:17:57,  6.55s/it]
                                                  
{'loss': '0.6694', 'grad_norm': '9.783', 'learning_rate': '4.985e-07', 'entropy': '0.2925', 'num_tokens': '1.36e+06', 'logits/chosen': '-0.8696', 'logits/rejected': '-1.819', 'mean_token_accuracy': '0.5851', 'rewards/chosen': '0.04636', 'rewards/rejected': '-0.002926', 'rewards/accuracies': '0.775', 'rewards/margins': '0.04929', 'logps/chosen': '-101.5', 'logps/rejected': '-6.319', 'epoch': '0.06545'}

  7%|▋         | 50/764 [05:29<1:17:57,  6.55s/it]
  7%|▋         | 51/764 [05:36<1:20:38,  6.79s/it]
  7%|▋         | 52/764 [05:43<1:19:05,  6.66s/it]
  7%|▋         | 53/764 [05:49<1:18:37,  6.64s/it]
  7%|▋         | 54/764 [05:56<1:17:55,  6.59s/it]
  7%|▋         | 55/764 [06:03<1:19:36,  6.74s/it]
  7%|▋         | 56/764 [06:09<1:18:27,  6.65s/it]
  7%|▋         | 57/764 [06:16<1:17:43,  6.60s/it]
  8%|▊         | 58/764 [06:22<1:15:46,  6.44s/it]
  8%|▊         | 59/764 [06:28<1:16:04,  6.48s/it]
  8%|▊         | 60/764 [06:35<1:17:00,  6.56s/it]
                                                  
{'loss': '0.6707', 'grad_norm': '9.845', 'learning_rate': '4.971e-07', 'entropy': '0.2673', 'num_tokens': '1.631e+06', 'logits/chosen': '-0.8807', 'logits/rejected': '-2.05', 'mean_token_accuracy': '0.5865', 'rewards/chosen': '0.05543', 'rewards/rejected': '0.008271', 'rewards/accuracies': '0.6875', 'rewards/margins': '0.04716', 'logps/chosen': '-100.1', 'logps/rejected': '-8.545', 'epoch': '0.07853'}

  8%|▊         | 60/764 [06:35<1:17:00,  6.56s/it]
  8%|▊         | 61/764 [06:42<1:16:27,  6.53s/it]
  8%|▊         | 62/764 [06:48<1:16:01,  6.50s/it]
  8%|▊         | 63/764 [06:54<1:15:46,  6.49s/it]
  8%|▊         | 64/764 [07:01<1:14:49,  6.41s/it]
  9%|▊         | 65/764 [07:08<1:17:27,  6.65s/it]
  9%|▊         | 66/764 [07:14<1:16:00,  6.53s/it]
  9%|▉         | 67/764 [07:21<1:16:14,  6.56s/it]
  9%|▉         | 68/764 [07:27<1:15:55,  6.55s/it]
  9%|▉         | 69/764 [07:34<1:16:57,  6.64s/it]
  9%|▉         | 70/764 [07:41<1:16:15,  6.59s/it]
                                                  
{'loss': '0.6429', 'grad_norm': '11.71', 'learning_rate': '4.953e-07', 'entropy': '0.2816', 'num_tokens': '1.901e+06', 'logits/chosen': '-0.8318', 'logits/rejected': '-1.843', 'mean_token_accuracy': '0.5917', 'rewards/chosen': '0.1061', 'rewards/rejected': '0.001185', 'rewards/accuracies': '0.8875', 'rewards/margins': '0.1049', 'logps/chosen': '-97.07', 'logps/rejected': '-7.454', 'epoch': '0.09162'}

  9%|▉         | 70/764 [07:41<1:16:15,  6.59s/it]
  9%|▉         | 71/764 [07:47<1:15:50,  6.57s/it]
  9%|▉         | 72/764 [07:54<1:15:20,  6.53s/it]
 10%|▉         | 73/764 [08:00<1:15:24,  6.55s/it]
 10%|▉         | 74/764 [08:07<1:17:29,  6.74s/it]
 10%|▉         | 75/764 [08:14<1:16:30,  6.66s/it]
 10%|▉         | 76/764 [08:20<1:15:28,  6.58s/it]
 10%|█         | 77/764 [08:27<1:15:33,  6.60s/it]
 10%|█         | 78/764 [08:34<1:16:13,  6.67s/it]
 10%|█         | 79/764 [08:40<1:15:43,  6.63s/it]
 10%|█         | 80/764 [08:47<1:14:29,  6.53s/it]
                                                  
{'loss': '0.6347', 'grad_norm': '10.42', 'learning_rate': '4.93e-07', 'entropy': '0.2652', 'num_tokens': '2.174e+06', 'logits/chosen': '-0.7953', 'logits/rejected': '-1.811', 'mean_token_accuracy': '0.602', 'rewards/chosen': '0.1267', 'rewards/rejected': '0.003869', 'rewards/accuracies': '0.925', 'rewards/margins': '0.1228', 'logps/chosen': '-95.24', 'logps/rejected': '-6.198', 'epoch': '0.1047'}

 10%|█         | 80/764 [08:47<1:14:29,  6.53s/it]
 11%|█         | 81/764 [08:53<1:13:26,  6.45s/it]
 11%|█         | 82/764 [09:00<1:16:08,  6.70s/it]
 11%|█         | 83/764 [09:07<1:15:19,  6.64s/it]
 11%|█         | 84/764 [09:13<1:14:34,  6.58s/it]
 11%|█         | 85/764 [09:20<1:14:34,  6.59s/it]
 11%|█▏        | 86/764 [09:26<1:13:35,  6.51s/it]
 11%|█▏        | 87/764 [09:33<1:14:57,  6.64s/it]
 12%|█▏        | 88/764 [09:39<1:14:05,  6.58s/it]
 12%|█▏        | 89/764 [09:46<1:13:33,  6.54s/it]
 12%|█▏        | 90/764 [09:52<1:13:36,  6.55s/it]
                                                  
{'loss': '0.6106', 'grad_norm': '10.31', 'learning_rate': '4.903e-07', 'entropy': '0.2683', 'num_tokens': '2.446e+06', 'logits/chosen': '-0.786', 'logits/rejected': '-1.835', 'mean_token_accuracy': '0.5954', 'rewards/chosen': '0.1745', 'rewards/rejected': '-0.002461', 'rewards/accuracies': '0.9125', 'rewards/margins': '0.177', 'logps/chosen': '-95.95', 'logps/rejected': '-6.545', 'epoch': '0.1178'}

 12%|█▏        | 90/764 [09:52<1:13:36,  6.55s/it]
 12%|█▏        | 91/764 [09:59<1:14:34,  6.65s/it]
 12%|█▏        | 92/764 [10:06<1:13:43,  6.58s/it]
 12%|█▏        | 93/764 [10:12<1:12:22,  6.47s/it]
 12%|█▏        | 94/764 [10:19<1:12:40,  6.51s/it]
 12%|█▏        | 95/764 [10:25<1:13:08,  6.56s/it]
 13%|█▎        | 96/764 [10:33<1:16:09,  6.84s/it]
 13%|█▎        | 97/764 [10:39<1:15:09,  6.76s/it]
 13%|█▎        | 98/764 [10:46<1:13:20,  6.61s/it]
 13%|█▎        | 99/764 [10:52<1:12:20,  6.53s/it]
 13%|█▎        | 100/764 [10:58<1:12:15,  6.53s/it]
                                                   
{'loss': '0.5948', 'grad_norm': '9.447', 'learning_rate': '4.871e-07', 'entropy': '0.2651', 'num_tokens': '2.717e+06', 'logits/chosen': '-0.8456', 'logits/rejected': '-1.837', 'mean_token_accuracy': '0.6114', 'rewards/chosen': '0.2202', 'rewards/rejected': '0.006929', 'rewards/accuracies': '0.9375', 'rewards/margins': '0.2132', 'logps/chosen': '-93.1', 'logps/rejected': '-9.171', 'epoch': '0.1309'}

 13%|█▎        | 100/764 [10:58<1:12:15,  6.53s/it]

  0%|          | 0/117 [00:00<?, ?it/s][A

  2%|▏         | 2/117 [00:00<00:42,  2.70it/s][A

  3%|▎         | 3/117 [00:01<01:00,  1.90it/s][A

  3%|▎         | 4/117 [00:02<01:07,  1.68it/s][A

  4%|▍         | 5/117 [00:02<01:11,  1.57it/s][A

  5%|▌         | 6/117 [00:03<01:12,  1.54it/s][A

  6%|▌         | 7/117 [00:04<01:11,  1.53it/s][A

  7%|▋         | 8/117 [00:04<01:12,  1.51it/s][A

  8%|▊         | 9/117 [00:05<01:14,  1.45it/s][A

  9%|▊         | 10/117 [00:06<01:14,  1.44it/s][A

  9%|▉         | 11/117 [00:07<01:13,  1.45it/s][A

 10%|█         | 12/117 [00:07<01:13,  1.44it/s][A

 11%|█         | 13/117 [00:08<01:11,  1.45it/s][A

 12%|█▏        | 14/117 [00:09<01:12,  1.42it/s][A

 13%|█▎        | 15/117 [00:09<01:09,  1.47it/s][A

 14%|█▎        | 16/117 [00:10<01:10,  1.44it/s][A

 15%|█▍        | 17/117 [00:11<01:09,  1.45it/s][A

 15%|█▌        | 18/117 [00:11<01:10,  1.40it/s][A

 16%|█▌        | 19/117 [00:12<01:10,  1.38it/s][A

 17%|█▋        | 20/117 [00:13<01:10,  1.37it/s][A

 18%|█▊        | 21/117 [00:14<01:11,  1.35it/s][A

 19%|█▉        | 22/117 [00:15<01:10,  1.34it/s][A

 20%|█▉        | 23/117 [00:15<01:08,  1.36it/s][A

 21%|██        | 24/117 [00:16<01:06,  1.41it/s][A

 21%|██▏       | 25/117 [00:17<01:04,  1.43it/s][A

 22%|██▏       | 26/117 [00:17<01:05,  1.38it/s][A

 23%|██▎       | 27/117 [00:18<01:03,  1.41it/s][A

 24%|██▍       | 28/117 [00:19<01:02,  1.43it/s][A

 25%|██▍       | 29/117 [00:19<01:01,  1.44it/s][A

 26%|██▌       | 30/117 [00:20<01:00,  1.43it/s][A

 26%|██▋       | 31/117 [00:21<00:59,  1.44it/s][A

 27%|██▋       | 32/117 [00:21<01:00,  1.41it/s][A

 28%|██▊       | 33/117 [00:22<01:00,  1.39it/s][A

 29%|██▉       | 34/117 [00:23<00:59,  1.39it/s][A

 30%|██▉       | 35/117 [00:24<00:59,  1.38it/s][A

 31%|███       | 36/117 [00:24<01:00,  1.34it/s][A

 32%|███▏      | 37/117 [00:25<00:58,  1.36it/s][A

 32%|███▏      | 38/117 [00:26<00:56,  1.39it/s][A

 33%|███▎      | 39/117 [00:27<00:55,  1.40it/s][A

 34%|███▍      | 40/117 [00:27<00:55,  1.38it/s][A

 35%|███▌      | 41/117 [00:28<00:54,  1.41it/s][A

 36%|███▌      | 42/117 [00:29<00:57,  1.31it/s][A

 37%|███▋      | 43/117 [00:30<00:56,  1.32it/s][A

 38%|███▊      | 44/117 [00:30<00:53,  1.36it/s][A

 38%|███▊      | 45/117 [00:31<00:52,  1.38it/s][A

 39%|███▉      | 46/117 [00:32<00:52,  1.35it/s][A

 40%|████      | 47/117 [00:32<00:50,  1.38it/s][A

 41%|████      | 48/117 [00:33<00:50,  1.36it/s][A

 42%|████▏     | 49/117 [00:34<00:48,  1.39it/s][A

 43%|████▎     | 50/117 [00:35<00:47,  1.40it/s][A

 44%|████▎     | 51/117 [00:35<00:46,  1.41it/s][A

 44%|████▍     | 52/117 [00:36<00:46,  1.40it/s][A

 45%|████▌     | 53/117 [00:37<00:45,  1.42it/s][A

 46%|████▌     | 54/117 [00:37<00:43,  1.45it/s][A

 47%|████▋     | 55/117 [00:38<00:43,  1.44it/s][A

 48%|████▊     | 56/117 [00:39<00:42,  1.44it/s][A

 49%|████▊     | 57/117 [00:39<00:41,  1.45it/s][A

 50%|████▉     | 58/117 [00:40<00:40,  1.44it/s][A

 50%|█████     | 59/117 [00:41<00:40,  1.43it/s][A

 51%|█████▏    | 60/117 [00:42<00:40,  1.42it/s][A

 52%|█████▏    | 61/117 [00:42<00:40,  1.39it/s][A

 53%|█████▎    | 62/117 [00:43<00:39,  1.40it/s][A

 54%|█████▍    | 63/117 [00:44<00:38,  1.39it/s][A

 55%|█████▍    | 64/117 [00:45<00:38,  1.38it/s][A

 56%|█████▌    | 65/117 [00:45<00:36,  1.42it/s][A

 56%|█████▋    | 66/117 [00:46<00:36,  1.42it/s][A

 57%|█████▋    | 67/117 [00:47<00:35,  1.39it/s][A

 58%|█████▊    | 68/117 [00:47<00:34,  1.43it/s][A

 59%|█████▉    | 69/117 [00:48<00:34,  1.40it/s][A

 60%|█████▉    | 70/117 [00:49<00:32,  1.44it/s][A

 61%|██████    | 71/117 [00:49<00:32,  1.44it/s][A

 62%|██████▏   | 72/117 [00:50<00:31,  1.43it/s][A

 62%|██████▏   | 73/117 [00:51<00:30,  1.44it/s][A

 63%|██████▎   | 74/117 [00:51<00:29,  1.45it/s][A

 64%|██████▍   | 75/117 [00:52<00:29,  1.44it/s][A

 65%|██████▍   | 76/117 [00:53<00:28,  1.44it/s][A

 66%|██████▌   | 77/117 [00:54<00:27,  1.45it/s][A

 67%|██████▋   | 78/117 [00:54<00:26,  1.46it/s][A

 68%|██████▊   | 79/117 [00:55<00:26,  1.42it/s][A

 68%|██████▊   | 80/117 [00:56<00:25,  1.44it/s][A

 69%|██████▉   | 81/117 [00:56<00:24,  1.46it/s][A

 70%|███████   | 82/117 [00:57<00:23,  1.48it/s][A

 71%|███████   | 83/117 [00:58<00:22,  1.49it/s][A

 72%|███████▏  | 84/117 [00:58<00:22,  1.47it/s][A

 73%|███████▎  | 85/117 [00:59<00:22,  1.45it/s][A

 74%|███████▎  | 86/117 [01:00<00:21,  1.45it/s][A

 74%|███████▍  | 87/117 [01:01<00:22,  1.36it/s][A

 75%|███████▌  | 88/117 [01:01<00:21,  1.37it/s][A

 76%|███████▌  | 89/117 [01:02<00:20,  1.36it/s][A

 77%|███████▋  | 90/117 [01:03<00:19,  1.41it/s][A

 78%|███████▊  | 91/117 [01:03<00:18,  1.38it/s][A

 79%|███████▊  | 92/117 [01:04<00:17,  1.43it/s][A

 79%|███████▉  | 93/117 [01:05<00:17,  1.40it/s][A

 80%|████████  | 94/117 [01:06<00:16,  1.39it/s][A

 81%|████████  | 95/117 [01:06<00:15,  1.41it/s][A

 82%|████████▏ | 96/117 [01:07<00:15,  1.37it/s][A

 83%|████████▎ | 97/117 [01:08<00:14,  1.38it/s][A

 84%|████████▍ | 98/117 [01:08<00:13,  1.38it/s][A

 85%|████████▍ | 99/117 [01:09<00:12,  1.42it/s][A

 85%|████████▌ | 100/117 [01:10<00:12,  1.34it/s][A

 86%|████████▋ | 101/117 [01:11<00:11,  1.39it/s][A

 87%|████████▋ | 102/117 [01:11<00:10,  1.37it/s][A

 88%|████████▊ | 103/117 [01:12<00:10,  1.39it/s][A

 89%|████████▉ | 104/117 [01:13<00:09,  1.32it/s][A

 90%|████████▉ | 105/117 [01:14<00:08,  1.36it/s][A

 91%|█████████ | 106/117 [01:14<00:07,  1.40it/s][A

 91%|█████████▏| 107/117 [01:15<00:07,  1.38it/s][A

 92%|█████████▏| 108/117 [01:16<00:06,  1.41it/s][A

 93%|█████████▎| 109/117 [01:16<00:05,  1.44it/s][A

 94%|█████████▍| 110/117 [01:17<00:04,  1.45it/s][A

 95%|█████████▍| 111/117 [01:18<00:04,  1.38it/s][A

 96%|█████████▌| 112/117 [01:19<00:03,  1.39it/s][A

 97%|█████████▋| 113/117 [01:19<00:02,  1.39it/s][A

 97%|█████████▋| 114/117 [01:20<00:02,  1.43it/s][A

 98%|█████████▊| 115/117 [01:21<00:01,  1.42it/s][A

 99%|█████████▉| 116/117 [01:21<00:00,  1.38it/s][A

100%|██████████| 117/117 [01:22<00:00,  1.41it/s][A
                                                   

                                                 
[A{'eval_loss': '0.569', 'eval_runtime': '83.34', 'eval_samples_per_second': '2.808', 'eval_steps_per_second': '1.404', 'eval_entropy': '0.2849', 'eval_num_tokens': '2.717e+06', 'eval_logits/chosen': '-0.8325', 'eval_logits/rejected': '-1.842', 'eval_mean_token_accuracy': '0.5928', 'eval_rewards/chosen': '0.2749', 'eval_rewards/rejected': '0.001291', 'eval_rewards/accuracies': '0.9615', 'eval_rewards/margins': '0.2736', 'eval_logps/chosen': '-95.91', 'eval_logps/rejected': '-7.841', 'epoch': '0.1309'}

 13%|█▎        | 100/764 [12:22<1:12:15,  6.53s/it]

100%|██████████| 117/117 [01:22<00:00,  1.41it/s][A

                                                 [A
 13%|█▎        | 101/764 [12:34<6:07:02, 33.22s/it]
 13%|█▎        | 102/764 [12:40<4:38:23, 25.23s/it]
 13%|█▎        | 103/764 [12:47<3:35:51, 19.59s/it]
 14%|█▎        | 104/764 [12:54<2:52:40, 15.70s/it]
 14%|█▎        | 105/764 [13:01<2:26:17, 13.32s/it]
 14%|█▍        | 106/764 [13:08<2:03:45, 11.28s/it]
 14%|█▍        | 107/764 [13:14<1:48:18,  9.89s/it]
 14%|█▍        | 108/764 [13:21<1:36:56,  8.87s/it]
 14%|█▍        | 109/764 [13:28<1:31:16,  8.36s/it]
 14%|█▍        | 110/764 [13:35<1:27:33,  8.03s/it]
                                                   
{'loss': '0.5598', 'grad_norm': '10.9', 'learning_rate': '4.836e-07', 'entropy': '0.2795', 'num_tokens': '2.992e+06', 'logits/chosen': '-0.817', 'logits/rejected': '-1.859', 'mean_token_accuracy': '0.5891', 'rewards/chosen': '0.293', 'rewards/rejected': '-0.002873', 'rewards/accuracies': '0.975', 'rewards/margins': '0.2959', 'logps/chosen': '-94.19', 'logps/rejected': '-7.798', 'epoch': '0.144'}

 14%|█▍        | 110/764 [13:35<1:27:33,  8.03s/it]
 15%|█▍        | 111/764 [13:42<1:22:18,  7.56s/it]
 15%|█▍        | 112/764 [13:48<1:18:40,  7.24s/it]
 15%|█▍        | 113/764 [13:55<1:16:27,  7.05s/it]
 15%|█▍        | 114/764 [14:03<1:18:06,  7.21s/it]
 15%|█▌        | 115/764 [14:09<1:15:57,  7.02s/it]
 15%|█▌        | 116/764 [14:16<1:15:20,  6.98s/it]
 15%|█▌        | 117/764 [14:22<1:13:40,  6.83s/it]
 15%|█▌        | 118/764 [14:29<1:12:14,  6.71s/it]
 16%|█▌        | 119/764 [14:37<1:15:40,  7.04s/it]
 16%|█▌        | 120/764 [14:43<1:13:02,  6.80s/it]
                                                   
{'loss': '0.5188', 'grad_norm': '11.16', 'learning_rate': '4.796e-07', 'entropy': '0.2656', 'num_tokens': '3.264e+06', 'logits/chosen': '-0.8496', 'logits/rejected': '-2.078', 'mean_token_accuracy': '0.5945', 'rewards/chosen': '0.4034', 'rewards/rejected': '0.008371', 'rewards/accuracies': '0.9875', 'rewards/margins': '0.3951', 'logps/chosen': '-100.5', 'logps/rejected': '-11.25', 'epoch': '0.1571'}

 16%|█▌        | 120/764 [14:43<1:13:02,  6.80s/it]
 16%|█▌        | 121/764 [14:49<1:11:52,  6.71s/it]
 16%|█▌        | 122/764 [14:56<1:11:28,  6.68s/it]
 16%|█▌        | 123/764 [15:04<1:14:21,  6.96s/it]
 16%|█▌        | 124/764 [15:10<1:12:37,  6.81s/it]
 16%|█▋        | 125/764 [15:17<1:12:18,  6.79s/it]
 16%|█▋        | 126/764 [15:23<1:10:52,  6.67s/it]
 17%|█▋        | 127/764 [15:30<1:09:49,  6.58s/it]
 17%|█▋        | 128/764 [15:38<1:15:13,  7.10s/it]
 17%|█▋        | 129/764 [15:44<1:12:14,  6.83s/it]
 17%|█▋        | 130/764 [15:50<1:10:23,  6.66s/it]
                                                   
{'loss': '0.5002', 'grad_norm': '8.813', 'learning_rate': '4.752e-07', 'entropy': '0.2896', 'num_tokens': '3.534e+06', 'logits/chosen': '-0.8112', 'logits/rejected': '-1.893', 'mean_token_accuracy': '0.5891', 'rewards/chosen': '0.4483', 'rewards/rejected': '-0.0008839', 'rewards/accuracies': '0.975', 'rewards/margins': '0.4492', 'logps/chosen': '-99.01', 'logps/rejected': '-7.39', 'epoch': '0.1702'}

 17%|█▋        | 130/764 [15:50<1:10:23,  6.66s/it]
 17%|█▋        | 131/764 [15:57<1:08:55,  6.53s/it]
 17%|█▋        | 132/764 [16:03<1:08:02,  6.46s/it]
 17%|█▋        | 133/764 [16:10<1:09:45,  6.63s/it]
 18%|█▊        | 134/764 [16:16<1:09:00,  6.57s/it]
 18%|█▊        | 135/764 [16:23<1:08:08,  6.50s/it]
 18%|█▊        | 136/764 [16:29<1:07:28,  6.45s/it]
 18%|█▊        | 137/764 [16:36<1:08:17,  6.54s/it]
 18%|█▊        | 138/764 [16:43<1:11:18,  6.84s/it]
 18%|█▊        | 139/764 [16:50<1:09:37,  6.68s/it]
 18%|█▊        | 140/764 [16:56<1:08:49,  6.62s/it]
                                                   
{'loss': '0.4862', 'grad_norm': '8.062', 'learning_rate': '4.704e-07', 'entropy': '0.2755', 'num_tokens': '3.805e+06', 'logits/chosen': '-0.8208', 'logits/rejected': '-1.793', 'mean_token_accuracy': '0.6154', 'rewards/chosen': '0.4919', 'rewards/rejected': '-0.0007367', 'rewards/accuracies': '0.9875', 'rewards/margins': '0.4927', 'logps/chosen': '-89.29', 'logps/rejected': '-5.835', 'epoch': '0.1832'}

 18%|█▊        | 140/764 [16:56<1:08:49,  6.62s/it]
 18%|█▊        | 141/764 [17:03<1:08:16,  6.58s/it]
 19%|█▊        | 142/764 [17:10<1:11:39,  6.91s/it]
 19%|█▊        | 143/764 [17:17<1:10:58,  6.86s/it]
 19%|█▉        | 144/764 [17:23<1:09:29,  6.72s/it]
 19%|█▉        | 145/764 [17:30<1:07:45,  6.57s/it]
 19%|█▉        | 146/764 [17:37<1:09:22,  6.74s/it]
 19%|█▉        | 147/764 [17:44<1:10:42,  6.88s/it]
 19%|█▉        | 148/764 [17:50<1:09:10,  6.74s/it]
 20%|█▉        | 149/764 [17:57<1:08:52,  6.72s/it]
 20%|█▉        | 150/764 [18:04<1:08:29,  6.69s/it]
                                                   
{'loss': '0.4444', 'grad_norm': '7.582', 'learning_rate': '4.652e-07', 'entropy': '0.2833', 'num_tokens': '4.077e+06', 'logits/chosen': '-0.8048', 'logits/rejected': '-1.758', 'mean_token_accuracy': '0.604', 'rewards/chosen': '0.6141', 'rewards/rejected': '-0.00171', 'rewards/accuracies': '1', 'rewards/margins': '0.6158', 'logps/chosen': '-92.94', 'logps/rejected': '-6.776', 'epoch': '0.1963'}

 20%|█▉        | 150/764 [18:04<1:08:29,  6.69s/it]
 20%|█▉        | 151/764 [18:11<1:11:43,  7.02s/it]
 20%|█▉        | 152/764 [18:18<1:09:49,  6.85s/it]
 20%|██        | 153/764 [18:25<1:09:29,  6.82s/it]
 20%|██        | 154/764 [18:31<1:08:05,  6.70s/it]
 20%|██        | 155/764 [18:38<1:08:51,  6.78s/it]
 20%|██        | 156/764 [18:45<1:09:54,  6.90s/it]
 21%|██        | 157/764 [18:52<1:09:04,  6.83s/it]
 21%|██        | 158/764 [18:58<1:08:13,  6.76s/it]
 21%|██        | 159/764 [19:05<1:07:17,  6.67s/it]
 21%|██        | 160/764 [19:13<1:09:53,  6.94s/it]
                                                   
{'loss': '0.4407', 'grad_norm': '8.446', 'learning_rate': '4.596e-07', 'entropy': '0.2685', 'num_tokens': '4.35e+06', 'logits/chosen': '-0.8057', 'logits/rejected': '-1.837', 'mean_token_accuracy': '0.6148', 'rewards/chosen': '0.6466', 'rewards/rejected': '0.008489', 'rewards/accuracies': '1', 'rewards/margins': '0.6382', 'logps/chosen': '-84.68', 'logps/rejected': '-9.161', 'epoch': '0.2094'}

 21%|██        | 160/764 [19:13<1:09:53,  6.94s/it]
 21%|██        | 161/764 [19:19<1:08:34,  6.82s/it]
 21%|██        | 162/764 [19:26<1:08:40,  6.84s/it]
 21%|██▏       | 163/764 [19:33<1:08:06,  6.80s/it]
 21%|██▏       | 164/764 [19:40<1:10:13,  7.02s/it]
 22%|██▏       | 165/764 [19:47<1:08:00,  6.81s/it]
 22%|██▏       | 166/764 [19:53<1:06:35,  6.68s/it]
 22%|██▏       | 167/764 [19:59<1:05:21,  6.57s/it]
 22%|██▏       | 168/764 [20:06<1:07:17,  6.77s/it]
 22%|██▏       | 169/764 [20:13<1:07:25,  6.80s/it]
 22%|██▏       | 170/764 [20:20<1:06:26,  6.71s/it]
                                                   
{'loss': '0.3834', 'grad_norm': '7.164', 'learning_rate': '4.536e-07', 'entropy': '0.2822', 'num_tokens': '4.62e+06', 'logits/chosen': '-0.7696', 'logits/rejected': '-1.934', 'mean_token_accuracy': '0.6015', 'rewards/chosen': '0.8311', 'rewards/rejected': '0.006373', 'rewards/accuracies': '1', 'rewards/margins': '0.8248', 'logps/chosen': '-88.99', 'logps/rejected': '-8.336', 'epoch': '0.2225'}

 22%|██▏       | 170/764 [20:20<1:06:26,  6.71s/it]
 22%|██▏       | 171/764 [20:26<1:05:49,  6.66s/it]
 23%|██▎       | 172/764 [20:33<1:05:06,  6.60s/it]
 23%|██▎       | 173/764 [20:40<1:06:26,  6.75s/it]
 23%|██▎       | 174/764 [20:47<1:07:08,  6.83s/it]
 23%|██▎       | 175/764 [20:53<1:05:57,  6.72s/it]
 23%|██▎       | 176/764 [21:00<1:06:16,  6.76s/it]
 23%|██▎       | 177/764 [21:07<1:05:34,  6.70s/it]
 23%|██▎       | 178/764 [21:14<1:06:58,  6.86s/it]
 23%|██▎       | 179/764 [21:22<1:08:47,  7.06s/it]
 24%|██▎       | 180/764 [21:28<1:07:14,  6.91s/it]
                                                   
{'loss': '0.3277', 'grad_norm': '6.314', 'learning_rate': '4.473e-07', 'entropy': '0.2914', 'num_tokens': '4.893e+06', 'logits/chosen': '-0.81', 'logits/rejected': '-1.819', 'mean_token_accuracy': '0.6055', 'rewards/chosen': '1.021', 'rewards/rejected': '-0.001749', 'rewards/accuracies': '1', 'rewards/margins': '1.022', 'logps/chosen': '-93.7', 'logps/rejected': '-7.894', 'epoch': '0.2356'}

 24%|██▎       | 180/764 [21:28<1:07:14,  6.91s/it]
 24%|██▎       | 181/764 [21:35<1:05:51,  6.78s/it]
 24%|██▍       | 182/764 [21:41<1:05:41,  6.77s/it]
 24%|██▍       | 183/764 [21:49<1:08:41,  7.09s/it]
 24%|██▍       | 184/764 [21:56<1:06:56,  6.92s/it]
 24%|██▍       | 185/764 [22:02<1:06:07,  6.85s/it]
 24%|██▍       | 186/764 [22:09<1:05:13,  6.77s/it]
 24%|██▍       | 187/764 [22:15<1:04:06,  6.67s/it]
 25%|██▍       | 188/764 [22:23<1:06:24,  6.92s/it]
 25%|██▍       | 189/764 [22:29<1:04:06,  6.69s/it]
 25%|██▍       | 190/764 [22:36<1:03:19,  6.62s/it]
                                                   
{'loss': '0.3314', 'grad_norm': '6.153', 'learning_rate': '4.406e-07', 'entropy': '0.2967', 'num_tokens': '5.165e+06', 'logits/chosen': '-0.7623', 'logits/rejected': '-1.778', 'mean_token_accuracy': '0.6085', 'rewards/chosen': '1.035', 'rewards/rejected': '-0.0006803', 'rewards/accuracies': '1', 'rewards/margins': '1.035', 'logps/chosen': '-86.98', 'logps/rejected': '-7.535', 'epoch': '0.2487'}

 25%|██▍       | 190/764 [22:36<1:03:19,  6.62s/it]
 25%|██▌       | 191/764 [22:42<1:03:08,  6.61s/it]
 25%|██▌       | 192/764 [22:49<1:04:18,  6.74s/it]
 25%|██▌       | 193/764 [22:57<1:05:58,  6.93s/it]
 25%|██▌       | 194/764 [23:03<1:05:16,  6.87s/it]
 26%|██▌       | 195/764 [23:10<1:04:36,  6.81s/it]
 26%|██▌       | 196/764 [23:17<1:04:19,  6.80s/it]
 26%|██▌       | 197/764 [23:24<1:06:31,  7.04s/it]
 26%|██▌       | 198/764 [23:31<1:05:39,  6.96s/it]
 26%|██▌       | 199/764 [23:38<1:04:07,  6.81s/it]
 26%|██▌       | 200/764 [23:44<1:03:02,  6.71s/it]
                                                   
{'loss': '0.3005', 'grad_norm': '5.647', 'learning_rate': '4.336e-07', 'entropy': '0.2841', 'num_tokens': '5.439e+06', 'logits/chosen': '-0.7881', 'logits/rejected': '-1.922', 'mean_token_accuracy': '0.6174', 'rewards/chosen': '1.18', 'rewards/rejected': '0.002474', 'rewards/accuracies': '1', 'rewards/margins': '1.177', 'logps/chosen': '-89.18', 'logps/rejected': '-10.49', 'epoch': '0.2618'}

 26%|██▌       | 200/764 [23:44<1:03:02,  6.71s/it]

  0%|          | 0/117 [00:00<?, ?it/s][A

  2%|▏         | 2/117 [00:00<00:42,  2.69it/s][A

  3%|▎         | 3/117 [00:01<01:01,  1.86it/s][A

  3%|▎         | 4/117 [00:02<01:08,  1.66it/s][A

  4%|▍         | 5/117 [00:02<01:11,  1.56it/s][A

  5%|▌         | 6/117 [00:03<01:12,  1.53it/s][A

  6%|▌         | 7/117 [00:04<01:11,  1.53it/s][A

  7%|▋         | 8/117 [00:04<01:12,  1.51it/s][A

  8%|▊         | 9/117 [00:05<01:14,  1.45it/s][A

  9%|▊         | 10/117 [00:06<01:14,  1.44it/s][A

  9%|▉         | 11/117 [00:07<01:13,  1.45it/s][A

 10%|█         | 12/117 [00:07<01:13,  1.42it/s][A

 11%|█         | 13/117 [00:08<01:13,  1.42it/s][A

 12%|█▏        | 14/117 [00:09<01:13,  1.40it/s][A

 13%|█▎        | 15/117 [00:09<01:10,  1.45it/s][A

 14%|█▎        | 16/117 [00:10<01:10,  1.43it/s][A

 15%|█▍        | 17/117 [00:11<01:09,  1.44it/s][A

 15%|█▌        | 18/117 [00:12<01:11,  1.39it/s][A

 16%|█▌        | 19/117 [00:12<01:11,  1.38it/s][A

 17%|█▋        | 20/117 [00:13<01:11,  1.37it/s][A

 18%|█▊        | 21/117 [00:14<01:09,  1.38it/s][A

 19%|█▉        | 22/117 [00:15<01:09,  1.37it/s][A

 20%|█▉        | 23/117 [00:15<01:08,  1.38it/s][A

 21%|██        | 24/117 [00:16<01:05,  1.42it/s][A

 21%|██▏       | 25/117 [00:17<01:07,  1.37it/s][A

 22%|██▏       | 26/117 [00:17<01:07,  1.34it/s][A

 23%|██▎       | 27/117 [00:18<01:05,  1.38it/s][A

 24%|██▍       | 28/117 [00:19<01:03,  1.41it/s][A

 25%|██▍       | 29/117 [00:20<01:01,  1.42it/s][A

 26%|██▌       | 30/117 [00:20<01:01,  1.42it/s][A

 26%|██▋       | 31/117 [00:21<00:59,  1.43it/s][A

 27%|██▋       | 32/117 [00:22<01:00,  1.41it/s][A

 28%|██▊       | 33/117 [00:22<01:00,  1.39it/s][A

 29%|██▉       | 34/117 [00:23<00:59,  1.39it/s][A

 30%|██▉       | 35/117 [00:24<00:58,  1.40it/s][A

 31%|███       | 36/117 [00:25<01:00,  1.35it/s][A

 32%|███▏      | 37/117 [00:25<00:58,  1.37it/s][A

 32%|███▏      | 38/117 [00:26<00:56,  1.40it/s][A

 33%|███▎      | 39/117 [00:27<00:55,  1.40it/s][A

 34%|███▍      | 40/117 [00:27<00:55,  1.38it/s][A

 35%|███▌      | 41/117 [00:28<00:53,  1.41it/s][A

 36%|███▌      | 42/117 [00:29<00:57,  1.31it/s][A

 37%|███▋      | 43/117 [00:30<00:56,  1.30it/s][A

 38%|███▊      | 44/117 [00:30<00:54,  1.35it/s][A

 38%|███▊      | 45/117 [00:31<00:52,  1.37it/s][A

 39%|███▉      | 46/117 [00:32<00:52,  1.34it/s][A

 40%|████      | 47/117 [00:33<00:50,  1.38it/s][A

 41%|████      | 48/117 [00:33<00:50,  1.35it/s][A

 42%|████▏     | 49/117 [00:34<00:48,  1.39it/s][A

 43%|████▎     | 50/117 [00:35<00:47,  1.41it/s][A

 44%|████▎     | 51/117 [00:35<00:46,  1.43it/s][A

 44%|████▍     | 52/117 [00:36<00:46,  1.40it/s][A

 45%|████▌     | 53/117 [00:37<00:44,  1.42it/s][A

 46%|████▌     | 54/117 [00:38<00:43,  1.45it/s][A

 47%|████▋     | 55/117 [00:38<00:43,  1.44it/s][A

 48%|████▊     | 56/117 [00:39<00:42,  1.44it/s][A

 49%|████▊     | 57/117 [00:40<00:41,  1.43it/s][A

 50%|████▉     | 58/117 [00:40<00:41,  1.42it/s][A

 50%|█████     | 59/117 [00:41<00:40,  1.42it/s][A

 51%|█████▏    | 60/117 [00:42<00:40,  1.41it/s][A

 52%|█████▏    | 61/117 [00:43<00:40,  1.39it/s][A

 53%|█████▎    | 62/117 [00:43<00:39,  1.39it/s][A

 54%|█████▍    | 63/117 [00:44<00:39,  1.38it/s][A

 55%|█████▍    | 64/117 [00:45<00:38,  1.38it/s][A

 56%|█████▌    | 65/117 [00:45<00:37,  1.40it/s][A

 56%|█████▋    | 66/117 [00:46<00:36,  1.40it/s][A

 57%|█████▋    | 67/117 [00:47<00:36,  1.38it/s][A

 58%|█████▊    | 68/117 [00:47<00:34,  1.42it/s][A

 59%|█████▉    | 69/117 [00:48<00:34,  1.40it/s][A

 60%|█████▉    | 70/117 [00:49<00:32,  1.43it/s][A

 61%|██████    | 71/117 [00:50<00:32,  1.40it/s][A

 62%|██████▏   | 72/117 [00:50<00:32,  1.41it/s][A

 62%|██████▏   | 73/117 [00:51<00:30,  1.42it/s][A

 63%|██████▎   | 74/117 [00:52<00:29,  1.44it/s][A

 64%|██████▍   | 75/117 [00:52<00:29,  1.42it/s][A

 65%|██████▍   | 76/117 [00:53<00:28,  1.44it/s][A

 66%|██████▌   | 77/117 [00:54<00:27,  1.45it/s][A

 67%|██████▋   | 78/117 [00:54<00:26,  1.45it/s][A

 68%|██████▊   | 79/117 [00:55<00:26,  1.42it/s][A

 68%|██████▊   | 80/117 [00:56<00:25,  1.43it/s][A

 69%|██████▉   | 81/117 [00:57<00:24,  1.46it/s][A

 70%|███████   | 82/117 [00:57<00:23,  1.48it/s][A

 71%|███████   | 83/117 [00:58<00:22,  1.49it/s][A

 72%|███████▏  | 84/117 [00:59<00:23,  1.43it/s][A

 73%|███████▎  | 85/117 [00:59<00:22,  1.42it/s][A

 74%|███████▎  | 86/117 [01:00<00:21,  1.44it/s][A

 74%|███████▍  | 87/117 [01:01<00:21,  1.41it/s][A

 75%|███████▌  | 88/117 [01:01<00:20,  1.41it/s][A

 76%|███████▌  | 89/117 [01:02<00:20,  1.38it/s][A

 77%|███████▋  | 90/117 [01:03<00:19,  1.42it/s][A

 78%|███████▊  | 91/117 [01:04<00:19,  1.34it/s][A

 79%|███████▊  | 92/117 [01:04<00:17,  1.39it/s][A

 79%|███████▉  | 93/117 [01:05<00:17,  1.38it/s][A

 80%|████████  | 94/117 [01:06<00:16,  1.37it/s][A

 81%|████████  | 95/117 [01:07<00:15,  1.39it/s][A

 82%|████████▏ | 96/117 [01:07<00:15,  1.36it/s][A

 83%|████████▎ | 97/117 [01:08<00:14,  1.38it/s][A

 84%|████████▍ | 98/117 [01:09<00:13,  1.37it/s][A

 85%|████████▍ | 99/117 [01:09<00:12,  1.41it/s][A

 85%|████████▌ | 100/117 [01:10<00:12,  1.39it/s][A

 86%|████████▋ | 101/117 [01:11<00:11,  1.43it/s][A

 87%|████████▋ | 102/117 [01:12<00:10,  1.39it/s][A

 88%|████████▊ | 103/117 [01:12<00:10,  1.38it/s][A

 89%|████████▉ | 104/117 [01:13<00:09,  1.31it/s][A

 90%|████████▉ | 105/117 [01:14<00:08,  1.35it/s][A

 91%|█████████ | 106/117 [01:15<00:07,  1.40it/s][A

 91%|█████████▏| 107/117 [01:15<00:07,  1.38it/s][A

 92%|█████████▏| 108/117 [01:16<00:06,  1.40it/s][A

 93%|█████████▎| 109/117 [01:17<00:05,  1.43it/s][A

 94%|█████████▍| 110/117 [01:17<00:05,  1.37it/s][A

 95%|█████████▍| 111/117 [01:18<00:04,  1.34it/s][A

 96%|█████████▌| 112/117 [01:19<00:03,  1.39it/s][A

 97%|█████████▋| 113/117 [01:20<00:02,  1.39it/s][A

 97%|█████████▋| 114/117 [01:20<00:02,  1.43it/s][A

 98%|█████████▊| 115/117 [01:21<00:01,  1.42it/s][A

 99%|█████████▉| 116/117 [01:22<00:00,  1.38it/s][A

100%|██████████| 117/117 [01:22<00:00,  1.41it/s][A
                                                   

                                                 
[A{'eval_loss': '0.2915', 'eval_runtime': '83.71', 'eval_samples_per_second': '2.795', 'eval_steps_per_second': '1.398', 'eval_entropy': '0.2921', 'eval_num_tokens': '5.439e+06', 'eval_logits/chosen': '-0.7561', 'eval_logits/rejected': '-1.823', 'eval_mean_token_accuracy': '0.6113', 'eval_rewards/chosen': '1.224', 'eval_rewards/rejected': '-0.002266', 'eval_rewards/accuracies': '1', 'eval_rewards/margins': '1.226', 'eval_logps/chosen': '-86.42', 'eval_logps/rejected': '-7.876', 'epoch': '0.2618'}

 26%|██▌       | 200/764 [25:08<1:03:02,  6.71s/it]

100%|██████████| 117/117 [01:22<00:00,  1.41it/s][A

                                                 [A
 26%|██▋       | 201/764 [25:19<5:12:38, 33.32s/it]
 26%|██▋       | 202/764 [25:26<3:57:00, 25.30s/it]
 27%|██▋       | 203/764 [25:33<3:04:30, 19.73s/it]
 27%|██▋       | 204/764 [25:40<2:28:20, 15.89s/it]
 27%|██▋       | 205/764 [25:47<2:04:30, 13.36s/it]
 27%|██▋       | 206/764 [25:54<1:46:34, 11.46s/it]
 27%|██▋       | 207/764 [26:01<1:33:00, 10.02s/it]
 27%|██▋       | 208/764 [26:08<1:23:31,  9.01s/it]
 27%|██▋       | 209/764 [26:14<1:16:24,  8.26s/it]
 27%|██▋       | 210/764 [26:21<1:12:51,  7.89s/it]
                                                   
{'loss': '0.3202', 'grad_norm': '5.175', 'learning_rate': '4.262e-07', 'entropy': '0.2759', 'num_tokens': '5.714e+06', 'logits/chosen': '-0.7449', 'logits/rejected': '-1.692', 'mean_token_accuracy': '0.6177', 'rewards/chosen': '1.15', 'rewards/rejected': '0.007172', 'rewards/accuracies': '1', 'rewards/margins': '1.143', 'logps/chosen': '-77.72', 'logps/rejected': '-4.667', 'epoch': '0.2749'}

 27%|██▋       | 210/764 [26:21<1:12:51,  7.89s/it]
 28%|██▊       | 211/764 [26:28<1:10:45,  7.68s/it]
 28%|██▊       | 212/764 [26:35<1:07:30,  7.34s/it]
 28%|██▊       | 213/764 [26:41<1:04:43,  7.05s/it]
 28%|██▊       | 214/764 [26:49<1:05:58,  7.20s/it]
 28%|██▊       | 215/764 [26:56<1:05:21,  7.14s/it]
 28%|██▊       | 216/764 [27:03<1:04:35,  7.07s/it]
 28%|██▊       | 217/764 [27:09<1:03:18,  6.94s/it]
 29%|██▊       | 218/764 [27:16<1:02:12,  6.84s/it]
 29%|██▊       | 219/764 [27:23<1:03:06,  6.95s/it]
 29%|██▉       | 220/764 [27:30<1:03:05,  6.96s/it]
                                                   
{'loss': '0.2444', 'grad_norm': '4.301', 'learning_rate': '4.185e-07', 'entropy': '0.2918', 'num_tokens': '5.985e+06', 'logits/chosen': '-0.7442', 'logits/rejected': '-1.844', 'mean_token_accuracy': '0.6171', 'rewards/chosen': '1.463', 'rewards/rejected': '-0.009453', 'rewards/accuracies': '1', 'rewards/margins': '1.472', 'logps/chosen': '-87.84', 'logps/rejected': '-6.993', 'epoch': '0.288'}

 29%|██▉       | 220/764 [27:30<1:03:05,  6.96s/it]
 29%|██▉       | 221/764 [27:37<1:02:46,  6.94s/it]
 29%|██▉       | 222/764 [27:44<1:01:51,  6.85s/it]
 29%|██▉       | 223/764 [27:51<1:02:15,  6.90s/it]
 29%|██▉       | 224/764 [27:58<1:02:42,  6.97s/it]
 29%|██▉       | 225/764 [28:04<1:01:38,  6.86s/it]
 30%|██▉       | 226/764 [28:11<1:01:01,  6.81s/it]
 30%|██▉       | 227/764 [28:18<1:02:21,  6.97s/it]
 30%|██▉       | 228/764 [28:26<1:03:29,  7.11s/it]
 30%|██▉       | 229/764 [28:32<1:01:39,  6.91s/it]
 30%|███       | 230/764 [28:39<1:00:48,  6.83s/it]
                                                   
{'loss': '0.2434', 'grad_norm': '3.935', 'learning_rate': '4.106e-07', 'entropy': '0.2861', 'num_tokens': '6.26e+06', 'logits/chosen': '-0.748', 'logits/rejected': '-1.778', 'mean_token_accuracy': '0.6261', 'rewards/chosen': '1.493', 'rewards/rejected': '0.003493', 'rewards/accuracies': '1', 'rewards/margins': '1.489', 'logps/chosen': '-79.94', 'logps/rejected': '-7.046', 'epoch': '0.301'}

 30%|███       | 230/764 [28:39<1:00:48,  6.83s/it]
 30%|███       | 231/764 [28:45<59:45,  6.73s/it]  
 30%|███       | 232/764 [28:53<1:01:26,  6.93s/it]
 30%|███       | 233/764 [29:00<1:01:51,  6.99s/it]
 31%|███       | 234/764 [29:07<1:01:02,  6.91s/it]
 31%|███       | 235/764 [29:13<1:00:38,  6.88s/it]
 31%|███       | 236/764 [29:20<59:33,  6.77s/it]  
 31%|███       | 237/764 [29:27<59:59,  6.83s/it]
 31%|███       | 238/764 [29:34<1:01:13,  6.98s/it]
 31%|███▏      | 239/764 [29:41<1:00:45,  6.94s/it]
 31%|███▏      | 240/764 [29:48<59:51,  6.85s/it]  
                                                 
{'loss': '0.2472', 'grad_norm': '4.839', 'learning_rate': '4.023e-07', 'entropy': '0.2906', 'num_tokens': '6.533e+06', 'logits/chosen': '-0.6895', 'logits/rejected': '-1.667', 'mean_token_accuracy': '0.6276', 'rewards/chosen': '1.535', 'rewards/rejected': '0.003599', 'rewards/accuracies': '1', 'rewards/margins': '1.532', 'logps/chosen': '-78.45', 'logps/rejected': '-6.847', 'epoch': '0.3141'}

 31%|███▏      | 240/764 [29:48<59:51,  6.85s/it]
 32%|███▏      | 241/764 [29:54<58:54,  6.76s/it]
 32%|███▏      | 242/764 [30:02<1:01:10,  7.03s/it]
 32%|███▏      | 243/764 [30:09<1:00:36,  6.98s/it]
 32%|███▏      | 244/764 [30:15<59:37,  6.88s/it]  
 32%|███▏      | 245/764 [30:22<58:54,  6.81s/it]
 32%|███▏      | 246/764 [30:29<58:13,  6.74s/it]
 32%|███▏      | 247/764 [30:37<1:01:14,  7.11s/it]
 32%|███▏      | 248/764 [30:43<59:43,  6.95s/it]  
 33%|███▎      | 249/764 [30:50<57:59,  6.76s/it]
 33%|███▎      | 250/764 [30:56<57:37,  6.73s/it]
                                                 
{'loss': '0.1937', 'grad_norm': '3.528', 'learning_rate': '3.938e-07', 'entropy': '0.292', 'num_tokens': '6.804e+06', 'logits/chosen': '-0.6848', 'logits/rejected': '-1.795', 'mean_token_accuracy': '0.62', 'rewards/chosen': '1.855', 'rewards/rejected': '0.006004', 'rewards/accuracies': '1', 'rewards/margins': '1.849', 'logps/chosen': '-82.07', 'logps/rejected': '-7.716', 'epoch': '0.3272'}

 33%|███▎      | 250/764 [30:56<57:37,  6.73s/it]
 33%|███▎      | 251/764 [31:03<58:23,  6.83s/it]
 33%|███▎      | 252/764 [31:10<58:36,  6.87s/it]
 33%|███▎      | 253/764 [31:17<58:15,  6.84s/it]
 33%|███▎      | 254/764 [31:24<57:20,  6.75s/it]
 33%|███▎      | 255/764 [31:30<57:28,  6.77s/it]
 34%|███▎      | 256/764 [31:38<58:21,  6.89s/it]
 34%|███▎      | 257/764 [31:45<58:59,  6.98s/it]
 34%|███▍      | 258/764 [31:51<57:53,  6.86s/it]
 34%|███▍      | 259/764 [31:58<57:02,  6.78s/it]
 34%|███▍      | 260/764 [32:04<56:04,  6.68s/it]
                                                 
{'loss': '0.1605', 'grad_norm': '2.406', 'learning_rate': '3.85e-07', 'entropy': '0.2899', 'num_tokens': '7.076e+06', 'logits/chosen': '-0.7325', 'logits/rejected': '-2.026', 'mean_token_accuracy': '0.6276', 'rewards/chosen': '2.069', 'rewards/rejected': '0.002129', 'rewards/accuracies': '1', 'rewards/margins': '2.067', 'logps/chosen': '-81.68', 'logps/rejected': '-8.944', 'epoch': '0.3403'}

 34%|███▍      | 260/764 [32:04<56:04,  6.68s/it]
 34%|███▍      | 261/764 [32:12<58:30,  6.98s/it]
 34%|███▍      | 262/764 [32:19<58:51,  7.04s/it]
 34%|███▍      | 263/764 [32:26<58:43,  7.03s/it]
 35%|███▍      | 264/764 [32:33<57:54,  6.95s/it]
 35%|███▍      | 265/764 [32:40<58:11,  7.00s/it]
 35%|███▍      | 266/764 [32:47<57:58,  6.99s/it]
 35%|███▍      | 267/764 [32:54<57:04,  6.89s/it]
 35%|███▌      | 268/764 [33:00<55:36,  6.73s/it]
 35%|███▌      | 269/764 [33:07<54:58,  6.66s/it]
 35%|███▌      | 270/764 [33:13<55:20,  6.72s/it]
                                                 
{'loss': '0.1626', 'grad_norm': '2.562', 'learning_rate': '3.759e-07', 'entropy': '0.2901', 'num_tokens': '7.349e+06', 'logits/chosen': '-0.7092', 'logits/rejected': '-1.837', 'mean_token_accuracy': '0.6359', 'rewards/chosen': '2.123', 'rewards/rejected': '0.0008718', 'rewards/accuracies': '1', 'rewards/margins': '2.122', 'logps/chosen': '-77.01', 'logps/rejected': '-7.92', 'epoch': '0.3534'}

 35%|███▌      | 270/764 [33:13<55:20,  6.72s/it]
 35%|███▌      | 271/764 [33:20<56:03,  6.82s/it]
 36%|███▌      | 272/764 [33:27<54:51,  6.69s/it]
 36%|███▌      | 273/764 [33:33<53:44,  6.57s/it]
 36%|███▌      | 274/764 [33:40<55:06,  6.75s/it]
 36%|███▌      | 275/764 [33:47<55:31,  6.81s/it]
 36%|███▌      | 276/764 [33:54<54:53,  6.75s/it]
 36%|███▋      | 277/764 [34:00<53:56,  6.65s/it]
 36%|███▋      | 278/764 [34:07<53:30,  6.61s/it]
 37%|███▋      | 279/764 [34:15<56:14,  6.96s/it]
 37%|███▋      | 280/764 [34:21<55:42,  6.91s/it]
                                                 
{'loss': '0.1387', 'grad_norm': '1.881', 'learning_rate': '3.666e-07', 'entropy': '0.2917', 'num_tokens': '7.619e+06', 'logits/chosen': '-0.6699', 'logits/rejected': '-1.9', 'mean_token_accuracy': '0.6303', 'rewards/chosen': '2.287', 'rewards/rejected': '0.002588', 'rewards/accuracies': '1', 'rewards/margins': '2.285', 'logps/chosen': '-77.55', 'logps/rejected': '-7.183', 'epoch': '0.3665'}

 37%|███▋      | 280/764 [34:21<55:42,  6.91s/it]
 37%|███▋      | 281/764 [34:28<55:01,  6.84s/it]
 37%|███▋      | 282/764 [34:35<54:36,  6.80s/it]
 37%|███▋      | 283/764 [34:41<53:02,  6.62s/it]
 37%|███▋      | 284/764 [34:48<54:03,  6.76s/it]
 37%|███▋      | 285/764 [34:55<54:38,  6.84s/it]
 37%|███▋      | 286/764 [35:02<54:00,  6.78s/it]
 38%|███▊      | 287/764 [35:08<53:20,  6.71s/it]
 38%|███▊      | 288/764 [35:15<53:57,  6.80s/it]
 38%|███▊      | 289/764 [35:22<54:21,  6.87s/it]
 38%|███▊      | 290/764 [35:29<53:21,  6.75s/it]
                                                 
{'loss': '0.1387', 'grad_norm': '3.498', 'learning_rate': '3.572e-07', 'entropy': '0.2936', 'num_tokens': '7.889e+06', 'logits/chosen': '-0.6587', 'logits/rejected': '-1.886', 'mean_token_accuracy': '0.6203', 'rewards/chosen': '2.327', 'rewards/rejected': '-0.01673', 'rewards/accuracies': '1', 'rewards/margins': '2.344', 'logps/chosen': '-77.62', 'logps/rejected': '-8.546', 'epoch': '0.3796'}

 38%|███▊      | 290/764 [35:29<53:21,  6.75s/it]
 38%|███▊      | 291/764 [35:35<52:12,  6.62s/it]
 38%|███▊      | 292/764 [35:41<51:00,  6.48s/it]
 38%|███▊      | 293/764 [35:48<52:44,  6.72s/it]
 38%|███▊      | 294/764 [35:55<53:08,  6.78s/it]
 39%|███▊      | 295/764 [36:02<52:07,  6.67s/it]
 39%|███▊      | 296/764 [36:09<52:18,  6.71s/it]
 39%|███▉      | 297/764 [36:15<52:16,  6.72s/it]
 39%|███▉      | 298/764 [36:22<53:00,  6.82s/it]
 39%|███▉      | 299/764 [36:30<54:04,  6.98s/it]
 39%|███▉      | 300/764 [36:36<52:34,  6.80s/it]
                                                 
{'loss': '0.1246', 'grad_norm': '1.668', 'learning_rate': '3.475e-07', 'entropy': '0.296', 'num_tokens': '8.158e+06', 'logits/chosen': '-0.6292', 'logits/rejected': '-1.888', 'mean_token_accuracy': '0.6274', 'rewards/chosen': '2.487', 'rewards/rejected': '0.001577', 'rewards/accuracies': '1', 'rewards/margins': '2.486', 'logps/chosen': '-78.17', 'logps/rejected': '-10.48', 'epoch': '0.3927'}

 39%|███▉      | 300/764 [36:36<52:34,  6.80s/it]

  0%|          | 0/117 [00:00<?, ?it/s][A

  2%|▏         | 2/117 [00:00<00:42,  2.73it/s][A

  3%|▎         | 3/117 [00:01<01:00,  1.87it/s][A

  3%|▎         | 4/117 [00:02<01:08,  1.64it/s][A

  4%|▍         | 5/117 [00:02<01:12,  1.55it/s][A

  5%|▌         | 6/117 [00:03<01:12,  1.52it/s][A

  6%|▌         | 7/117 [00:04<01:12,  1.52it/s][A

  7%|▋         | 8/117 [00:04<01:12,  1.50it/s][A

  8%|▊         | 9/117 [00:05<01:14,  1.45it/s][A

  9%|▊         | 10/117 [00:06<01:14,  1.44it/s][A

  9%|▉         | 11/117 [00:07<01:13,  1.44it/s][A

 10%|█         | 12/117 [00:07<01:13,  1.42it/s][A

 11%|█         | 13/117 [00:08<01:12,  1.43it/s][A

 12%|█▏        | 14/117 [00:09<01:12,  1.41it/s][A

 13%|█▎        | 15/117 [00:09<01:09,  1.46it/s][A

 14%|█▎        | 16/117 [00:10<01:10,  1.43it/s][A

 15%|█▍        | 17/117 [00:11<01:09,  1.44it/s][A

 15%|█▌        | 18/117 [00:12<01:10,  1.40it/s][A

 16%|█▌        | 19/117 [00:12<01:14,  1.32it/s][A

 17%|█▋        | 20/117 [00:13<01:13,  1.32it/s][A

 18%|█▊        | 21/117 [00:14<01:11,  1.34it/s][A

 19%|█▉        | 22/117 [00:15<01:10,  1.34it/s][A

 20%|█▉        | 23/117 [00:15<01:09,  1.36it/s][A

 21%|██        | 24/117 [00:16<01:06,  1.41it/s][A

 21%|██▏       | 25/117 [00:17<01:04,  1.43it/s][A

 22%|██▏       | 26/117 [00:17<01:05,  1.38it/s][A

 23%|██▎       | 27/117 [00:18<01:03,  1.41it/s][A

 24%|██▍       | 28/117 [00:19<01:02,  1.43it/s][A

 25%|██▍       | 29/117 [00:20<01:01,  1.44it/s][A

 26%|██▌       | 30/117 [00:20<01:01,  1.42it/s][A

 26%|██▋       | 31/117 [00:21<01:01,  1.40it/s][A

 27%|██▋       | 32/117 [00:22<01:01,  1.38it/s][A

 28%|██▊       | 33/117 [00:22<01:01,  1.37it/s][A

 29%|██▉       | 34/117 [00:23<01:00,  1.38it/s][A

 30%|██▉       | 35/117 [00:24<00:59,  1.39it/s][A

 31%|███       | 36/117 [00:25<01:00,  1.35it/s][A

 32%|███▏      | 37/117 [00:25<00:58,  1.36it/s][A

 32%|███▏      | 38/117 [00:26<00:56,  1.39it/s][A

 33%|███▎      | 39/117 [00:27<00:55,  1.39it/s][A

 34%|███▍      | 40/117 [00:28<00:58,  1.32it/s][A

 35%|███▌      | 41/117 [00:28<00:55,  1.36it/s][A

 36%|███▌      | 42/117 [00:29<00:58,  1.29it/s][A

 37%|███▋      | 43/117 [00:30<00:56,  1.30it/s][A

 38%|███▊      | 44/117 [00:31<00:54,  1.35it/s][A

 38%|███▊      | 45/117 [00:31<00:52,  1.36it/s][A

 39%|███▉      | 46/117 [00:32<00:52,  1.34it/s][A

 40%|████      | 47/117 [00:33<00:50,  1.38it/s][A

 41%|████      | 48/117 [00:34<00:51,  1.35it/s][A

 42%|████▏     | 49/117 [00:34<00:49,  1.39it/s][A

 43%|████▎     | 50/117 [00:35<00:47,  1.41it/s][A

 44%|████▎     | 51/117 [00:36<00:46,  1.43it/s][A

 44%|████▍     | 52/117 [00:36<00:46,  1.41it/s][A

 45%|████▌     | 53/117 [00:37<00:44,  1.43it/s][A

 46%|████▌     | 54/117 [00:38<00:43,  1.44it/s][A

 47%|████▋     | 55/117 [00:38<00:43,  1.42it/s][A

 48%|████▊     | 56/117 [00:39<00:42,  1.43it/s][A

 49%|████▊     | 57/117 [00:40<00:41,  1.44it/s][A

 50%|████▉     | 58/117 [00:41<00:41,  1.43it/s][A

 50%|█████     | 59/117 [00:41<00:40,  1.42it/s][A

 51%|█████▏    | 60/117 [00:42<00:40,  1.42it/s][A

 52%|█████▏    | 61/117 [00:43<00:40,  1.39it/s][A

 53%|█████▎    | 62/117 [00:43<00:39,  1.40it/s][A

 54%|█████▍    | 63/117 [00:44<00:39,  1.36it/s][A

 55%|█████▍    | 64/117 [00:45<00:38,  1.36it/s][A

 56%|█████▌    | 65/117 [00:46<00:36,  1.41it/s][A

 56%|█████▋    | 66/117 [00:46<00:36,  1.41it/s][A

 57%|█████▋    | 67/117 [00:47<00:36,  1.39it/s][A

 58%|█████▊    | 68/117 [00:48<00:34,  1.42it/s][A

 59%|█████▉    | 69/117 [00:48<00:34,  1.40it/s][A

 60%|█████▉    | 70/117 [00:49<00:32,  1.43it/s][A

 61%|██████    | 71/117 [00:50<00:31,  1.44it/s][A

 62%|██████▏   | 72/117 [00:50<00:31,  1.44it/s][A

 62%|██████▏   | 73/117 [00:51<00:30,  1.45it/s][A

 63%|██████▎   | 74/117 [00:52<00:29,  1.45it/s][A

 64%|██████▍   | 75/117 [00:53<00:29,  1.44it/s][A

 65%|██████▍   | 76/117 [00:53<00:28,  1.44it/s][A

 66%|██████▌   | 77/117 [00:54<00:27,  1.45it/s][A

 67%|██████▋   | 78/117 [00:55<00:26,  1.46it/s][A

 68%|██████▊   | 79/117 [00:55<00:26,  1.42it/s][A

 68%|██████▊   | 80/117 [00:56<00:26,  1.42it/s][A

 69%|██████▉   | 81/117 [00:57<00:24,  1.45it/s][A

 70%|███████   | 82/117 [00:57<00:23,  1.47it/s][A

 71%|███████   | 83/117 [00:58<00:22,  1.49it/s][A

 72%|███████▏  | 84/117 [00:59<00:22,  1.46it/s][A

 73%|███████▎  | 85/117 [00:59<00:22,  1.44it/s][A

 74%|███████▎  | 86/117 [01:00<00:21,  1.44it/s][A

 74%|███████▍  | 87/117 [01:01<00:21,  1.41it/s][A

 75%|███████▌  | 88/117 [01:02<00:20,  1.41it/s][A

 76%|███████▌  | 89/117 [01:02<00:20,  1.38it/s][A

 77%|███████▋  | 90/117 [01:03<00:19,  1.42it/s][A

 78%|███████▊  | 91/117 [01:04<00:18,  1.39it/s][A

 79%|███████▊  | 92/117 [01:04<00:17,  1.39it/s][A

 79%|███████▉  | 93/117 [01:05<00:17,  1.38it/s][A

 80%|████████  | 94/117 [01:06<00:16,  1.37it/s][A

 81%|████████  | 95/117 [01:07<00:15,  1.40it/s][A

 82%|████████▏ | 96/117 [01:07<00:15,  1.36it/s][A

 83%|████████▎ | 97/117 [01:08<00:14,  1.38it/s][A

 84%|████████▍ | 98/117 [01:09<00:13,  1.37it/s][A

 85%|████████▍ | 99/117 [01:10<00:12,  1.41it/s][A

 85%|████████▌ | 100/117 [01:10<00:12,  1.39it/s][A

 86%|████████▋ | 101/117 [01:11<00:11,  1.42it/s][A

 87%|████████▋ | 102/117 [01:12<00:10,  1.39it/s][A

 88%|████████▊ | 103/117 [01:12<00:10,  1.39it/s][A

 89%|████████▉ | 104/117 [01:13<00:09,  1.32it/s][A

 90%|████████▉ | 105/117 [01:14<00:08,  1.36it/s][A

 91%|█████████ | 106/117 [01:15<00:07,  1.40it/s][A

 91%|█████████▏| 107/117 [01:15<00:07,  1.38it/s][A

 92%|█████████▏| 108/117 [01:16<00:06,  1.39it/s][A

 93%|█████████▎| 109/117 [01:17<00:05,  1.42it/s][A

 94%|█████████▍| 110/117 [01:17<00:04,  1.43it/s][A

 95%|█████████▍| 111/117 [01:18<00:04,  1.38it/s][A

 96%|█████████▌| 112/117 [01:19<00:03,  1.42it/s][A

 97%|█████████▋| 113/117 [01:20<00:02,  1.41it/s][A

 97%|█████████▋| 114/117 [01:20<00:02,  1.44it/s][A

 98%|█████████▊| 115/117 [01:21<00:01,  1.43it/s][A

 99%|█████████▉| 116/117 [01:22<00:00,  1.38it/s][A

100%|██████████| 117/117 [01:22<00:00,  1.36it/s][A
                                                 

                                                 
[A{'eval_loss': '0.127', 'eval_runtime': '83.77', 'eval_samples_per_second': '2.794', 'eval_steps_per_second': '1.397', 'eval_entropy': '0.3021', 'eval_num_tokens': '8.158e+06', 'eval_logits/chosen': '-0.6193', 'eval_logits/rejected': '-1.777', 'eval_mean_token_accuracy': '0.6404', 'eval_rewards/chosen': '2.474', 'eval_rewards/rejected': '-0.006347', 'eval_rewards/accuracies': '1', 'eval_rewards/margins': '2.48', 'eval_logps/chosen': '-73.92', 'eval_logps/rejected': '-7.917', 'epoch': '0.3927'}

 39%|███▉      | 300/764 [38:00<52:34,  6.80s/it]

100%|██████████| 117/117 [01:22<00:00,  1.36it/s][A

                                                 [A
 39%|███▉      | 301/764 [38:10<4:14:04, 32.93s/it]
 40%|███▉      | 302/764 [38:18<3:14:43, 25.29s/it]
 40%|███▉      | 303/764 [38:25<2:32:32, 19.85s/it]
 40%|███▉      | 304/764 [38:31<2:01:25, 15.84s/it]
 40%|███▉      | 305/764 [38:38<1:39:53, 13.06s/it]
 40%|████      | 306/764 [38:44<1:24:21, 11.05s/it]
 40%|████      | 307/764 [38:52<1:17:45, 10.21s/it]
 40%|████      | 308/764 [38:59<1:10:08,  9.23s/it]
 40%|████      | 309/764 [39:06<1:04:11,  8.46s/it]
 41%|████      | 310/764 [39:13<1:00:25,  7.99s/it]
                                                   
{'loss': '0.1015', 'grad_norm': '1.793', 'learning_rate': '3.377e-07', 'entropy': '0.2912', 'num_tokens': '8.434e+06', 'logits/chosen': '-0.6852', 'logits/rejected': '-1.854', 'mean_token_accuracy': '0.6411', 'rewards/chosen': '2.766', 'rewards/rejected': '-0.008487', 'rewards/accuracies': '1', 'rewards/margins': '2.774', 'logps/chosen': '-75.71', 'logps/rejected': '-8.015', 'epoch': '0.4058'}

 41%|████      | 310/764 [39:13<1:00:25,  7.99s/it]
 41%|████      | 311/764 [39:20<58:10,  7.71s/it]  
 41%|████      | 312/764 [39:27<56:42,  7.53s/it]
 41%|████      | 313/764 [39:34<54:51,  7.30s/it]
 41%|████      | 314/764 [39:40<53:09,  7.09s/it]
 41%|████      | 315/764 [39:48<53:11,  7.11s/it]
 41%|████▏     | 316/764 [39:54<51:23,  6.88s/it]
 41%|████▏     | 317/764 [40:01<51:21,  6.89s/it]
 42%|████▏     | 318/764 [40:07<50:34,  6.80s/it]
 42%|████▏     | 319/764 [40:14<50:14,  6.77s/it]
 42%|████▏     | 320/764 [40:21<50:59,  6.89s/it]
                                                 
{'loss': '0.1275', 'grad_norm': '2.303', 'learning_rate': '3.277e-07', 'entropy': '0.3113', 'num_tokens': '8.706e+06', 'logits/chosen': '-0.5787', 'logits/rejected': '-1.709', 'mean_token_accuracy': '0.643', 'rewards/chosen': '2.526', 'rewards/rejected': '-0.01158', 'rewards/accuracies': '1', 'rewards/margins': '2.538', 'logps/chosen': '-69.87', 'logps/rejected': '-6.495', 'epoch': '0.4188'}

 42%|████▏     | 320/764 [40:21<50:59,  6.89s/it]
 42%|████▏     | 321/764 [40:28<51:39,  7.00s/it]
 42%|████▏     | 322/764 [40:35<51:10,  6.95s/it]
 42%|████▏     | 323/764 [40:42<50:08,  6.82s/it]
 42%|████▏     | 324/764 [40:49<50:33,  6.89s/it]
 43%|████▎     | 325/764 [40:56<50:31,  6.91s/it]
 43%|████▎     | 326/764 [41:03<50:44,  6.95s/it]
 43%|████▎     | 327/764 [41:10<50:04,  6.88s/it]
 43%|████▎     | 328/764 [41:16<49:49,  6.86s/it]
 43%|████▎     | 329/764 [41:24<50:17,  6.94s/it]
 43%|████▎     | 330/764 [41:31<50:53,  7.04s/it]
                                                 
{'loss': '0.1042', 'grad_norm': '1.395', 'learning_rate': '3.175e-07', 'entropy': '0.291', 'num_tokens': '8.983e+06', 'logits/chosen': '-0.5794', 'logits/rejected': '-1.873', 'mean_token_accuracy': '0.6547', 'rewards/chosen': '2.746', 'rewards/rejected': '-0.0074', 'rewards/accuracies': '1', 'rewards/margins': '2.754', 'logps/chosen': '-70.07', 'logps/rejected': '-7.272', 'epoch': '0.4319'}

 43%|████▎     | 330/764 [41:31<50:53,  7.04s/it]
 43%|████▎     | 331/764 [41:38<50:18,  6.97s/it]
 43%|████▎     | 332/764 [41:44<49:18,  6.85s/it]
 44%|████▎     | 333/764 [41:52<50:14,  6.99s/it]
 44%|████▎     | 334/764 [41:58<49:54,  6.96s/it]
 44%|████▍     | 335/764 [42:05<49:32,  6.93s/it]
 44%|████▍     | 336/764 [42:12<48:46,  6.84s/it]
 44%|████▍     | 337/764 [42:19<48:29,  6.81s/it]
 44%|████▍     | 338/764 [42:26<49:44,  7.01s/it]
 44%|████▍     | 339/764 [42:33<49:40,  7.01s/it]
 45%|████▍     | 340/764 [42:40<48:29,  6.86s/it]
                                                 
{'loss': '0.08762', 'grad_norm': '0.9329', 'learning_rate': '3.073e-07', 'entropy': '0.3235', 'num_tokens': '9.256e+06', 'logits/chosen': '-0.56', 'logits/rejected': '-1.72', 'mean_token_accuracy': '0.638', 'rewards/chosen': '2.952', 'rewards/rejected': '-0.0179', 'rewards/accuracies': '1', 'rewards/margins': '2.97', 'logps/chosen': '-73.05', 'logps/rejected': '-7.599', 'epoch': '0.445'}

 45%|████▍     | 340/764 [42:40<48:29,  6.86s/it]
 45%|████▍     | 341/764 [42:46<48:14,  6.84s/it]
 45%|████▍     | 342/764 [42:53<47:23,  6.74s/it]
 45%|████▍     | 343/764 [43:00<48:14,  6.88s/it]
 45%|████▌     | 344/764 [43:07<48:21,  6.91s/it]
 45%|████▌     | 345/764 [43:14<47:34,  6.81s/it]
 45%|████▌     | 346/764 [43:21<47:38,  6.84s/it]
 45%|████▌     | 347/764 [43:28<48:02,  6.91s/it]
 46%|████▌     | 348/764 [43:35<48:03,  6.93s/it]
 46%|████▌     | 349/764 [43:41<47:10,  6.82s/it]
 46%|████▌     | 350/764 [43:48<47:29,  6.88s/it]
                                                 
{'loss': '0.1069', 'grad_norm': '2.83', 'learning_rate': '2.969e-07', 'entropy': '0.3032', 'num_tokens': '9.529e+06', 'logits/chosen': '-0.5477', 'logits/rejected': '-1.678', 'mean_token_accuracy': '0.6576', 'rewards/chosen': '2.778', 'rewards/rejected': '-0.003751', 'rewards/accuracies': '1', 'rewards/margins': '2.782', 'logps/chosen': '-65.37', 'logps/rejected': '-7.635', 'epoch': '0.4581'}

 46%|████▌     | 350/764 [43:48<47:29,  6.88s/it]
 46%|████▌     | 351/764 [43:55<46:58,  6.83s/it]
 46%|████▌     | 352/764 [44:02<47:07,  6.86s/it]
 46%|████▌     | 353/764 [44:09<47:34,  6.94s/it]
 46%|████▋     | 354/764 [44:16<46:36,  6.82s/it]
 46%|████▋     | 355/764 [44:22<46:11,  6.78s/it]
 47%|████▋     | 356/764 [44:29<45:45,  6.73s/it]
 47%|████▋     | 357/764 [44:36<47:04,  6.94s/it]
 47%|████▋     | 358/764 [44:43<46:45,  6.91s/it]
 47%|████▋     | 359/764 [44:50<46:33,  6.90s/it]
 47%|████▋     | 360/764 [44:57<46:25,  6.90s/it]
                                                 
{'loss': '0.07115', 'grad_norm': '1.391', 'learning_rate': '2.864e-07', 'entropy': '0.2927', 'num_tokens': '9.802e+06', 'logits/chosen': '-0.5472', 'logits/rejected': '-1.743', 'mean_token_accuracy': '0.6569', 'rewards/chosen': '3.25', 'rewards/rejected': '-0.00741', 'rewards/accuracies': '1', 'rewards/margins': '3.257', 'logps/chosen': '-68.94', 'logps/rejected': '-7.05', 'epoch': '0.4712'}

 47%|████▋     | 360/764 [44:57<46:25,  6.90s/it]
 47%|████▋     | 361/764 [45:03<45:37,  6.79s/it]
 47%|████▋     | 362/764 [45:11<46:33,  6.95s/it]
 48%|████▊     | 363/764 [45:17<44:57,  6.73s/it]
 48%|████▊     | 364/764 [45:24<44:47,  6.72s/it]
 48%|████▊     | 365/764 [45:30<44:05,  6.63s/it]
 48%|████▊     | 366/764 [45:37<44:33,  6.72s/it]
 48%|████▊     | 367/764 [45:44<45:39,  6.90s/it]
 48%|████▊     | 368/764 [45:51<45:02,  6.82s/it]
 48%|████▊     | 369/764 [45:58<44:43,  6.79s/it]
 48%|████▊     | 370/764 [46:04<43:55,  6.69s/it]
                                                 
{'loss': '0.08374', 'grad_norm': '1.065', 'learning_rate': '2.759e-07', 'entropy': '0.2903', 'num_tokens': '1.007e+07', 'logits/chosen': '-0.5542', 'logits/rejected': '-1.718', 'mean_token_accuracy': '0.6762', 'rewards/chosen': '3.062', 'rewards/rejected': '-0.007247', 'rewards/accuracies': '1', 'rewards/margins': '3.07', 'logps/chosen': '-62.97', 'logps/rejected': '-10.15', 'epoch': '0.4843'}

 48%|████▊     | 370/764 [46:04<43:55,  6.69s/it]
 49%|████▊     | 371/764 [46:12<45:58,  7.02s/it]
 49%|████▊     | 372/764 [46:18<44:37,  6.83s/it]
 49%|████▉     | 373/764 [46:25<44:02,  6.76s/it]
 49%|████▉     | 374/764 [46:32<43:56,  6.76s/it]
 49%|████▉     | 375/764 [46:39<45:49,  7.07s/it]
 49%|████▉     | 376/764 [46:47<45:57,  7.11s/it]
 49%|████▉     | 377/764 [46:53<44:42,  6.93s/it]
 49%|████▉     | 378/764 [47:00<43:32,  6.77s/it]
 50%|████▉     | 379/764 [47:06<42:23,  6.61s/it]
 50%|████▉     | 380/764 [47:14<44:55,  7.02s/it]
                                                 
{'loss': '0.07275', 'grad_norm': '1.402', 'learning_rate': '2.654e-07', 'entropy': '0.2962', 'num_tokens': '1.035e+07', 'logits/chosen': '-0.5272', 'logits/rejected': '-1.686', 'mean_token_accuracy': '0.6624', 'rewards/chosen': '3.263', 'rewards/rejected': '-0.03008', 'rewards/accuracies': '1', 'rewards/margins': '3.293', 'logps/chosen': '-62.94', 'logps/rejected': '-5.632', 'epoch': '0.4974'}

 50%|████▉     | 380/764 [47:14<44:55,  7.02s/it]
 50%|████▉     | 381/764 [47:20<43:37,  6.83s/it]
 50%|█████     | 382/764 [47:27<43:50,  6.89s/it]
 50%|█████     | 383/764 [47:34<43:20,  6.83s/it]
 50%|█████     | 384/764 [47:41<43:56,  6.94s/it]
 50%|█████     | 385/764 [47:48<44:32,  7.05s/it]
 51%|█████     | 386/764 [47:55<43:42,  6.94s/it]
 51%|█████     | 387/764 [48:02<42:57,  6.84s/it]
 51%|█████     | 388/764 [48:08<42:14,  6.74s/it]
 51%|█████     | 389/764 [48:15<42:39,  6.83s/it]
 51%|█████     | 390/764 [48:22<43:04,  6.91s/it]
                                                 
{'loss': '0.05541', 'grad_norm': '0.836', 'learning_rate': '2.548e-07', 'entropy': '0.3009', 'num_tokens': '1.062e+07', 'logits/chosen': '-0.5963', 'logits/rejected': '-1.824', 'mean_token_accuracy': '0.6699', 'rewards/chosen': '3.54', 'rewards/rejected': '-0.02647', 'rewards/accuracies': '1', 'rewards/margins': '3.566', 'logps/chosen': '-65.42', 'logps/rejected': '-10.6', 'epoch': '0.5105'}

 51%|█████     | 390/764 [48:22<43:04,  6.91s/it]
 51%|█████     | 391/764 [48:29<42:39,  6.86s/it]
 51%|█████▏    | 392/764 [48:36<42:24,  6.84s/it]
 51%|█████▏    | 393/764 [48:43<43:08,  6.98s/it]
 52%|█████▏    | 394/764 [48:51<43:45,  7.10s/it]
 52%|█████▏    | 395/764 [48:57<43:14,  7.03s/it]
 52%|█████▏    | 396/764 [49:04<42:57,  7.01s/it]
 52%|█████▏    | 397/764 [49:11<42:10,  6.90s/it]
 52%|█████▏    | 398/764 [49:18<42:17,  6.93s/it]
 52%|█████▏    | 399/764 [49:26<43:32,  7.16s/it]
 52%|█████▏    | 400/764 [49:32<42:46,  7.05s/it]
                                                 
{'loss': '0.05093', 'grad_norm': '1.859', 'learning_rate': '2.442e-07', 'entropy': '0.2998', 'num_tokens': '1.089e+07', 'logits/chosen': '-0.5112', 'logits/rejected': '-1.869', 'mean_token_accuracy': '0.6644', 'rewards/chosen': '3.587', 'rewards/rejected': '-0.01816', 'rewards/accuracies': '1', 'rewards/margins': '3.605', 'logps/chosen': '-66.11', 'logps/rejected': '-10.14', 'epoch': '0.5236'}

 52%|█████▏    | 400/764 [49:32<42:46,  7.05s/it]

  0%|          | 0/117 [00:00<?, ?it/s][A

  2%|▏         | 2/117 [00:00<00:42,  2.72it/s][A

  3%|▎         | 3/117 [00:01<00:59,  1.91it/s][A

  3%|▎         | 4/117 [00:02<01:07,  1.68it/s][A

  4%|▍         | 5/117 [00:02<01:11,  1.57it/s][A

  5%|▌         | 6/117 [00:03<01:16,  1.46it/s][A

  6%|▌         | 7/117 [00:04<01:14,  1.48it/s][A

  7%|▋         | 8/117 [00:05<01:13,  1.47it/s][A

  8%|▊         | 9/117 [00:05<01:15,  1.43it/s][A

  9%|▊         | 10/117 [00:06<01:15,  1.42it/s][A

  9%|▉         | 11/117 [00:07<01:13,  1.43it/s][A

 10%|█         | 12/117 [00:07<01:13,  1.42it/s][A

 11%|█         | 13/117 [00:08<01:16,  1.36it/s][A

 12%|█▏        | 14/117 [00:09<01:16,  1.35it/s][A

 13%|█▎        | 15/117 [00:10<01:12,  1.41it/s][A

 14%|█▎        | 16/117 [00:10<01:12,  1.40it/s][A

 15%|█▍        | 17/117 [00:11<01:10,  1.42it/s][A

 15%|█▌        | 18/117 [00:12<01:11,  1.38it/s][A

 16%|█▌        | 19/117 [00:13<01:11,  1.37it/s][A

 17%|█▋        | 20/117 [00:13<01:11,  1.35it/s][A

 18%|█▊        | 21/117 [00:14<01:10,  1.36it/s][A

 19%|█▉        | 22/117 [00:15<01:10,  1.35it/s][A

 20%|█▉        | 23/117 [00:15<01:08,  1.37it/s][A

 21%|██        | 24/117 [00:16<01:06,  1.41it/s][A

 21%|██▏       | 25/117 [00:17<01:04,  1.43it/s][A

 22%|██▏       | 26/117 [00:18<01:05,  1.38it/s][A

 23%|██▎       | 27/117 [00:18<01:04,  1.41it/s][A

 24%|██▍       | 28/117 [00:19<01:03,  1.40it/s][A

 25%|██▍       | 29/117 [00:20<01:04,  1.36it/s][A

 26%|██▌       | 30/117 [00:20<01:03,  1.38it/s][A

 26%|██▋       | 31/117 [00:21<01:01,  1.40it/s][A

 27%|██▋       | 32/117 [00:22<01:01,  1.38it/s][A

 28%|██▊       | 33/117 [00:23<01:01,  1.37it/s][A

 29%|██▉       | 34/117 [00:23<01:00,  1.38it/s][A

 30%|██▉       | 35/117 [00:24<00:59,  1.39it/s][A

 31%|███       | 36/117 [00:25<01:00,  1.34it/s][A

 32%|███▏      | 37/117 [00:26<00:58,  1.36it/s][A

 32%|███▏      | 38/117 [00:26<00:59,  1.33it/s][A

 33%|███▎      | 39/117 [00:27<00:58,  1.34it/s][A

 34%|███▍      | 40/117 [00:28<00:57,  1.34it/s][A

 35%|███▌      | 41/117 [00:29<00:55,  1.38it/s][A

 36%|███▌      | 42/117 [00:29<00:57,  1.29it/s][A

 37%|███▋      | 43/117 [00:30<00:56,  1.30it/s][A

 38%|███▊      | 44/117 [00:31<00:54,  1.35it/s][A

 38%|███▊      | 45/117 [00:32<00:52,  1.37it/s][A

 39%|███▉      | 46/117 [00:32<00:52,  1.34it/s][A

 40%|████      | 47/117 [00:33<00:50,  1.37it/s][A

 41%|████      | 48/117 [00:34<00:51,  1.35it/s][A

 42%|████▏     | 49/117 [00:34<00:49,  1.39it/s][A

 43%|████▎     | 50/117 [00:35<00:47,  1.41it/s][A

 44%|████▎     | 51/117 [00:36<00:46,  1.43it/s][A

 44%|████▍     | 52/117 [00:37<00:46,  1.41it/s][A

 45%|████▌     | 53/117 [00:37<00:44,  1.43it/s][A

 46%|████▌     | 54/117 [00:38<00:43,  1.44it/s][A

 47%|████▋     | 55/117 [00:39<00:43,  1.42it/s][A

 48%|████▊     | 56/117 [00:39<00:42,  1.43it/s][A

 49%|████▊     | 57/117 [00:40<00:41,  1.44it/s][A

 50%|████▉     | 58/117 [00:41<00:41,  1.43it/s][A

 50%|█████     | 59/117 [00:41<00:40,  1.42it/s][A

 51%|█████▏    | 60/117 [00:42<00:40,  1.41it/s][A

 52%|█████▏    | 61/117 [00:43<00:40,  1.39it/s][A

 53%|█████▎    | 62/117 [00:44<00:41,  1.33it/s][A

 54%|█████▍    | 63/117 [00:44<00:40,  1.34it/s][A

 55%|█████▍    | 64/117 [00:45<00:39,  1.34it/s][A

 56%|█████▌    | 65/117 [00:46<00:37,  1.39it/s][A

 56%|█████▋    | 66/117 [00:47<00:36,  1.39it/s][A

 57%|█████▋    | 67/117 [00:47<00:36,  1.38it/s][A

 58%|█████▊    | 68/117 [00:48<00:34,  1.42it/s][A

 59%|█████▉    | 69/117 [00:49<00:36,  1.33it/s][A

 60%|█████▉    | 70/117 [00:50<00:34,  1.36it/s][A

 61%|██████    | 71/117 [00:50<00:33,  1.39it/s][A

 62%|██████▏   | 72/117 [00:51<00:31,  1.41it/s][A

 62%|██████▏   | 73/117 [00:52<00:30,  1.43it/s][A

 63%|██████▎   | 74/117 [00:52<00:29,  1.44it/s][A

 64%|██████▍   | 75/117 [00:53<00:29,  1.42it/s][A

 65%|██████▍   | 76/117 [00:54<00:28,  1.43it/s][A

 66%|██████▌   | 77/117 [00:54<00:27,  1.44it/s][A

 67%|██████▋   | 78/117 [00:55<00:26,  1.45it/s][A

 68%|██████▊   | 79/117 [00:56<00:26,  1.42it/s][A

 68%|██████▊   | 80/117 [00:56<00:25,  1.43it/s][A

 69%|██████▉   | 81/117 [00:57<00:24,  1.46it/s][A

 70%|███████   | 82/117 [00:58<00:23,  1.47it/s][A

 71%|███████   | 83/117 [00:59<00:23,  1.45it/s][A

 72%|███████▏  | 84/117 [00:59<00:23,  1.41it/s][A

 73%|███████▎  | 85/117 [01:00<00:22,  1.41it/s][A

 74%|███████▎  | 86/117 [01:01<00:21,  1.43it/s][A

 74%|███████▍  | 87/117 [01:01<00:21,  1.40it/s][A

 75%|███████▌  | 88/117 [01:02<00:20,  1.40it/s][A

 76%|███████▌  | 89/117 [01:03<00:20,  1.38it/s][A

 77%|███████▋  | 90/117 [01:04<00:19,  1.41it/s][A

 78%|███████▊  | 91/117 [01:04<00:18,  1.39it/s][A

 79%|███████▊  | 92/117 [01:05<00:17,  1.43it/s][A

 79%|███████▉  | 93/117 [01:06<00:17,  1.40it/s][A

 80%|████████  | 94/117 [01:06<00:16,  1.39it/s][A

 81%|████████  | 95/117 [01:07<00:15,  1.41it/s][A

 82%|████████▏ | 96/117 [01:08<00:15,  1.37it/s][A

 83%|████████▎ | 97/117 [01:09<00:14,  1.37it/s][A

 84%|████████▍ | 98/117 [01:09<00:14,  1.35it/s][A

 85%|████████▍ | 99/117 [01:10<00:12,  1.40it/s][A

 85%|████████▌ | 100/117 [01:11<00:12,  1.38it/s][A

 86%|████████▋ | 101/117 [01:11<00:11,  1.42it/s][A

 87%|████████▋ | 102/117 [01:12<00:10,  1.39it/s][A

 88%|████████▊ | 103/117 [01:13<00:10,  1.40it/s][A

 89%|████████▉ | 104/117 [01:14<00:09,  1.32it/s][A

 90%|████████▉ | 105/117 [01:14<00:08,  1.35it/s][A

 91%|█████████ | 106/117 [01:15<00:08,  1.35it/s][A

 91%|█████████▏| 107/117 [01:16<00:07,  1.35it/s][A

 92%|█████████▏| 108/117 [01:17<00:06,  1.38it/s][A

 93%|█████████▎| 109/117 [01:17<00:05,  1.42it/s][A

 94%|█████████▍| 110/117 [01:18<00:04,  1.43it/s][A

 95%|█████████▍| 111/117 [01:19<00:04,  1.37it/s][A

 96%|█████████▌| 112/117 [01:19<00:03,  1.41it/s][A

 97%|█████████▋| 113/117 [01:20<00:02,  1.41it/s][A

 97%|█████████▋| 114/117 [01:21<00:02,  1.39it/s][A

 98%|█████████▊| 115/117 [01:22<00:01,  1.39it/s][A

 99%|█████████▉| 116/117 [01:22<00:00,  1.36it/s][A

100%|██████████| 117/117 [01:23<00:00,  1.39it/s][A
                                                 

                                                 
[A{'eval_loss': '0.06257', 'eval_runtime': '84.34', 'eval_samples_per_second': '2.774', 'eval_steps_per_second': '1.387', 'eval_entropy': '0.3117', 'eval_num_tokens': '1.089e+07', 'eval_logits/chosen': '-0.4963', 'eval_logits/rejected': '-1.715', 'eval_mean_token_accuracy': '0.6646', 'eval_rewards/chosen': '3.43', 'eval_rewards/rejected': '-0.0297', 'eval_rewards/accuracies': '1', 'eval_rewards/margins': '3.459', 'eval_logps/chosen': '-64.36', 'eval_logps/rejected': '-8.151', 'epoch': '0.5236'}

 52%|█████▏    | 400/764 [50:57<42:46,  7.05s/it]

100%|██████████| 117/117 [01:23<00:00,  1.39it/s][A

                                                 [A
 52%|█████▏    | 401/764 [51:09<3:24:56, 33.88s/it]
 53%|█████▎    | 402/764 [51:16<2:35:46, 25.82s/it]
 53%|█████▎    | 403/764 [51:23<2:02:12, 20.31s/it]
 53%|█████▎    | 404/764 [51:30<1:37:14, 16.21s/it]
 53%|█████▎    | 405/764 [51:37<1:20:05, 13.39s/it]
 53%|█████▎    | 406/764 [51:44<1:08:46, 11.53s/it]
 53%|█████▎    | 407/764 [51:51<59:45, 10.04s/it]  
 53%|█████▎    | 408/764 [51:58<54:02,  9.11s/it]
 54%|█████▎    | 409/764 [52:04<49:24,  8.35s/it]
 54%|█████▎    | 410/764 [52:12<48:00,  8.14s/it]
                                                 
{'loss': '0.04301', 'grad_norm': '1.234', 'learning_rate': '2.336e-07', 'entropy': '0.2895', 'num_tokens': '1.116e+07', 'logits/chosen': '-0.4661', 'logits/rejected': '-1.86', 'mean_token_accuracy': '0.67', 'rewards/chosen': '3.854', 'rewards/rejected': '-0.00306', 'rewards/accuracies': '1', 'rewards/margins': '3.857', 'logps/chosen': '-66.15', 'logps/rejected': '-11.03', 'epoch': '0.5366'}

 54%|█████▎    | 410/764 [52:12<48:00,  8.14s/it]
 54%|█████▍    | 411/764 [52:18<45:18,  7.70s/it]
 54%|█████▍    | 412/764 [52:25<43:27,  7.41s/it]
 54%|█████▍    | 413/764 [52:32<42:46,  7.31s/it]
 54%|█████▍    | 414/764 [52:40<42:52,  7.35s/it]
 54%|█████▍    | 415/764 [52:46<41:42,  7.17s/it]
 54%|█████▍    | 416/764 [52:53<40:32,  6.99s/it]
 55%|█████▍    | 417/764 [53:00<40:29,  7.00s/it]
 55%|█████▍    | 418/764 [53:07<39:56,  6.93s/it]
 55%|█████▍    | 419/764 [53:14<40:06,  6.98s/it]
 55%|█████▍    | 420/764 [53:20<39:07,  6.82s/it]
                                                 
{'loss': '0.05768', 'grad_norm': '1.261', 'learning_rate': '2.23e-07', 'entropy': '0.2967', 'num_tokens': '1.144e+07', 'logits/chosen': '-0.4598', 'logits/rejected': '-1.744', 'mean_token_accuracy': '0.6738', 'rewards/chosen': '3.606', 'rewards/rejected': '-0.0183', 'rewards/accuracies': '1', 'rewards/margins': '3.624', 'logps/chosen': '-59.77', 'logps/rejected': '-8.288', 'epoch': '0.5497'}

 55%|█████▍    | 420/764 [53:20<39:07,  6.82s/it]
 55%|█████▌    | 421/764 [53:27<39:28,  6.91s/it]
 55%|█████▌    | 422/764 [53:35<39:38,  6.96s/it]
 55%|█████▌    | 423/764 [53:42<39:50,  7.01s/it]
 55%|█████▌    | 424/764 [53:48<39:08,  6.91s/it]
 56%|█████▌    | 425/764 [53:55<38:24,  6.80s/it]
 56%|█████▌    | 426/764 [54:02<38:35,  6.85s/it]
 56%|█████▌    | 427/764 [54:10<40:40,  7.24s/it]
 56%|█████▌    | 428/764 [54:17<39:27,  7.05s/it]
 56%|█████▌    | 429/764 [54:23<38:46,  6.94s/it]
 56%|█████▋    | 430/764 [54:30<38:00,  6.83s/it]
                                                 
{'loss': '0.05387', 'grad_norm': '1.768', 'learning_rate': '2.125e-07', 'entropy': '0.2809', 'num_tokens': '1.171e+07', 'logits/chosen': '-0.4967', 'logits/rejected': '-1.825', 'mean_token_accuracy': '0.6775', 'rewards/chosen': '3.592', 'rewards/rejected': '-0.02262', 'rewards/accuracies': '1', 'rewards/margins': '3.614', 'logps/chosen': '-59.84', 'logps/rejected': '-7.321', 'epoch': '0.5628'}

 56%|█████▋    | 430/764 [54:30<38:00,  6.83s/it]
 56%|█████▋    | 431/764 [54:37<38:13,  6.89s/it]
 57%|█████▋    | 432/764 [54:44<38:33,  6.97s/it]
 57%|█████▋    | 433/764 [54:51<37:52,  6.87s/it]
 57%|█████▋    | 434/764 [54:57<37:34,  6.83s/it]
 57%|█████▋    | 435/764 [55:04<37:28,  6.83s/it]
 57%|█████▋    | 436/764 [55:12<38:51,  7.11s/it]
 57%|█████▋    | 437/764 [55:19<37:51,  6.95s/it]
 57%|█████▋    | 438/764 [55:25<37:18,  6.87s/it]
 57%|█████▋    | 439/764 [55:32<36:27,  6.73s/it]
 58%|█████▊    | 440/764 [55:38<36:21,  6.73s/it]
                                                 
{'loss': '0.0412', 'grad_norm': '0.7373', 'learning_rate': '2.021e-07', 'entropy': '0.3087', 'num_tokens': '1.198e+07', 'logits/chosen': '-0.4802', 'logits/rejected': '-1.651', 'mean_token_accuracy': '0.6761', 'rewards/chosen': '3.888', 'rewards/rejected': '-0.04497', 'rewards/accuracies': '1', 'rewards/margins': '3.933', 'logps/chosen': '-65.7', 'logps/rejected': '-6.954', 'epoch': '0.5759'}

 58%|█████▊    | 440/764 [55:38<36:21,  6.73s/it]
 58%|█████▊    | 441/764 [55:46<37:24,  6.95s/it]
 58%|█████▊    | 442/764 [55:52<36:20,  6.77s/it]
 58%|█████▊    | 443/764 [55:59<35:46,  6.69s/it]
 58%|█████▊    | 444/764 [56:06<36:24,  6.83s/it]
 58%|█████▊    | 445/764 [56:13<36:03,  6.78s/it]
 58%|█████▊    | 446/764 [56:20<36:13,  6.83s/it]
 59%|█████▊    | 447/764 [56:26<35:32,  6.73s/it]
 59%|█████▊    | 448/764 [56:33<35:14,  6.69s/it]
 59%|█████▉    | 449/764 [56:40<35:34,  6.78s/it]
 59%|█████▉    | 450/764 [56:47<36:09,  6.91s/it]
                                                 
{'loss': '0.05536', 'grad_norm': '0.3996', 'learning_rate': '1.917e-07', 'entropy': '0.3103', 'num_tokens': '1.225e+07', 'logits/chosen': '-0.4572', 'logits/rejected': '-1.686', 'mean_token_accuracy': '0.6766', 'rewards/chosen': '3.75', 'rewards/rejected': '-0.0386', 'rewards/accuracies': '1', 'rewards/margins': '3.788', 'logps/chosen': '-61.79', 'logps/rejected': '-7.367', 'epoch': '0.589'}

 59%|█████▉    | 450/764 [56:47<36:09,  6.91s/it]
 59%|█████▉    | 451/764 [56:53<35:26,  6.79s/it]
 59%|█████▉    | 452/764 [57:00<34:27,  6.63s/it]
 59%|█████▉    | 453/764 [57:07<35:05,  6.77s/it]
 59%|█████▉    | 454/764 [57:14<35:34,  6.89s/it]
 60%|█████▉    | 455/764 [57:21<35:26,  6.88s/it]
 60%|█████▉    | 456/764 [57:27<34:45,  6.77s/it]
 60%|█████▉    | 457/764 [57:34<34:41,  6.78s/it]
 60%|█████▉    | 458/764 [57:41<35:38,  6.99s/it]
 60%|██████    | 459/764 [57:49<35:53,  7.06s/it]
 60%|██████    | 460/764 [57:55<35:13,  6.95s/it]
                                                 
{'loss': '0.04497', 'grad_norm': '1.097', 'learning_rate': '1.815e-07', 'entropy': '0.31', 'num_tokens': '1.252e+07', 'logits/chosen': '-0.4389', 'logits/rejected': '-1.699', 'mean_token_accuracy': '0.6627', 'rewards/chosen': '3.782', 'rewards/rejected': '-0.04856', 'rewards/accuracies': '1', 'rewards/margins': '3.831', 'logps/chosen': '-59.49', 'logps/rejected': '-6.919', 'epoch': '0.6021'}

 60%|██████    | 460/764 [57:55<35:13,  6.95s/it]
 60%|██████    | 461/764 [58:02<34:36,  6.85s/it]
 60%|██████    | 462/764 [58:09<35:04,  6.97s/it]
 61%|██████    | 463/764 [58:16<34:33,  6.89s/it]
 61%|██████    | 464/764 [58:23<35:21,  7.07s/it]
 61%|██████    | 465/764 [58:30<34:00,  6.83s/it]
 61%|██████    | 466/764 [58:36<33:37,  6.77s/it]
 61%|██████    | 467/764 [58:43<33:54,  6.85s/it]
 61%|██████▏   | 468/764 [58:51<34:35,  7.01s/it]
 61%|██████▏   | 469/764 [58:57<33:52,  6.89s/it]
 62%|██████▏   | 470/764 [59:04<33:52,  6.91s/it]
                                                 
{'loss': '0.04288', 'grad_norm': '0.4876', 'learning_rate': '1.713e-07', 'entropy': '0.3037', 'num_tokens': '1.279e+07', 'logits/chosen': '-0.4849', 'logits/rejected': '-1.732', 'mean_token_accuracy': '0.6765', 'rewards/chosen': '3.807', 'rewards/rejected': '-0.02542', 'rewards/accuracies': '1', 'rewards/margins': '3.833', 'logps/chosen': '-61.26', 'logps/rejected': '-11.64', 'epoch': '0.6152'}

 62%|██████▏   | 470/764 [59:04<33:52,  6.91s/it]
 62%|██████▏   | 471/764 [59:12<34:10,  7.00s/it]
 62%|██████▏   | 472/764 [59:18<33:15,  6.84s/it]
 62%|██████▏   | 473/764 [59:25<34:00,  7.01s/it]
 62%|██████▏   | 474/764 [59:32<33:31,  6.94s/it]
 62%|██████▏   | 475/764 [59:39<33:19,  6.92s/it]
 62%|██████▏   | 476/764 [59:46<33:48,  7.04s/it]
 62%|██████▏   | 477/764 [59:54<34:03,  7.12s/it]
 63%|██████▎   | 478/764 [1:00:00<33:25,  7.01s/it]
 63%|██████▎   | 479/764 [1:00:07<32:57,  6.94s/it]
 63%|██████▎   | 480/764 [1:00:15<33:32,  7.09s/it]
                                                   
{'loss': '0.04326', 'grad_norm': '0.321', 'learning_rate': '1.613e-07', 'entropy': '0.314', 'num_tokens': '1.307e+07', 'logits/chosen': '-0.497', 'logits/rejected': '-1.562', 'mean_token_accuracy': '0.6865', 'rewards/chosen': '3.922', 'rewards/rejected': '-0.05429', 'rewards/accuracies': '1', 'rewards/margins': '3.976', 'logps/chosen': '-60.36', 'logps/rejected': '-9.232', 'epoch': '0.6283'}

 63%|██████▎   | 480/764 [1:00:15<33:32,  7.09s/it]
 63%|██████▎   | 481/764 [1:00:21<32:52,  6.97s/it]
 63%|██████▎   | 482/764 [1:00:28<32:57,  7.01s/it]
 63%|██████▎   | 483/764 [1:00:35<31:47,  6.79s/it]
 63%|██████▎   | 484/764 [1:00:41<31:34,  6.77s/it]
 63%|██████▎   | 485/764 [1:00:48<31:43,  6.82s/it]
 64%|██████▎   | 486/764 [1:00:55<31:06,  6.71s/it]
 64%|██████▎   | 487/764 [1:01:02<31:24,  6.80s/it]
 64%|██████▍   | 488/764 [1:01:09<31:08,  6.77s/it]
 64%|██████▍   | 489/764 [1:01:16<31:36,  6.90s/it]
 64%|██████▍   | 490/764 [1:01:22<31:02,  6.80s/it]
                                                   
{'loss': '0.03991', 'grad_norm': '0.713', 'learning_rate': '1.515e-07', 'entropy': '0.3081', 'num_tokens': '1.334e+07', 'logits/chosen': '-0.4724', 'logits/rejected': '-1.834', 'mean_token_accuracy': '0.6857', 'rewards/chosen': '4.042', 'rewards/rejected': '-0.06266', 'rewards/accuracies': '1', 'rewards/margins': '4.105', 'logps/chosen': '-61.56', 'logps/rejected': '-11.31', 'epoch': '0.6414'}

 64%|██████▍   | 490/764 [1:01:22<31:02,  6.80s/it]
 64%|██████▍   | 491/764 [1:01:30<31:49,  6.99s/it]
 64%|██████▍   | 492/764 [1:01:36<30:55,  6.82s/it]
 65%|██████▍   | 493/764 [1:01:43<30:41,  6.79s/it]
 65%|██████▍   | 494/764 [1:01:50<31:00,  6.89s/it]
 65%|██████▍   | 495/764 [1:01:57<31:17,  6.98s/it]
 65%|██████▍   | 496/764 [1:02:04<30:37,  6.86s/it]
 65%|██████▌   | 497/764 [1:02:11<30:33,  6.87s/it]
 65%|██████▌   | 498/764 [1:02:18<30:51,  6.96s/it]
 65%|██████▌   | 499/764 [1:02:24<30:00,  6.79s/it]
 65%|██████▌   | 500/764 [1:02:31<30:16,  6.88s/it]
                                                   
{'loss': '0.04296', 'grad_norm': '0.5644', 'learning_rate': '1.419e-07', 'entropy': '0.295', 'num_tokens': '1.361e+07', 'logits/chosen': '-0.3951', 'logits/rejected': '-1.69', 'mean_token_accuracy': '0.6797', 'rewards/chosen': '3.97', 'rewards/rejected': '-0.02454', 'rewards/accuracies': '1', 'rewards/margins': '3.994', 'logps/chosen': '-60.4', 'logps/rejected': '-8.1', 'epoch': '0.6545'}

 65%|██████▌   | 500/764 [1:02:31<30:16,  6.88s/it]

  0%|          | 0/117 [00:00<?, ?it/s][A

  2%|▏         | 2/117 [00:00<00:42,  2.72it/s][A

  3%|▎         | 3/117 [00:01<00:59,  1.90it/s][A

  3%|▎         | 4/117 [00:02<01:07,  1.67it/s][A

  4%|▍         | 5/117 [00:02<01:11,  1.57it/s][A

  5%|▌         | 6/117 [00:03<01:15,  1.47it/s][A

  6%|▌         | 7/117 [00:04<01:14,  1.48it/s][A

  7%|▋         | 8/117 [00:05<01:13,  1.48it/s][A

  8%|▊         | 9/117 [00:05<01:15,  1.43it/s][A

  9%|▊         | 10/117 [00:06<01:15,  1.42it/s][A

  9%|▉         | 11/117 [00:07<01:14,  1.43it/s][A

 10%|█         | 12/117 [00:07<01:14,  1.42it/s][A

 11%|█         | 13/117 [00:08<01:12,  1.43it/s][A

 12%|█▏        | 14/117 [00:09<01:13,  1.41it/s][A

 13%|█▎        | 15/117 [00:10<01:14,  1.38it/s][A

 14%|█▎        | 16/117 [00:10<01:14,  1.35it/s][A

 15%|█▍        | 17/117 [00:11<01:12,  1.39it/s][A

 15%|█▌        | 18/117 [00:12<01:12,  1.36it/s][A

 16%|█▌        | 19/117 [00:13<01:12,  1.35it/s][A

 17%|█▋        | 20/117 [00:13<01:12,  1.35it/s][A

 18%|█▊        | 21/117 [00:14<01:10,  1.36it/s][A

 19%|█▉        | 22/117 [00:15<01:10,  1.34it/s][A

 20%|█▉        | 23/117 [00:15<01:09,  1.36it/s][A

 21%|██        | 24/117 [00:16<01:06,  1.40it/s][A

 21%|██▏       | 25/117 [00:17<01:04,  1.42it/s][A

 22%|██▏       | 26/117 [00:18<01:06,  1.38it/s][A

 23%|██▎       | 27/117 [00:18<01:04,  1.40it/s][A

 24%|██▍       | 28/117 [00:19<01:02,  1.42it/s][A

 25%|██▍       | 29/117 [00:20<01:01,  1.43it/s][A

 26%|██▌       | 30/117 [00:20<01:02,  1.39it/s][A

 26%|██▋       | 31/117 [00:21<01:00,  1.41it/s][A

 27%|██▋       | 32/117 [00:22<01:01,  1.39it/s][A

 28%|██▊       | 33/117 [00:23<01:01,  1.37it/s][A

 29%|██▉       | 34/117 [00:23<01:00,  1.38it/s][A

 30%|██▉       | 35/117 [00:24<00:59,  1.39it/s][A

 31%|███       | 36/117 [00:25<01:00,  1.34it/s][A

 32%|███▏      | 37/117 [00:26<00:59,  1.34it/s][A

 32%|███▏      | 38/117 [00:26<00:57,  1.37it/s][A

 33%|███▎      | 39/117 [00:27<00:56,  1.38it/s][A

 34%|███▍      | 40/117 [00:28<00:56,  1.37it/s][A

 35%|███▌      | 41/117 [00:28<00:54,  1.40it/s][A

 36%|███▌      | 42/117 [00:29<00:57,  1.31it/s][A

 37%|███▋      | 43/117 [00:30<00:56,  1.31it/s][A

 38%|███▊      | 44/117 [00:31<00:53,  1.35it/s][A

 38%|███▊      | 45/117 [00:31<00:52,  1.37it/s][A

 39%|███▉      | 46/117 [00:32<00:52,  1.34it/s][A

 40%|████      | 47/117 [00:33<00:53,  1.32it/s][A

 41%|████      | 48/117 [00:34<00:53,  1.29it/s][A

 42%|████▏     | 49/117 [00:35<00:50,  1.34it/s][A

 43%|████▎     | 50/117 [00:35<00:48,  1.38it/s][A

 44%|████▎     | 51/117 [00:36<00:47,  1.40it/s][A

 44%|████▍     | 52/117 [00:37<00:46,  1.39it/s][A

 45%|████▌     | 53/117 [00:37<00:45,  1.41it/s][A

 46%|████▌     | 54/117 [00:38<00:43,  1.44it/s][A

 47%|████▋     | 55/117 [00:39<00:43,  1.43it/s][A

 48%|████▊     | 56/117 [00:39<00:42,  1.43it/s][A

 49%|████▊     | 57/117 [00:40<00:43,  1.38it/s][A

 50%|████▉     | 58/117 [00:41<00:42,  1.39it/s][A

 50%|█████     | 59/117 [00:42<00:41,  1.39it/s][A

 51%|█████▏    | 60/117 [00:42<00:40,  1.39it/s][A

 52%|█████▏    | 61/117 [00:43<00:40,  1.37it/s][A

 53%|█████▎    | 62/117 [00:44<00:39,  1.38it/s][A

 54%|█████▍    | 63/117 [00:44<00:39,  1.37it/s][A

 55%|█████▍    | 64/117 [00:45<00:40,  1.31it/s][A

 56%|█████▌    | 65/117 [00:46<00:38,  1.35it/s][A

 56%|█████▋    | 66/117 [00:47<00:37,  1.36it/s][A

 57%|█████▋    | 67/117 [00:47<00:36,  1.36it/s][A

 58%|█████▊    | 68/117 [00:48<00:35,  1.40it/s][A

 59%|█████▉    | 69/117 [00:49<00:34,  1.38it/s][A

 60%|█████▉    | 70/117 [00:50<00:33,  1.42it/s][A

 61%|██████    | 71/117 [00:50<00:32,  1.43it/s][A

 62%|██████▏   | 72/117 [00:51<00:31,  1.44it/s][A

 62%|██████▏   | 73/117 [00:52<00:30,  1.45it/s][A

 63%|██████▎   | 74/117 [00:52<00:29,  1.45it/s][A

 64%|██████▍   | 75/117 [00:53<00:29,  1.43it/s][A

 65%|██████▍   | 76/117 [00:54<00:29,  1.40it/s][A

 66%|██████▌   | 77/117 [00:54<00:28,  1.41it/s][A

 67%|██████▋   | 78/117 [00:55<00:27,  1.42it/s][A

 68%|██████▊   | 79/117 [00:56<00:27,  1.40it/s][A

 68%|██████▊   | 80/117 [00:57<00:26,  1.42it/s][A

 69%|██████▉   | 81/117 [00:57<00:24,  1.45it/s][A

 70%|███████   | 82/117 [00:58<00:23,  1.47it/s][A

 71%|███████   | 83/117 [00:59<00:22,  1.48it/s][A

 72%|███████▏  | 84/117 [00:59<00:22,  1.44it/s][A

 73%|███████▎  | 85/117 [01:00<00:22,  1.40it/s][A

 74%|███████▎  | 86/117 [01:01<00:21,  1.41it/s][A

 74%|███████▍  | 87/117 [01:02<00:21,  1.39it/s][A

 75%|███████▌  | 88/117 [01:02<00:20,  1.39it/s][A

 76%|███████▌  | 89/117 [01:03<00:20,  1.37it/s][A

 77%|███████▋  | 90/117 [01:04<00:19,  1.41it/s][A

 78%|███████▊  | 91/117 [01:04<00:18,  1.38it/s][A

 79%|███████▊  | 92/117 [01:05<00:17,  1.43it/s][A

 79%|███████▉  | 93/117 [01:06<00:17,  1.39it/s][A

 80%|████████  | 94/117 [01:07<00:17,  1.33it/s][A

 81%|████████  | 95/117 [01:07<00:16,  1.36it/s][A

 82%|████████▏ | 96/117 [01:08<00:15,  1.34it/s][A

 83%|████████▎ | 97/117 [01:09<00:14,  1.36it/s][A

 84%|████████▍ | 98/117 [01:10<00:13,  1.36it/s][A

 85%|████████▍ | 99/117 [01:10<00:12,  1.40it/s][A

 85%|████████▌ | 100/117 [01:11<00:12,  1.38it/s][A

 86%|████████▋ | 101/117 [01:12<00:11,  1.41it/s][A

 87%|████████▋ | 102/117 [01:12<00:10,  1.37it/s][A

 88%|████████▊ | 103/117 [01:13<00:10,  1.38it/s][A

 89%|████████▉ | 104/117 [01:14<00:09,  1.31it/s][A

 90%|████████▉ | 105/117 [01:15<00:08,  1.35it/s][A

 91%|█████████ | 106/117 [01:15<00:07,  1.39it/s][A

 91%|█████████▏| 107/117 [01:16<00:07,  1.37it/s][A

 92%|█████████▏| 108/117 [01:17<00:06,  1.40it/s][A

 93%|█████████▎| 109/117 [01:17<00:05,  1.43it/s][A

 94%|█████████▍| 110/117 [01:18<00:05,  1.36it/s][A

 95%|█████████▍| 111/117 [01:19<00:04,  1.32it/s][A

 96%|█████████▌| 112/117 [01:20<00:03,  1.37it/s][A

 97%|█████████▋| 113/117 [01:20<00:02,  1.38it/s][A

 97%|█████████▋| 114/117 [01:21<00:02,  1.42it/s][A

 98%|█████████▊| 115/117 [01:22<00:01,  1.41it/s][A

 99%|█████████▉| 116/117 [01:23<00:00,  1.37it/s][A

100%|██████████| 117/117 [01:23<00:00,  1.40it/s][A
                                                   

                                                 
[A{'eval_loss': '0.04167', 'eval_runtime': '84.56', 'eval_samples_per_second': '2.767', 'eval_steps_per_second': '1.384', 'eval_entropy': '0.3162', 'eval_num_tokens': '1.361e+07', 'eval_logits/chosen': '-0.4265', 'eval_logits/rejected': '-1.677', 'eval_mean_token_accuracy': '0.6787', 'eval_rewards/chosen': '3.886', 'eval_rewards/rejected': '-0.05729', 'eval_rewards/accuracies': '1', 'eval_rewards/margins': '3.943', 'eval_logps/chosen': '-59.8', 'eval_logps/rejected': '-8.426', 'epoch': '0.6545'}

 65%|██████▌   | 500/764 [1:03:56<30:16,  6.88s/it]

100%|██████████| 117/117 [01:23<00:00,  1.40it/s][A

                                                 [A
 66%|██████▌   | 501/764 [1:04:06<2:25:47, 33.26s/it]
 66%|██████▌   | 502/764 [1:04:13<1:50:38, 25.34s/it]
 66%|██████▌   | 503/764 [1:04:20<1:26:28, 19.88s/it]
 66%|██████▌   | 504/764 [1:04:28<1:10:12, 16.20s/it]
 66%|██████▌   | 505/764 [1:04:34<57:11, 13.25s/it]  
 66%|██████▌   | 506/764 [1:04:41<48:45, 11.34s/it]
 66%|██████▋   | 507/764 [1:04:48<43:33, 10.17s/it]
 66%|██████▋   | 508/764 [1:04:55<39:20,  9.22s/it]
 67%|██████▋   | 509/764 [1:05:02<35:50,  8.43s/it]
 67%|██████▋   | 510/764 [1:05:09<34:11,  8.08s/it]
                                                   
{'loss': '0.04652', 'grad_norm': '0.7707', 'learning_rate': '1.324e-07', 'entropy': '0.3191', 'num_tokens': '1.389e+07', 'logits/chosen': '-0.4015', 'logits/rejected': '-1.458', 'mean_token_accuracy': '0.6855', 'rewards/chosen': '3.722', 'rewards/rejected': '-0.06285', 'rewards/accuracies': '1', 'rewards/margins': '3.785', 'logps/chosen': '-55.67', 'logps/rejected': '-5.839', 'epoch': '0.6675'}

 67%|██████▋   | 510/764 [1:05:09<34:11,  8.08s/it]
 67%|██████▋   | 511/764 [1:05:17<33:03,  7.84s/it]
 67%|██████▋   | 512/764 [1:05:24<32:06,  7.65s/it]
 67%|██████▋   | 513/764 [1:05:31<31:16,  7.47s/it]
 67%|██████▋   | 514/764 [1:05:38<30:05,  7.22s/it]
 67%|██████▋   | 515/764 [1:05:44<29:33,  7.12s/it]
 68%|██████▊   | 516/764 [1:05:52<30:37,  7.41s/it]
 68%|██████▊   | 517/764 [1:05:59<29:28,  7.16s/it]
 68%|██████▊   | 518/764 [1:06:05<28:19,  6.91s/it]
 68%|██████▊   | 519/764 [1:06:13<28:52,  7.07s/it]
 68%|██████▊   | 520/764 [1:06:20<28:41,  7.05s/it]
                                                   
{'loss': '0.03883', 'grad_norm': '0.8341', 'learning_rate': '1.232e-07', 'entropy': '0.3102', 'num_tokens': '1.416e+07', 'logits/chosen': '-0.3998', 'logits/rejected': '-1.634', 'mean_token_accuracy': '0.6822', 'rewards/chosen': '3.947', 'rewards/rejected': '-0.05147', 'rewards/accuracies': '1', 'rewards/margins': '3.999', 'logps/chosen': '-58.69', 'logps/rejected': '-8.751', 'epoch': '0.6806'}

 68%|██████▊   | 520/764 [1:06:20<28:41,  7.05s/it]
 68%|██████▊   | 521/764 [1:06:26<27:51,  6.88s/it]
 68%|██████▊   | 522/764 [1:06:33<27:09,  6.73s/it]
 68%|██████▊   | 523/764 [1:06:40<27:36,  6.87s/it]
 69%|██████▊   | 524/764 [1:06:46<26:50,  6.71s/it]
 69%|██████▊   | 525/764 [1:06:53<27:12,  6.83s/it]
 69%|██████▉   | 526/764 [1:07:00<26:50,  6.77s/it]
 69%|██████▉   | 527/764 [1:07:07<27:10,  6.88s/it]
 69%|██████▉   | 528/764 [1:07:14<26:45,  6.80s/it]
 69%|██████▉   | 529/764 [1:07:21<27:20,  6.98s/it]
 69%|██████▉   | 530/764 [1:07:27<26:29,  6.79s/it]
                                                   
{'loss': '0.04198', 'grad_norm': '0.943', 'learning_rate': '1.142e-07', 'entropy': '0.3089', 'num_tokens': '1.443e+07', 'logits/chosen': '-0.4299', 'logits/rejected': '-1.639', 'mean_token_accuracy': '0.6808', 'rewards/chosen': '3.916', 'rewards/rejected': '-0.0362', 'rewards/accuracies': '1', 'rewards/margins': '3.952', 'logps/chosen': '-56.79', 'logps/rejected': '-7.294', 'epoch': '0.6937'}

 69%|██████▉   | 530/764 [1:07:27<26:29,  6.79s/it]
 70%|██████▉   | 531/764 [1:07:35<26:57,  6.94s/it]
 70%|██████▉   | 532/764 [1:07:41<26:11,  6.77s/it]
 70%|██████▉   | 533/764 [1:07:49<26:45,  6.95s/it]
 70%|██████▉   | 534/764 [1:07:55<26:19,  6.87s/it]
 70%|███████   | 535/764 [1:08:03<26:58,  7.07s/it]
 70%|███████   | 536/764 [1:08:09<26:16,  6.92s/it]
 70%|███████   | 537/764 [1:08:17<26:32,  7.01s/it]
 70%|███████   | 538/764 [1:08:23<25:41,  6.82s/it]
 71%|███████   | 539/764 [1:08:31<26:43,  7.13s/it]
 71%|███████   | 540/764 [1:08:38<26:13,  7.02s/it]
                                                   
{'loss': '0.03403', 'grad_norm': '0.84', 'learning_rate': '1.054e-07', 'entropy': '0.313', 'num_tokens': '1.471e+07', 'logits/chosen': '-0.4298', 'logits/rejected': '-1.751', 'mean_token_accuracy': '0.6774', 'rewards/chosen': '4.11', 'rewards/rejected': '-0.0705', 'rewards/accuracies': '1', 'rewards/margins': '4.181', 'logps/chosen': '-59.63', 'logps/rejected': '-7.978', 'epoch': '0.7068'}

 71%|███████   | 540/764 [1:08:38<26:13,  7.02s/it]
 71%|███████   | 541/764 [1:08:45<26:42,  7.19s/it]
 71%|███████   | 542/764 [1:08:52<25:58,  7.02s/it]
 71%|███████   | 543/764 [1:08:59<25:45,  6.99s/it]
 71%|███████   | 544/764 [1:09:05<25:11,  6.87s/it]
 71%|███████▏  | 545/764 [1:09:13<25:50,  7.08s/it]
 71%|███████▏  | 546/764 [1:09:20<25:20,  6.97s/it]
 72%|███████▏  | 547/764 [1:09:27<25:20,  7.01s/it]
 72%|███████▏  | 548/764 [1:09:33<24:53,  6.91s/it]
 72%|███████▏  | 549/764 [1:09:40<24:53,  6.95s/it]
 72%|███████▏  | 550/764 [1:09:47<24:08,  6.77s/it]
                                                   
{'loss': '0.02881', 'grad_norm': '0.1971', 'learning_rate': '9.687e-08', 'entropy': '0.3091', 'num_tokens': '1.498e+07', 'logits/chosen': '-0.4655', 'logits/rejected': '-1.841', 'mean_token_accuracy': '0.687', 'rewards/chosen': '4.283', 'rewards/rejected': '-0.05223', 'rewards/accuracies': '1', 'rewards/margins': '4.335', 'logps/chosen': '-62.27', 'logps/rejected': '-9.466', 'epoch': '0.7199'}

 72%|███████▏  | 550/764 [1:09:47<24:08,  6.77s/it]
 72%|███████▏  | 551/764 [1:09:54<24:36,  6.93s/it]
 72%|███████▏  | 552/764 [1:10:01<24:02,  6.80s/it]
 72%|███████▏  | 553/764 [1:10:07<24:02,  6.84s/it]
 73%|███████▎  | 554/764 [1:10:14<23:44,  6.78s/it]
 73%|███████▎  | 555/764 [1:10:21<24:00,  6.89s/it]
 73%|███████▎  | 556/764 [1:10:28<23:31,  6.79s/it]
 73%|███████▎  | 557/764 [1:10:35<23:41,  6.87s/it]
 73%|███████▎  | 558/764 [1:10:41<23:20,  6.80s/it]
 73%|███████▎  | 559/764 [1:10:48<23:17,  6.82s/it]
 73%|███████▎  | 560/764 [1:10:55<22:41,  6.67s/it]
                                                   
{'loss': '0.04318', 'grad_norm': '0.9473', 'learning_rate': '8.863e-08', 'entropy': '0.309', 'num_tokens': '1.525e+07', 'logits/chosen': '-0.3749', 'logits/rejected': '-1.783', 'mean_token_accuracy': '0.6846', 'rewards/chosen': '3.936', 'rewards/rejected': '-0.0587', 'rewards/accuracies': '1', 'rewards/margins': '3.994', 'logps/chosen': '-57.32', 'logps/rejected': '-6.635', 'epoch': '0.733'}

 73%|███████▎  | 560/764 [1:10:55<22:41,  6.67s/it]
 73%|███████▎  | 561/764 [1:11:02<23:04,  6.82s/it]
 74%|███████▎  | 562/764 [1:11:08<22:40,  6.73s/it]
 74%|███████▎  | 563/764 [1:11:15<22:43,  6.79s/it]
 74%|███████▍  | 564/764 [1:11:22<22:22,  6.71s/it]
 74%|███████▍  | 565/764 [1:11:29<22:32,  6.80s/it]
 74%|███████▍  | 566/764 [1:11:35<22:17,  6.75s/it]